date,recorded_animal,task_condition,succ_rate,neuron_num,role,followerPercentage,selfvspartner_pullnum,self_pullnum,partner_pullnum,selfvspartner_followerPer,pull_id,ipi,path_length,net_displacement,tortuosity,mean_speed,mean_curvature,radius_of_gyration,convex_hull_volume,angle_span_net,angle_span_total,pca_var_explained_pc1,pca_var_explained_pc2,pca_var_explained_pc3
20240531,dodson,MC,0.6463414634146342,12,follower,0.6060606060606061,0.673469387755102,66.0,98.0,2.0480668756530824,0,5.9,2.6619657739471343,0.26222629985017865,10.151406534996802,0.022369460285270037,0.14577591941732132,0.19802442936485984,0.019689846420863737,0.3578059945304278,5.576228195165529,0.1605785420527881,0.14283481804136827,0.13070912903698112
20240531,dodson,MC,0.6463414634146342,12,follower,0.6060606060606061,0.673469387755102,66.0,98.0,2.0480668756530824,1,3.6,2.56462513088492,0.43786499730853884,5.8571138288036595,0.021551471688108573,0.12320033484780252,0.21713397047913438,0.02299912340723688,0.6176279750242073,4.30551429489078,0.1605785420527881,0.14283481804136827,0.13070912903698112
20240531,dodson,MC,0.6463414634146342,12,follower,0.6060606060606061,0.673469387755102,66.0,98.0,2.0480668756530824,2,2.6666666666666665,3.003972946971271,0.8018899741016068,3.746116105687387,0.025243470142615722,0.1055744639163345,0.294097571657107,0.025121299717363165,0.7959882793503702,3.6266625955018137,0.1605785420527881,0.14283481804136827,0.13070912903698112
20240531,dodson,MC,0.6463414634146342,12,follower,0.6060606060606061,0.673469387755102,66.0,98.0,2.0480668756530824,3,3.2,2.44500270586783,0.2134865856745673,11.452722887211849,0.020546241225780085,0.13562441595149605,0.19884075972886794,0.013596965896063106,1.0242078630035423,5.158547509225532,0.1605785420527881,0.14283481804136827,0.13070912903698112
20240531,dodson,MC,0.6463414634146342,12,follower,0.6060606060606061,0.673469387755102,66.0,98.0,2.0480668756530824,4,1.5333333333333334,2.998471499271541,0.8738630190937662,3.43128320315132,0.025197239489676813,0.11242734446524642,0.27248382747986594,0.020312910253318505,0.8587727762609918,3.906550260104022,0.1605785420527881,0.14283481804136827,0.13070912903698112
20240531,dodson,MC,0.6463414634146342,12,follower,0.6060606060606061,0.673469387755102,66.0,98.0,2.0480668756530824,5,3.4,3.480240411903367,0.24665904829525684,14.109518527524015,0.02924571774708712,0.09561153734433787,0.27746417695599696,0.012089771676169597,0.17771359809859055,3.4747886366284715,0.1605785420527881,0.14283481804136827,0.13070912903698112
20240531,dodson,MC,0.6463414634146342,12,follower,0.6060606060606061,0.673469387755102,66.0,98.0,2.0480668756530824,6,3.066666666666667,4.273509638433857,0.7162240965459973,5.966721392149369,0.035911845701124843,0.11651634615977566,0.3832702432533922,0.027734816072103576,0.5160285887693591,2.5504897523997023,0.1605785420527881,0.14283481804136827,0.13070912903698112
20240531,dodson,MC,0.6463414634146342,12,follower,0.6060606060606061,0.673469387755102,66.0,98.0,2.0480668756530824,7,4.133333333333334,3.2269937584881037,0.6601746840880188,4.888090737599171,0.027117594609143727,0.09541614318136696,0.3152358412383392,0.02122005869663346,0.7562767959144683,3.1270484777515586,0.1605785420527881,0.14283481804136827,0.13070912903698112
20240531,dodson,MC,0.6463414634146342,12,follower,0.6060606060606061,0.673469387755102,66.0,98.0,2.0480668756530824,8,2.2666666666666666,2.7981361614791123,0.7601134453692843,3.6812086123798267,0.023513749256126995,0.09901363746608349,0.27095541897520964,0.02221168808601349,0.9645090370890681,3.963194259447324,0.1605785420527881,0.14283481804136827,0.13070912903698112
20240531,dodson,MC,0.6463414634146342,12,follower,0.6060606060606061,0.673469387755102,66.0,98.0,2.0480668756530824,9,1.5,3.506486066464812,0.7364174102130753,4.761546940410119,0.029466269466090857,0.09653164943152898,0.3250168164761097,0.06229327555267686,0.5570315788145229,3.015315820436822,0.1605785420527881,0.14283481804136827,0.13070912903698112
20240531,dodson,MC,0.6463414634146342,12,follower,0.6060606060606061,0.673469387755102,66.0,98.0,2.0480668756530824,10,2.3,3.332218277833426,1.0060840598485596,3.3120674611771572,0.028001834267507783,0.09770623651623886,0.32870299445758916,0.024885042138880317,0.6585214001074952,3.122281625092563,0.1605785420527881,0.14283481804136827,0.13070912903698112
20240531,dodson,MC,0.6463414634146342,12,follower,0.6060606060606061,0.673469387755102,66.0,98.0,2.0480668756530824,11,4.2,3.500984966611407,0.7730379452726688,4.528865611346577,0.02942004173623031,0.10653068759095714,0.3248261342287358,0.04709299678235289,0.6886934658715756,2.972538349070764,0.1605785420527881,0.14283481804136827,0.13070912903698112
20240531,dodson,MC,0.6463414634146342,12,follower,0.6060606060606061,0.673469387755102,66.0,98.0,2.0480668756530824,12,2.3333333333333335,5.008033989220234,0.565299939905063,8.859073981259025,0.04208431923714482,0.10370324928125334,0.4384648841147873,0.07559982970523689,0.24571068276243566,2.3226780525295903,0.1605785420527881,0.14283481804136827,0.13070912903698112
20240531,dodson,MC,0.6463414634146342,12,follower,0.6060606060606061,0.673469387755102,66.0,98.0,2.0480668756530824,13,2.066666666666667,3.4376632701131697,1.0074445188042038,3.4122606316758146,0.02888792663960647,0.11412287190754927,0.3447122106521154,0.025999380647270698,0.816784949684181,2.9501643894307032,0.1605785420527881,0.14283481804136827,0.13070912903698112
20240531,dodson,MC,0.6463414634146342,12,follower,0.6060606060606061,0.673469387755102,66.0,98.0,2.0480668756530824,14,3.3666666666666667,2.55021250353033,0.4434623148747295,5.75068595005806,0.02143035717252378,0.11805832687602891,0.2340014238728291,0.011733600605759089,0.539434255232417,4.471003269158945,0.1605785420527881,0.14283481804136827,0.13070912903698112
20240531,dodson,MC,0.6463414634146342,12,follower,0.6060606060606061,0.673469387755102,66.0,98.0,2.0480668756530824,15,2.6333333333333333,2.8969199720168026,0.7702405125046717,3.7610589484531065,0.02434386531106557,0.11716409016665465,0.2598193421936668,0.024531413500394027,0.805266507169569,4.002659586408667,0.1605785420527881,0.14283481804136827,0.13070912903698112
20240531,dodson,MC,0.6463414634146342,12,follower,0.6060606060606061,0.673469387755102,66.0,98.0,2.0480668756530824,16,3.7,3.9449425198040955,0.18474315389867763,21.353660130581613,0.03315077747734534,0.10016846934138443,0.3037378847363829,0.02506098227494025,0.12108875322965416,3.2374980558956916,0.1605785420527881,0.14283481804136827,0.13070912903698112
20240531,dodson,MC,0.6463414634146342,12,follower,0.6060606060606061,0.673469387755102,66.0,98.0,2.0480668756530824,17,3.5,3.3249633891440795,0.45795904186655717,7.260394675454245,0.027940868816336804,0.10864290816904258,0.284326959530895,0.036947016603102546,0.5203909067904172,3.3900120200158477,0.1605785420527881,0.14283481804136827,0.13070912903698112
20240531,dodson,MC,0.6463414634146342,12,follower,0.6060606060606061,0.673469387755102,66.0,98.0,2.0480668756530824,18,2.9,3.5627870320195427,1.101258108522423,3.2351970936221264,0.029939386823693636,0.10232104042842753,0.3613978999896315,0.02230746405877293,0.737907515058187,2.9591752445104356,0.1605785420527881,0.14283481804136827,0.13070912903698112
20240531,dodson,MC,0.6463414634146342,12,follower,0.6060606060606061,0.673469387755102,66.0,98.0,2.0480668756530824,19,2.433333333333333,3.6805747464241216,1.019914103620192,3.608710511365513,0.030929199549782536,0.13160439091746165,0.3548947746849861,0.04194667742875958,0.7932383990839,2.704076528201239,0.1605785420527881,0.14283481804136827,0.13070912903698112
20240531,dodson,MC,0.6463414634146342,12,follower,0.6060606060606061,0.673469387755102,66.0,98.0,2.0480668756530824,20,4.066666666666666,3.348674462724827,0.6984170621835875,4.794663023058544,0.028140121535502747,0.16008992720976056,0.21992735603170283,0.025865870702625356,0.45411249201367737,4.778274078833501,0.1605785420527881,0.14283481804136827,0.13070912903698112
20240531,dodson,MC,0.6463414634146342,12,follower,0.6060606060606061,0.673469387755102,66.0,98.0,2.0480668756530824,21,2.933333333333333,2.440063329317148,1.2588564936820896,1.9383173074637683,0.02050473385980797,0.12709525757658718,0.1974750073318362,0.014540107455660806,1.1572362534638168,5.067121886943522,0.1605785420527881,0.14283481804136827,0.13070912903698112
20240531,dodson,MC,0.6463414634146342,12,follower,0.6060606060606061,0.673469387755102,66.0,98.0,2.0480668756530824,22,2.8,2.807348459147012,0.4997765340231296,5.617207427784291,0.0235911635222438,0.11918414194099854,0.24198624428013935,0.02323117956467611,0.5887074408721581,4.166091638552986,0.1605785420527881,0.14283481804136827,0.13070912903698112
20240531,dodson,MC,0.6463414634146342,12,follower,0.6060606060606061,0.673469387755102,66.0,98.0,2.0480668756530824,23,2.533333333333333,4.4573570012821815,0.7130470761218692,6.2511398623565215,0.037456781523379674,0.10796440511913794,0.39255802487920544,0.07641019242652025,0.48640799151791125,2.568823821473817,0.1605785420527881,0.14283481804136827,0.13070912903698112
20240531,dodson,MC,0.6463414634146342,12,follower,0.6060606060606061,0.673469387755102,66.0,98.0,2.0480668756530824,24,1.9333333333333333,2.4458659173173496,0.9144905686549368,2.6745665851041096,0.02055349510350714,0.11031944065337933,0.2906013706165291,0.029737223536863405,1.215711001905399,3.3066414289440127,0.1605785420527881,0.14283481804136827,0.13070912903698112
20240531,dodson,MC,0.6463414634146342,12,follower,0.6060606060606061,0.673469387755102,66.0,98.0,2.0480668756530824,25,2.9,2.2050920159976632,0.7975071928435566,2.764980724669434,0.018530185008383725,0.09198800395515765,0.2368082648951795,0.02568166871670957,0.8815311725075816,4.430952600385212,0.1605785420527881,0.14283481804136827,0.13070912903698112
20240531,dodson,MC,0.6463414634146342,12,follower,0.6060606060606061,0.673469387755102,66.0,98.0,2.0480668756530824,26,3.0,3.5781818481062917,0.9077473110671763,3.9418258853332966,0.030068755026103292,0.08599165509028983,0.35634077237149947,0.028565001355162746,0.6401598610490881,2.888377110725778,0.1605785420527881,0.14283481804136827,0.13070912903698112
20240531,dodson,MC,0.6463414634146342,12,follower,0.6060606060606061,0.673469387755102,66.0,98.0,2.0480668756530824,27,2.7,3.101044946313424,0.8029064039296251,3.8622745205868743,0.02605920122952457,0.08761622404175744,0.29127857319186795,0.016268401391336947,0.6720404816414229,3.4036059008058617,0.1605785420527881,0.14283481804136827,0.13070912903698112
20240531,dodson,MC,0.6463414634146342,12,follower,0.6060606060606061,0.673469387755102,66.0,98.0,2.0480668756530824,28,2.1333333333333333,2.435640805259888,0.4823150949963423,5.049895453258329,0.020467569792099898,0.11567390886337703,0.20780330940379205,0.023773430182395184,0.7560407863396336,5.135921917001563,0.1605785420527881,0.14283481804136827,0.13070912903698112
20240531,dodson,MC,0.6463414634146342,12,follower,0.6060606060606061,0.673469387755102,66.0,98.0,2.0480668756530824,29,4.3,2.760400279954651,0.5511824336685067,5.0081426971143586,0.023196641008022278,0.0858547339557536,0.2631682289279774,0.01684368906867286,0.7259678959727716,3.8231299594051276,0.1605785420527881,0.14283481804136827,0.13070912903698112
20240531,dodson,MC,0.6463414634146342,12,follower,0.6060606060606061,0.673469387755102,66.0,98.0,2.0480668756530824,30,2.6,1.9286883086670006,0.4025309527231001,4.791403730867226,0.016207464778714292,0.1085209948596011,0.19187206633883325,0.012842990510934935,1.3929461867744675,4.872873002768815,0.1605785420527881,0.14283481804136827,0.13070912903698112
20240531,dodson,MC,0.6463414634146342,12,follower,0.6060606060606061,0.673469387755102,66.0,98.0,2.0480668756530824,31,2.966666666666667,1.8414634678915942,0.2125880822344697,8.662119948288492,0.015474482923458774,0.12177848378704521,0.15419044927121917,0.007241934488442455,0.5122321040857699,6.449130448256147,0.1605785420527881,0.14283481804136827,0.13070912903698112
20240531,dodson,MC,0.6463414634146342,12,follower,0.6060606060606061,0.673469387755102,66.0,98.0,2.0480668756530824,32,3.6,3.131619195140593,0.456461326518328,6.86064517015518,0.026316127690257086,0.11028463297504451,0.23516995139282942,0.01566676065744256,0.22818538169977579,4.35508313348233,0.1605785420527881,0.14283481804136827,0.13070912903698112
20240531,dodson,MC,0.6463414634146342,12,follower,0.6060606060606061,0.673469387755102,66.0,98.0,2.0480668756530824,33,1.3666666666666667,1.4293966551879569,0.3479733474081935,4.107776258827057,0.012011736598218125,0.12984544518185906,0.12181272054124165,0.004160789667716365,1.059941390567895,8.664413124588762,0.1605785420527881,0.14283481804136827,0.13070912903698112
20240531,dodson,MC,0.6463414634146342,12,follower,0.6060606060606061,0.673469387755102,66.0,98.0,2.0480668756530824,34,1.3,2.58045196039054,0.6920204783141549,3.7288664732535537,0.021684470255382688,0.11461603173850042,0.2586181198922846,0.030308723845888483,1.0651647530850414,4.023452258857199,0.1605785420527881,0.14283481804136827,0.13070912903698112
20240531,dodson,MC,0.6463414634146342,12,follower,0.6060606060606061,0.673469387755102,66.0,98.0,2.0480668756530824,35,4.6,1.8056842914277913,0.4355838788209086,4.145434161419465,0.015173817575023457,0.13096294485569174,0.159216252139789,0.0039129736659395415,1.454016634678489,6.27322901555267,0.1605785420527881,0.14283481804136827,0.13070912903698112
20240531,dodson,MC,0.6463414634146342,12,follower,0.6060606060606061,0.673469387755102,66.0,98.0,2.0480668756530824,36,4.0,2.2759522704875863,0.39405448143388344,5.775729950350679,0.019125649331828455,0.08449220223926364,0.22217712817335258,0.01534479968944853,0.8391044994272683,4.5089897684894265,0.1605785420527881,0.14283481804136827,0.13070912903698112
20240531,dodson,MC,0.6463414634146342,12,follower,0.6060606060606061,0.673469387755102,66.0,98.0,2.0480668756530824,37,3.966666666666667,2.401144866938415,0.05238971683943844,45.83236962889743,0.02017768795746567,0.09409227675937556,0.204134175733335,0.003988121076701821,0.09199600418174943,4.802982175462987,0.1605785420527881,0.14283481804136827,0.13070912903698112
20240531,dodson,MC,0.6463414634146342,12,follower,0.6060606060606061,0.673469387755102,66.0,98.0,2.0480668756530824,38,2.5,4.674548655463391,0.9630260443043269,4.854021013357123,0.03928192147448228,0.10523229994330632,0.40979323230762105,0.03261872724547452,0.4777068631711607,2.36934025979107,0.1605785420527881,0.14283481804136827,0.13070912903698112
20240531,dodson,MC,0.6463414634146342,12,follower,0.6060606060606061,0.673469387755102,66.0,98.0,2.0480668756530824,39,3.3333333333333335,6.095596098651371,0.22822392824560558,26.708838751086308,0.051223496627322444,0.10273717648100342,0.49526690598570333,0.0857264959099238,0.07961762371460668,2.0933331501336534,0.1605785420527881,0.14283481804136827,0.13070912903698112
20240531,dodson,MC,0.6463414634146342,12,follower,0.6060606060606061,0.673469387755102,66.0,98.0,2.0480668756530824,40,1.3666666666666667,4.905622051060875,1.4987271250841177,3.2731922769366983,0.041223714714797265,0.09585752953900635,0.5072598544771231,0.04722276229106111,0.5871408896326993,2.0689821311874517,0.1605785420527881,0.14283481804136827,0.13070912903698112
20240531,dodson,MC,0.6463414634146342,12,follower,0.6060606060606061,0.673469387755102,66.0,98.0,2.0480668756530824,41,3.6,3.407014882541248,1.2216809392115515,2.7887926979855044,0.028630377164212167,0.1029197254972337,0.4015110345493557,0.04373827869820901,0.8449634820798979,2.716199008833706,0.1605785420527881,0.14283481804136827,0.13070912903698112
20240531,dodson,MC,0.6463414634146342,12,follower,0.6060606060606061,0.673469387755102,66.0,98.0,2.0480668756530824,42,4.133333333333334,4.7751121332601985,0.2586754887036003,18.4598554628873,0.04012699271647226,0.1020803612159305,0.39510555510520007,0.051019604378607517,0.12187750064193872,2.537300712822959,0.1605785420527881,0.14283481804136827,0.13070912903698112
20240531,dodson,MC,0.6463414634146342,12,follower,0.6060606060606061,0.673469387755102,66.0,98.0,2.0480668756530824,43,3.2666666666666666,2.721696510621207,0.49332202367669326,5.517078865315196,0.022871399248917706,0.11474971616012046,0.2618392197919318,0.028991750426298226,0.7539921427562033,3.8529109380957607,0.1605785420527881,0.14283481804136827,0.13070912903698112
20240531,dodson,MC,0.6463414634146342,12,follower,0.6060606060606061,0.673469387755102,66.0,98.0,2.0480668756530824,44,3.0,3.790823075394269,0.7015362315305614,5.403602700781003,0.03185565609575016,0.11121580348006413,0.37866612225016855,0.03168982172429424,0.6564064869466766,2.589278082735747,0.1605785420527881,0.14283481804136827,0.13070912903698112
20240531,dodson,MC,0.6463414634146342,12,follower,0.6060606060606061,0.673469387755102,66.0,98.0,2.0480668756530824,45,2.5,3.435920498411988,0.5340243541189413,6.434014613585802,0.028873281499260404,0.10819948025317408,0.32318863995215935,0.028149551235973746,0.7159051234236022,3.0699440007331082,0.1605785420527881,0.14283481804136827,0.13070912903698112
20240531,dodson,MC,0.6463414634146342,12,follower,0.6060606060606061,0.673469387755102,66.0,98.0,2.0480668756530824,46,2.066666666666667,3.029840746208313,0.6678425220053867,4.536759260417195,0.025460846606792546,0.09948320729615967,0.2895552104906366,0.05962242626949221,0.5575985673326901,3.3359489908546016,0.1605785420527881,0.14283481804136827,0.13070912903698112
20240531,dodson,MC,0.6463414634146342,12,follower,0.6060606060606061,0.673469387755102,66.0,98.0,2.0480668756530824,47,2.7666666666666666,3.4017022328169872,0.5916861664743369,5.7491664087511305,0.028585733048882244,0.0983411763052383,0.3074803090947996,0.039063044456483294,0.3607000909411618,3.365577328593518,0.1605785420527881,0.14283481804136827,0.13070912903698112
20240531,dodson,MC,0.6463414634146342,12,follower,0.6060606060606061,0.673469387755102,66.0,98.0,2.0480668756530824,48,1.6666666666666667,4.181833521186189,0.6840175013760563,6.113635269234313,0.035141458161228475,0.09695009833778394,0.3763730035320664,0.07210725939701199,0.39459816385161733,2.6732612099054336,0.1605785420527881,0.14283481804136827,0.13070912903698112
20240531,dodson,MC,0.6463414634146342,12,follower,0.6060606060606061,0.673469387755102,66.0,98.0,2.0480668756530824,49,1.9666666666666666,5.36239818423935,1.1574278561270352,4.633030176224471,0.04506216961545672,0.12036312895127772,0.4179491391574786,0.10579524552584582,0.37970117352153315,2.349557522391212,0.1605785420527881,0.14283481804136827,0.13070912903698112
20240531,dodson,MC,0.6463414634146342,12,follower,0.6060606060606061,0.673469387755102,66.0,98.0,2.0480668756530824,50,4.366666666666666,3.3719463973360413,0.33232804577106767,10.146439460179925,0.028335684011227238,0.13525256493718724,0.2697334619487565,0.04049443401340645,0.3612223127803598,3.521996212806608,0.1605785420527881,0.14283481804136827,0.13070912903698112
20240531,dodson,MC,0.6463414634146342,12,follower,0.6060606060606061,0.673469387755102,66.0,98.0,2.0480668756530824,51,2.8333333333333335,4.55096208118416,0.9583142882877927,4.748924373563607,0.038243378833480335,0.10799235588198905,0.4290183026170704,0.061958686476623025,0.5148425187387575,2.2586877349328454,0.1605785420527881,0.14283481804136827,0.13070912903698112
20240531,dodson,MC,0.6463414634146342,12,follower,0.6060606060606061,0.673469387755102,66.0,98.0,2.0480668756530824,52,3.066666666666667,6.051003309433493,0.8976574487742842,6.740882413103015,0.050848767306163806,0.10197297375230417,0.4976446883065107,0.0848739133924087,0.21055105159952242,2.049486949047432,0.1605785420527881,0.14283481804136827,0.13070912903698112
20240531,dodson,MC,0.6463414634146342,12,follower,0.6060606060606061,0.673469387755102,66.0,98.0,2.0480668756530824,53,6.166666666666667,3.353688460247792,0.3937761159757413,8.516739142336395,0.02818225596846884,0.1242412302847329,0.28325219138020175,0.032237274144483276,0.4706094463591987,3.499271589197275,0.1605785420527881,0.14283481804136827,0.13070912903698112
20240531,dodson,MC,0.6463414634146342,12,follower,0.6060606060606061,0.673469387755102,66.0,98.0,2.0480668756530824,54,1.8333333333333333,3.069057442306345,0.5154230159490562,5.954443917595032,0.025790398674843232,0.12968655974234333,0.2503586495000782,0.02949011890697547,0.5679905717234637,4.250625042440659,0.1605785420527881,0.14283481804136827,0.13070912903698112
20240531,dodson,MC,0.6463414634146342,12,follower,0.6060606060606061,0.673469387755102,66.0,98.0,2.0480668756530824,55,2.6666666666666665,2.2190776564308754,0.7805093097094825,2.8431149107713396,0.018647711398578785,0.12716725611150986,0.26603655558331046,0.010291025794387012,0.9002366831874827,4.245515996966859,0.1605785420527881,0.14283481804136827,0.13070912903698112
20240531,dodson,MC,0.6463414634146342,12,follower,0.6060606060606061,0.673469387755102,66.0,98.0,2.0480668756530824,56,7.866666666666666,3.7538607672819917,0.5056950842964321,7.423170372527343,0.031545048464554554,0.10946458987102532,0.32642733714311717,0.05120699136482137,0.4799496932422731,3.0263350253651686,0.1605785420527881,0.14283481804136827,0.13070912903698112
20240531,dodson,MC,0.6463414634146342,12,follower,0.6060606060606061,0.673469387755102,66.0,98.0,2.0480668756530824,57,2.4,3.5941156584636595,0.5409610481209338,6.643945383772219,0.030202652592131594,0.11409150809877863,0.2923867984162596,0.060416613013329165,0.3526843202266532,3.2807700289186785,0.1605785420527881,0.14283481804136827,0.13070912903698112
20240531,dodson,MC,0.6463414634146342,12,follower,0.6060606060606061,0.673469387755102,66.0,98.0,2.0480668756530824,58,1.7,4.479266634059734,0.5136401364976955,8.720632045233152,0.03764089608453557,0.0915404305283359,0.3800500997903956,0.03890300485719854,0.220870910863002,2.61427304467637,0.1605785420527881,0.14283481804136827,0.13070912903698112
20240531,dodson,MC,0.6463414634146342,12,follower,0.6060606060606061,0.673469387755102,66.0,98.0,2.0480668756530824,59,2.6333333333333333,2.945277116068722,0.6708872200524553,4.390122554187926,0.024750227866123714,0.13180578071968102,0.2513766556976181,0.013217377939958341,0.8086032320025861,4.139408430409712,0.1605785420527881,0.14283481804136827,0.13070912903698112
20240531,dodson,MC,0.6463414634146342,12,follower,0.6060606060606061,0.673469387755102,66.0,98.0,2.0480668756530824,60,3.3,3.0277400058368267,0.3815393979381969,7.93558941015908,0.025443193326359886,0.10995403840969203,0.25099145776977494,0.014782277615162282,0.43044859113258027,3.8231032907397795,0.1605785420527881,0.14283481804136827,0.13070912903698112
20240531,dodson,MC,0.6463414634146342,12,follower,0.6060606060606061,0.673469387755102,66.0,98.0,2.0480668756530824,61,1.4333333333333333,3.1991298116538984,0.2722012239386548,11.75281200195807,0.02688344379541091,0.1076568065208602,0.2554954620881241,0.02997809565566795,0.2875569208816215,3.861272119471195,0.1605785420527881,0.14283481804136827,0.13070912903698112
20240531,dodson,MC,0.6463414634146342,12,follower,0.6060606060606061,0.673469387755102,66.0,98.0,2.0480668756530824,62,3.8,3.8270694764964754,1.1666845620362947,3.2802949494907416,0.03216024770165105,0.09809640557963568,0.36669729671418466,0.04967941053365335,0.8083173497797757,2.788310688974046,0.1605785420527881,0.14283481804136827,0.13070912903698112
20240531,dodson,MC,0.6463414634146342,12,follower,0.6060606060606061,0.673469387755102,66.0,98.0,2.0480668756530824,63,2.933333333333333,2.5553134024506297,0.5655598218104836,4.518201795648247,0.021473221869333023,0.09982998434327073,0.24869958960255276,0.01732085426794301,0.8228018281454557,3.935004729423727,0.1605785420527881,0.14283481804136827,0.13070912903698112
20240531,dodson,MC,0.6463414634146342,12,follower,0.6060606060606061,0.673469387755102,66.0,98.0,2.0480668756530824,64,3.933333333333333,2.6992183963859286,0.2779458576996099,9.711310032557169,0.022682507532654862,0.11495004943093404,0.22784926510644254,0.02675894896383686,0.3797988636929019,4.708255126430476,0.1605785420527881,0.14283481804136827,0.13070912903698112
20240531,dodson,MC,0.6463414634146342,12,follower,0.6060606060606061,0.673469387755102,66.0,98.0,2.0480668756530824,65,1.5666666666666667,4.203295576288148,1.368674330269423,3.0710706581752945,0.03532181156544662,0.10192125728555329,0.3877773908989796,0.07260117986360268,0.558956435338767,2.7237937537016546,0.1605785420527881,0.14283481804136827,0.13070912903698112
20240603_MC,dodson,MC,0.5979381443298969,7,follower,0.631578947368421,0.6440677966101694,76.0,118.0,2.191950464396285,0,5.366666666666666,2.695817647726862,1.0747036938363228,2.508428754072408,0.02265392981283077,0.0905228258184117,0.27275587285154995,0.042252719677562875,0.9302379186410946,3.5897611584361466,0.20925802452615053,0.1632504013797812,0.15158915602707035
20240603_MC,dodson,MC,0.5979381443298969,7,follower,0.631578947368421,0.6440677966101694,76.0,118.0,2.191950464396285,1,2.4,2.8435041993082204,0.6520241300888105,4.361041360418539,0.02389499327149765,0.12175058528789996,0.251545081340935,0.03984083860940702,0.7367343703010575,4.262318811544517,0.20925802452615053,0.1632504013797812,0.15158915602707035
20240603_MC,dodson,MC,0.5979381443298969,7,follower,0.631578947368421,0.6440677966101694,76.0,118.0,2.191950464396285,2,1.9666666666666666,2.6499209687145506,0.3583883259733433,7.3939935446213445,0.022268243434576056,0.10305469597324109,0.22530252651853047,0.009143576098287408,0.666113772746647,4.272939866156386,0.20925802452615053,0.1632504013797812,0.15158915602707035
20240603_MC,dodson,MC,0.5979381443298969,7,follower,0.631578947368421,0.6440677966101694,76.0,118.0,2.191950464396285,3,4.6,2.693365436790394,0.5554787882669262,4.848727788856883,0.022633322998238607,0.1128734563084119,0.2584123573919375,0.04048417653989179,1.1086151794294306,3.9913596408265963,0.20925802452615053,0.1632504013797812,0.15158915602707035
20240603_MC,dodson,MC,0.5979381443298969,7,follower,0.631578947368421,0.6440677966101694,76.0,118.0,2.191950464396285,4,3.566666666666667,2.0400621636154117,0.30170856275365554,6.761697927947503,0.01714337952617993,0.14686117404601773,0.14167237835957364,0.007258746226503118,0.5330090877059553,7.383537764267138,0.20925802452615053,0.1632504013797812,0.15158915602707035
20240603_MC,dodson,MC,0.5979381443298969,7,follower,0.631578947368421,0.6440677966101694,76.0,118.0,2.191950464396285,5,1.9,2.031559339945207,0.5192518157033138,3.9124742148344924,0.017071927226430313,0.1388654304812998,0.1619965662674314,0.009378919336976262,0.6769233421353559,6.5398711343623255,0.20925802452615053,0.1632504013797812,0.15158915602707035
20240603_MC,dodson,MC,0.5979381443298969,7,follower,0.631578947368421,0.6440677966101694,76.0,118.0,2.191950464396285,6,1.2666666666666666,3.012708357689773,0.3670414732503846,8.208087034444182,0.025316876955376242,0.08822809637202791,0.31190049859849983,0.018240293311338633,0.7999689216976366,3.4083297629914617,0.20925802452615053,0.1632504013797812,0.15158915602707035
20240603_MC,dodson,MC,0.5979381443298969,7,follower,0.631578947368421,0.6440677966101694,76.0,118.0,2.191950464396285,7,3.8,2.5635937073055635,0.9013854204891129,2.8440594323286232,0.021542804263071962,0.10412455496105998,0.2569458128686731,0.015349952896416994,1.0869787248830591,3.9695477202861453,0.20925802452615053,0.1632504013797812,0.15158915602707035
20240603_MC,dodson,MC,0.5979381443298969,7,follower,0.631578947368421,0.6440677966101694,76.0,118.0,2.191950464396285,8,4.033333333333333,2.062190093136238,0.31261690874759884,6.596540479520935,0.0173293285137499,0.12457407466823532,0.18237357376637944,0.011737331957674674,0.9282799970060588,5.459397003404091,0.20925802452615053,0.1632504013797812,0.15158915602707035
20240603_MC,dodson,MC,0.5979381443298969,7,follower,0.631578947368421,0.6440677966101694,76.0,118.0,2.191950464396285,9,3.3666666666666667,3.638646133454365,0.5825604211703929,6.245954927978361,0.030576858264322396,0.12400514606800897,0.3034903443338306,0.06571697522739407,0.43474441204388636,3.2897795019119176,0.20925802452615053,0.1632504013797812,0.15158915602707035
20240603_MC,dodson,MC,0.5979381443298969,7,follower,0.631578947368421,0.6440677966101694,76.0,118.0,2.191950464396285,10,4.166666666666667,2.8141111770384595,0.5277882610181087,5.331894217597814,0.023647993084356802,0.11233198846182621,0.24355378472084202,0.022569532677956135,0.8497250267700178,4.117789263125749,0.20925802452615053,0.1632504013797812,0.15158915602707035
20240603_MC,dodson,MC,0.5979381443298969,7,follower,0.631578947368421,0.6440677966101694,76.0,118.0,2.191950464396285,11,4.766666666666667,2.7068516822703597,0.6830411873916008,3.9629406428729297,0.022746652792187898,0.11618319572045199,0.23998464588579835,0.020245286449986938,0.7452982125177965,3.919786562700834,0.20925802452615053,0.1632504013797812,0.15158915602707035
20240603_MC,dodson,MC,0.5979381443298969,7,follower,0.631578947368421,0.6440677966101694,76.0,118.0,2.191950464396285,12,2.433333333333333,3.160752025898114,0.38881212074670246,8.129252811944188,0.026560941394101797,0.09311938716619259,0.2731643353688266,0.027860480168772035,0.5728711978483508,3.7174271439986826,0.20925802452615053,0.1632504013797812,0.15158915602707035
20240603_MC,dodson,MC,0.5979381443298969,7,follower,0.631578947368421,0.6440677966101694,76.0,118.0,2.191950464396285,13,4.1,2.858043376242356,0.9663876526415599,2.9574502203438486,0.02401717122892736,0.09276814103157795,0.2892185372480217,0.03762929869251586,0.8529779189900942,3.612632297485725,0.20925802452615053,0.1632504013797812,0.15158915602707035
20240603_MC,dodson,MC,0.5979381443298969,7,follower,0.631578947368421,0.6440677966101694,76.0,118.0,2.191950464396285,14,4.1,3.1364207172364953,0.8814919516000085,3.558082080662828,0.026356476615432733,0.09742649472415332,0.31320578611261557,0.028452401163839226,0.9418357941446973,3.1015430833291298,0.20925802452615053,0.1632504013797812,0.15158915602707035
20240603_MC,dodson,MC,0.5979381443298969,7,follower,0.631578947368421,0.6440677966101694,76.0,118.0,2.191950464396285,15,4.133333333333334,2.4571421697659854,0.4970746089645499,4.9432059603374805,0.020648253527445256,0.10634507248186419,0.2170052201592532,0.014789811954589725,0.9626353137350201,4.211261332077346,0.20925802452615053,0.1632504013797812,0.15158915602707035
20240603_MC,dodson,MC,0.5979381443298969,7,follower,0.631578947368421,0.6440677966101694,76.0,118.0,2.191950464396285,16,3.6333333333333333,4.119433309299818,1.2773101908691837,3.225084508639696,0.034617086632771576,0.08935945085230707,0.41249999683641586,0.036208741832742745,0.6913139426477786,2.3713382610070837,0.20925802452615053,0.1632504013797812,0.15158915602707035
20240603_MC,dodson,MC,0.5979381443298969,7,follower,0.631578947368421,0.6440677966101694,76.0,118.0,2.191950464396285,17,2.2,2.901769718114358,0.5407348261957834,5.366345161322598,0.024384619479952588,0.10687106288164247,0.2665821684487265,0.035443615974114925,0.5652372375640872,3.848376629117283,0.20925802452615053,0.1632504013797812,0.15158915602707035
20240603_MC,dodson,MC,0.5979381443298969,7,follower,0.631578947368421,0.6440677966101694,76.0,118.0,2.191950464396285,18,3.933333333333333,3.0232034150808054,0.46753316443968673,6.466286554674579,0.025405070714964752,0.11985579973115285,0.24966813457209272,0.021078223168348315,0.5364881899644689,4.283121873390103,0.20925802452615053,0.1632504013797812,0.15158915602707035
20240603_MC,dodson,MC,0.5979381443298969,7,follower,0.631578947368421,0.6440677966101694,76.0,118.0,2.191950464396285,19,4.366666666666666,3.793632440096772,0.8576613571117877,4.423228828767564,0.03187926420249388,0.10152791708070118,0.3222854913174043,0.06573189048222895,0.49191890276440414,3.0318923122566104,0.20925802452615053,0.1632504013797812,0.15158915602707035
20240603_MC,dodson,MC,0.5979381443298969,7,follower,0.631578947368421,0.6440677966101694,76.0,118.0,2.191950464396285,20,2.033333333333333,2.7371115045489707,0.453731580330966,6.032446545934572,0.02300093701301656,0.11648377923508002,0.269479861220526,0.013594500769880509,0.6712225007563978,3.616880110826477,0.20925802452615053,0.1632504013797812,0.15158915602707035
20240603_MC,dodson,MC,0.5979381443298969,7,follower,0.631578947368421,0.6440677966101694,76.0,118.0,2.191950464396285,21,3.3666666666666667,3.051046193872606,1.0575337479909832,2.885057994289767,0.025639043645988284,0.09293927569308019,0.3017415967705482,0.01845416868936106,0.9614875993918695,3.4465179911654653,0.20925802452615053,0.1632504013797812,0.15158915602707035
20240603_MC,dodson,MC,0.5979381443298969,7,follower,0.631578947368421,0.6440677966101694,76.0,118.0,2.191950464396285,22,4.666666666666667,2.9489090135579086,0.5093110138531929,5.789996550924621,0.02478074801309167,0.10524979417249133,0.282958848850314,0.02424713157068606,0.9053558732362293,3.829004071854531,0.20925802452615053,0.1632504013797812,0.15158915602707035
20240603_MC,dodson,MC,0.5979381443298969,7,follower,0.631578947368421,0.6440677966101694,76.0,118.0,2.191950464396285,23,1.9,2.357012905439515,0.6417709559825509,3.672669950965497,0.019806831138147185,0.11078275971523258,0.2191390672989351,0.021362406132049438,1.1440271215332203,4.523828181827879,0.20925802452615053,0.1632504013797812,0.15158915602707035
20240603_MC,dodson,MC,0.5979381443298969,7,follower,0.631578947368421,0.6440677966101694,76.0,118.0,2.191950464396285,24,1.8666666666666667,3.290032258201871,0.9045565397580322,3.637177018345311,0.027647329900856058,0.1072602625239054,0.33782908896263175,0.02446278893197352,0.879403537465364,3.0935789232630864,0.20925802452615053,0.1632504013797812,0.15158915602707035
20240603_MC,dodson,MC,0.5979381443298969,7,follower,0.631578947368421,0.6440677966101694,76.0,118.0,2.191950464396285,25,4.933333333333334,2.022485323498019,0.4565158696868205,4.430262906052941,0.016995674987378313,0.10195060768655174,0.21732120761238072,0.009475344523073671,1.275324237983722,4.500791874828287,0.20925802452615053,0.1632504013797812,0.15158915602707035
20240603_MC,dodson,MC,0.5979381443298969,7,follower,0.631578947368421,0.6440677966101694,76.0,118.0,2.191950464396285,26,2.3333333333333335,3.271553278556272,0.3720881928680826,8.792413576305401,0.027492044357615732,0.09402764395510278,0.3215499006041075,0.02805879921300866,0.5228326906540511,3.3289597219009,0.20925802452615053,0.1632504013797812,0.15158915602707035
20240603_MC,dodson,MC,0.5979381443298969,7,follower,0.631578947368421,0.6440677966101694,76.0,118.0,2.191950464396285,27,1.6333333333333333,3.2202513766249066,0.890864267316413,3.6147497377186335,0.027060935938024423,0.09222960671712552,0.3439632428868484,0.029421077224495044,0.8386389285479404,2.9514570617434277,0.20925802452615053,0.1632504013797812,0.15158915602707035
20240603_MC,dodson,MC,0.5979381443298969,7,follower,0.631578947368421,0.6440677966101694,76.0,118.0,2.191950464396285,28,1.5666666666666667,3.588941766979479,0.5658713961438165,6.342327587923083,0.030159174512432597,0.09670570222086758,0.31622442092551706,0.03103801506659166,0.42144230302213326,3.1472355328442143,0.20925802452615053,0.1632504013797812,0.15158915602707035
20240603_MC,dodson,MC,0.5979381443298969,7,follower,0.631578947368421,0.6440677966101694,76.0,118.0,2.191950464396285,29,2.6,3.3567593828841717,0.9973024167350726,3.3658390138804553,0.02820806204104346,0.0979038174367472,0.35343810871357434,0.03431416365685256,0.7982222831421358,2.88181118884328,0.20925802452615053,0.1632504013797812,0.15158915602707035
20240603_MC,dodson,MC,0.5979381443298969,7,follower,0.631578947368421,0.6440677966101694,76.0,118.0,2.191950464396285,30,4.366666666666666,2.340975571998692,0.6973741007837637,3.356843291667586,0.01967206363024111,0.10302781606932693,0.24941341475416876,0.01771950536391928,1.142308891656572,4.2676225531161665,0.20925802452615053,0.1632504013797812,0.15158915602707035
20240603_MC,dodson,MC,0.5979381443298969,7,follower,0.631578947368421,0.6440677966101694,76.0,118.0,2.191950464396285,31,1.5333333333333334,3.337251271632038,0.3304128937846715,10.100245282216223,0.028044128333042335,0.09634344340361031,0.332325202600089,0.04558901624186383,0.5564205224226907,2.991262286297539,0.20925802452615053,0.1632504013797812,0.15158915602707035
20240603_MC,dodson,MC,0.5979381443298969,7,follower,0.631578947368421,0.6440677966101694,76.0,118.0,2.191950464396285,32,4.166666666666667,3.402886520351099,0.5248395991869247,6.483669535650151,0.02859568504496722,0.11356617417755696,0.27185403230957783,0.04624220492445365,0.3989333898103709,3.6648083279747383,0.20925802452615053,0.1632504013797812,0.15158915602707035
20240603_MC,dodson,MC,0.5979381443298969,7,follower,0.631578947368421,0.6440677966101694,76.0,118.0,2.191950464396285,33,2.933333333333333,3.300520906296379,1.1711554287048227,2.8181749624355286,0.027735469800809907,0.08623119357475362,0.3457587097805555,0.033533527859846674,0.8335554514617135,2.9194563227848307,0.20925802452615053,0.1632504013797812,0.15158915602707035
20240603_MC,dodson,MC,0.5979381443298969,7,follower,0.631578947368421,0.6440677966101694,76.0,118.0,2.191950464396285,34,2.933333333333333,2.551504141787173,0.2660362920949775,9.590812297429938,0.021441211275522464,0.12542506349143484,0.20118793836303323,0.016369639783164587,0.5560978676342113,4.925215301048498,0.20925802452615053,0.1632504013797812,0.15158915602707035
20240603_MC,dodson,MC,0.5979381443298969,7,follower,0.631578947368421,0.6440677966101694,76.0,118.0,2.191950464396285,35,4.433333333333334,2.5316983942528477,0.42638555458389993,5.937580124456785,0.02127477642229284,0.1269016088746972,0.2132787435851225,0.021612958737553707,0.45985692247984317,4.969419599026041,0.20925802452615053,0.1632504013797812,0.15158915602707035
20240603_MC,dodson,MC,0.5979381443298969,7,follower,0.631578947368421,0.6440677966101694,76.0,118.0,2.191950464396285,36,2.6333333333333333,2.9085249072303836,0.591367990854763,4.918299522817262,0.02444138577504524,0.08446314443114002,0.33207066385586614,0.06577426861482895,0.5007158453724351,2.8090979377225587,0.20925802452615053,0.1632504013797812,0.15158915602707035
20240603_MC,dodson,MC,0.5979381443298969,7,follower,0.631578947368421,0.6440677966101694,76.0,118.0,2.191950464396285,37,6.3,3.01023346847108,0.0906473317152531,33.20818618166289,0.025296079566983865,0.12691013520081937,0.2657522901752182,0.04132407857552482,0.21070434651536235,3.7600302540206956,0.20925802452615053,0.1632504013797812,0.15158915602707035
20240603_MC,dodson,MC,0.5979381443298969,7,follower,0.631578947368421,0.6440677966101694,76.0,118.0,2.191950464396285,38,3.933333333333333,4.207032808972356,1.1046061213331766,3.8086271003955536,0.03535321688212063,0.09419699776850571,0.4359997361530424,0.1600890504780812,0.5001880572185116,2.316191030563062,0.20925802452615053,0.1632504013797812,0.15158915602707035
20240603_MC,dodson,MC,0.5979381443298969,7,follower,0.631578947368421,0.6440677966101694,76.0,118.0,2.191950464396285,39,3.6333333333333333,4.30865540025834,1.443609739464139,2.9846400190245963,0.03620718823746504,0.08394301235856362,0.4618598915872797,0.14547667389151783,0.5821259138323973,2.1882954084013875,0.20925802452615053,0.1632504013797812,0.15158915602707035
20240603_MC,dodson,MC,0.5979381443298969,7,follower,0.631578947368421,0.6440677966101694,76.0,118.0,2.191950464396285,40,3.8666666666666667,3.663786084331373,0.685606492506808,5.343861419595573,0.030788118355725824,0.1101841514325708,0.3322276879877709,0.04732244359912059,0.6064729869594796,3.1180798031567036,0.20925802452615053,0.1632504013797812,0.15158915602707035
20240603_MC,dodson,MC,0.5979381443298969,7,follower,0.631578947368421,0.6440677966101694,76.0,118.0,2.191950464396285,41,2.2333333333333334,3.4009511310369884,0.5085684849675132,6.687302165910335,0.02857942126921839,0.11315182525692769,0.2968054229653218,0.043191091214948435,0.4766609730237414,3.4472331220064625,0.20925802452615053,0.1632504013797812,0.15158915602707035
20240603_MC,dodson,MC,0.5979381443298969,7,follower,0.631578947368421,0.6440677966101694,76.0,118.0,2.191950464396285,42,3.7666666666666666,3.1928926136362237,0.6685104849696524,4.776129448113545,0.026831030366690954,0.12824664497494287,0.285493854969543,0.06959336401696359,0.39088679745210847,3.4455252072244096,0.20925802452615053,0.1632504013797812,0.15158915602707035
20240603_MC,dodson,MC,0.5979381443298969,7,follower,0.631578947368421,0.6440677966101694,76.0,118.0,2.191950464396285,43,3.1333333333333333,3.301830824035235,0.42170838650594866,7.829654163134977,0.027746477512901133,0.10851915494671806,0.31481800114595054,0.054661268100255844,0.4877592394249124,3.0905645462882383,0.20925802452615053,0.1632504013797812,0.15158915602707035
20240603_MC,dodson,MC,0.5979381443298969,7,follower,0.631578947368421,0.6440677966101694,76.0,118.0,2.191950464396285,44,3.7,2.888976282773726,0.8919980014764394,3.2387699053045846,0.024277111619947278,0.10391233238767655,0.2502944910437796,0.027591198110188984,0.7975800480122868,4.150896850578282,0.20925802452615053,0.1632504013797812,0.15158915602707035
20240603_MC,dodson,MC,0.5979381443298969,7,follower,0.631578947368421,0.6440677966101694,76.0,118.0,2.191950464396285,45,3.1,2.3980930406785084,0.18665919904648257,12.84744096689993,0.020152042358642926,0.12071678902379201,0.23090994237947182,0.022764580681394895,0.5725582161942744,3.9030714042060333,0.20925802452615053,0.1632504013797812,0.15158915602707035
20240603_MC,dodson,MC,0.5979381443298969,7,follower,0.631578947368421,0.6440677966101694,76.0,118.0,2.191950464396285,46,4.1,3.278210815763572,0.9265360373467333,3.5381363310499947,0.027547990048433377,0.08397663310432991,0.33331752759663097,0.033794834325019674,0.8494122163407275,2.958411992960193,0.20925802452615053,0.1632504013797812,0.15158915602707035
20240603_MC,dodson,MC,0.5979381443298969,7,follower,0.631578947368421,0.6440677966101694,76.0,118.0,2.191950464396285,47,4.0,4.43077763184539,0.6589764968134306,6.723726344218664,0.03723342547769235,0.10044910131624617,0.41243638335878857,0.04456042059282749,0.5074391892605637,2.393063092800565,0.20925802452615053,0.1632504013797812,0.15158915602707035
20240603_MC,dodson,MC,0.5979381443298969,7,follower,0.631578947368421,0.6440677966101694,76.0,118.0,2.191950464396285,48,4.7,2.526660423569002,0.913305323764427,2.766501363590775,0.021232440534193292,0.11409745925475791,0.29110941196529083,0.04182582161094099,0.9677067169750172,3.69157848083686,0.20925802452615053,0.1632504013797812,0.15158915602707035
20240603_MC,dodson,MC,0.5979381443298969,7,follower,0.631578947368421,0.6440677966101694,76.0,118.0,2.191950464396285,49,4.3,3.4721404712518535,1.0714101334822133,3.2407202085787397,0.02917765101892314,0.10144425560857633,0.35906426291433674,0.01552192920614804,0.7089404506232769,3.0372568940705253,0.20925802452615053,0.1632504013797812,0.15158915602707035
20240603_MC,dodson,MC,0.5979381443298969,7,follower,0.631578947368421,0.6440677966101694,76.0,118.0,2.191950464396285,50,3.033333333333333,3.836058341390091,0.43798752847383954,8.758373451309845,0.032235784381429336,0.09969628733197158,0.3740236019310992,0.07806160030534336,0.6420609734332344,2.633537832374783,0.20925802452615053,0.1632504013797812,0.15158915602707035
20240603_MC,dodson,MC,0.5979381443298969,7,follower,0.631578947368421,0.6440677966101694,76.0,118.0,2.191950464396285,51,4.333333333333333,3.2797221370821164,0.7536959829375516,4.351518664461108,0.02756069022758081,0.10107819829556342,0.35227111770313974,0.03466595883609686,0.776297290998465,2.816407034468391,0.20925802452615053,0.1632504013797812,0.15158915602707035
20240603_MC,dodson,MC,0.5979381443298969,7,follower,0.631578947368421,0.6440677966101694,76.0,118.0,2.191950464396285,52,3.9,4.865289058162892,1.5553783022618275,3.1280422589718526,0.040884782001368844,0.08023977291584312,0.5237061342201744,0.07833393189525426,0.5888189045523966,1.9767549069757515,0.20925802452615053,0.1632504013797812,0.15158915602707035
20240603_MC,dodson,MC,0.5979381443298969,7,follower,0.631578947368421,0.6440677966101694,76.0,118.0,2.191950464396285,53,4.133333333333334,5.085078473796027,1.6300691989666243,3.1195476100153856,0.04273175188063888,0.07190826381791542,0.5520887582867483,0.19885216141378054,0.5510208631486129,1.7953983466135344,0.20925802452615053,0.1632504013797812,0.15158915602707035
20240603_MC,dodson,MC,0.5979381443298969,7,follower,0.631578947368421,0.6440677966101694,76.0,118.0,2.191950464396285,54,2.6666666666666665,2.7511845271020934,1.0986409727686368,2.5041706938791424,0.023119197706740282,0.10725935214099572,0.27421848603614657,0.04887316103964227,0.8884003839199396,4.049307575224061,0.20925802452615053,0.1632504013797812,0.15158915602707035
20240603_MC,dodson,MC,0.5979381443298969,7,follower,0.631578947368421,0.6440677966101694,76.0,118.0,2.191950464396285,55,4.033333333333333,2.5530250371478624,0.7025510921982742,3.6339350482816517,0.021453991908805568,0.13235872649411215,0.2348979156069424,0.026119970415023862,0.7433315264831641,4.260691841547128,0.20925802452615053,0.1632504013797812,0.15158915602707035
20240603_MC,dodson,MC,0.5979381443298969,7,follower,0.631578947368421,0.6440677966101694,76.0,118.0,2.191950464396285,56,3.6333333333333333,2.292987037050608,0.16913498841972024,13.557141892843608,0.01926879863067738,0.11881662979795231,0.1994123340077314,0.012893356538979517,0.46487720566283514,5.091031120345408,0.20925802452615053,0.1632504013797812,0.15158915602707035
20240603_MC,dodson,MC,0.5979381443298969,7,follower,0.631578947368421,0.6440677966101694,76.0,118.0,2.191950464396285,57,3.2333333333333334,3.5680955184400704,0.898717802989104,3.970206784123681,0.029983995953277904,0.08338522089231552,0.36687613957997,0.06093928875986859,0.7778419377105654,2.730828062469916,0.20925802452615053,0.1632504013797812,0.15158915602707035
20240603_MC,dodson,MC,0.5979381443298969,7,follower,0.631578947368421,0.6440677966101694,76.0,118.0,2.191950464396285,58,3.8,2.9685273930230776,0.44463670657095195,6.676298535756137,0.024945608344731744,0.13027200664411462,0.27266515124822777,0.017663151767538236,0.5815065896186218,3.842473908005481,0.20925802452615053,0.1632504013797812,0.15158915602707035
20240603_MC,dodson,MC,0.5979381443298969,7,follower,0.631578947368421,0.6440677966101694,76.0,118.0,2.191950464396285,59,4.2,2.6636642075730794,0.741469063018453,3.592414492291216,0.022383732836748566,0.08347765550007942,0.2749866510669408,0.014985371409502898,1.0487092625919998,3.6862720431919223,0.20925802452615053,0.1632504013797812,0.15158915602707035
20240603_MC,dodson,MC,0.5979381443298969,7,follower,0.631578947368421,0.6440677966101694,76.0,118.0,2.191950464396285,60,5.166666666666667,3.3676826675561995,0.6264477060243067,5.375840050447133,0.02829985434921176,0.09246854250544913,0.3198755050004076,0.029540235026413276,0.7351680127148555,3.288834747436372,0.20925802452615053,0.1632504013797812,0.15158915602707035
20240603_MC,dodson,MC,0.5979381443298969,7,follower,0.631578947368421,0.6440677966101694,76.0,118.0,2.191950464396285,61,4.166666666666667,2.588245538058937,0.5904626660770279,4.383419455212925,0.021749962504696952,0.10887297155356154,0.255068281249393,0.020102692623350443,0.825298125573542,3.9473203169356585,0.20925802452615053,0.1632504013797812,0.15158915602707035
20240603_MC,dodson,MC,0.5979381443298969,7,follower,0.631578947368421,0.6440677966101694,76.0,118.0,2.191950464396285,62,3.966666666666667,2.600577756997238,0.7433028942070093,3.4986783682198053,0.021853594596615445,0.10655858195965373,0.23339204300382121,0.018976784838172257,0.955039974341202,4.081027601368344,0.20925802452615053,0.1632504013797812,0.15158915602707035
20240603_MC,dodson,MC,0.5979381443298969,7,follower,0.631578947368421,0.6440677966101694,76.0,118.0,2.191950464396285,63,3.2666666666666666,2.6861333241048957,0.2889333982573166,9.296721460053208,0.022572548942057947,0.10168683336732179,0.2547992379985395,0.01287195501389635,0.8486203664558357,3.9588351016635657,0.20925802452615053,0.1632504013797812,0.15158915602707035
20240603_MC,dodson,MC,0.5979381443298969,7,follower,0.631578947368421,0.6440677966101694,76.0,118.0,2.191950464396285,64,3.8333333333333335,3.9403467346808414,1.1936422660431267,3.30111193845617,0.033112157434292785,0.09733442263010993,0.383047855958547,0.06265534043539812,0.6484539620524745,2.5473371148991704,0.20925802452615053,0.1632504013797812,0.15158915602707035
20240603_MC,dodson,MC,0.5979381443298969,7,follower,0.631578947368421,0.6440677966101694,76.0,118.0,2.191950464396285,65,4.033333333333333,3.8371611176427503,1.0814853350920055,3.548047294895876,0.032245051408762604,0.09788393127778039,0.36565264189231583,0.06642116769703213,0.6938692607143511,2.7869102180017116,0.20925802452615053,0.1632504013797812,0.15158915602707035
20240603_MC,dodson,MC,0.5979381443298969,7,follower,0.631578947368421,0.6440677966101694,76.0,118.0,2.191950464396285,66,3.566666666666667,2.9731893973684795,0.4124503059638979,7.208600295301332,0.024984784851835962,0.08699073641787863,0.2845188673748619,0.02156082651932175,0.45171691649205503,3.557120654468828,0.20925802452615053,0.1632504013797812,0.15158915602707035
20240603_MC,dodson,MC,0.5979381443298969,7,follower,0.631578947368421,0.6440677966101694,76.0,118.0,2.191950464396285,67,2.8666666666666667,3.5558516283276496,0.8784407638370215,4.047912818612517,0.029881106120400416,0.09021491699583659,0.36476446601078905,0.046465900666101775,0.7809343828801308,2.8153144221476962,0.20925802452615053,0.1632504013797812,0.15158915602707035
20240603_MC,dodson,MC,0.5979381443298969,7,follower,0.631578947368421,0.6440677966101694,76.0,118.0,2.191950464396285,68,2.966666666666667,3.5369087659420795,0.75159280720771,4.705884266085878,0.029721922402874617,0.09767173573167681,0.32352124279885364,0.031422657971182696,0.7221806812838726,3.0636832007174135,0.20925802452615053,0.1632504013797812,0.15158915602707035
20240603_MC,dodson,MC,0.5979381443298969,7,follower,0.631578947368421,0.6440677966101694,76.0,118.0,2.191950464396285,69,4.466666666666667,2.736617303197242,0.348879211683639,7.8440251283266065,0.022996784060481022,0.10748929265094136,0.2491665466347262,0.029447694434671365,0.579005622540964,3.8203206941109125,0.20925802452615053,0.1632504013797812,0.15158915602707035
20240603_MC,dodson,MC,0.5979381443298969,7,follower,0.631578947368421,0.6440677966101694,76.0,118.0,2.191950464396285,70,4.333333333333333,3.6504079213541267,0.45321173699369316,8.054530859170855,0.030675696818101904,0.10534218336210326,0.3034233015749263,0.025538677042378798,0.3857171850653265,3.2468719896779827,0.20925802452615053,0.1632504013797812,0.15158915602707035
20240603_MC,dodson,MC,0.5979381443298969,7,follower,0.631578947368421,0.6440677966101694,76.0,118.0,2.191950464396285,71,3.033333333333333,2.966096553434207,0.6703347622494944,4.424798951915677,0.02492518112129586,0.11648921186515475,0.27356921982455445,0.019364968328902266,0.6272451586458404,3.909866229656759,0.20925802452615053,0.1632504013797812,0.15158915602707035
20240603_MC,dodson,MC,0.5979381443298969,7,follower,0.631578947368421,0.6440677966101694,76.0,118.0,2.191950464396285,72,3.533333333333333,3.4967608011570457,1.04855917048849,3.334824490188777,0.029384544547538197,0.11868396470108622,0.33610121602504595,0.057850076224069784,0.6270373006284073,2.864346469295371,0.20925802452615053,0.1632504013797812,0.15158915602707035
20240603_MC,dodson,MC,0.5979381443298969,7,follower,0.631578947368421,0.6440677966101694,76.0,118.0,2.191950464396285,73,3.566666666666667,3.162287530224236,0.587951642634658,5.378482346020456,0.026573844791800305,0.10323856227430557,0.3032217780004564,0.031937062723873325,0.7723298906524035,3.237713506404212,0.20925802452615053,0.1632504013797812,0.15158915602707035
20240603_MC,dodson,MC,0.5979381443298969,7,follower,0.631578947368421,0.6440677966101694,76.0,118.0,2.191950464396285,74,3.9,3.342432286676945,0.6731205126397294,4.965577818404558,0.028087666274596176,0.07517804469086323,0.35948322463487586,0.059328437609571245,0.7303552939279242,2.8267985056714315,0.20925802452615053,0.1632504013797812,0.15158915602707035
20240603_MC,dodson,MC,0.5979381443298969,7,follower,0.631578947368421,0.6440677966101694,76.0,118.0,2.191950464396285,75,2.8333333333333335,2.3568279824557696,0.34611061196897147,6.809464665206675,0.019805277163493864,0.11807742886347124,0.23470877804545218,0.026261070882494825,0.6602727803797563,4.0809273841141795,0.20925802452615053,0.1632504013797812,0.15158915602707035
20240604,dodson,MC,0.5853658536585366,14,follower,0.5952380952380952,0.6942148760330579,84.0,121.0,1.565734989648033,0,5.633333333333334,3.896473247150237,0.8039461902112878,4.846684137064188,0.032743472665128046,0.09203729493234315,0.386960291009659,0.05089063237878914,0.7429293083519731,2.485003319535567,0.14389676263838383,0.1314968683892629,0.10529873188705913
20240604,dodson,MC,0.5853658536585366,14,follower,0.5952380952380952,0.6942148760330579,84.0,121.0,1.565734989648033,1,2.566666666666667,3.3264265483328166,0.0668502252524867,49.7593917712204,0.027953164271704342,0.12154218124468384,0.3554876602421101,0.037708140386620424,0.11762969123526176,2.6031410934900614,0.14389676263838383,0.1314968683892629,0.10529873188705913
20240604,dodson,MC,0.5853658536585366,14,follower,0.5952380952380952,0.6942148760330579,84.0,121.0,1.565734989648033,2,1.2333333333333334,3.445709212394138,0.6697285050802504,5.144934382001935,0.02895553959995074,0.08319616715759359,0.4192574617202063,0.05185959113833797,0.6725427838416503,2.543242805613177,0.14389676263838383,0.1314968683892629,0.10529873188705913
20240604,dodson,MC,0.5853658536585366,14,follower,0.5952380952380952,0.6942148760330579,84.0,121.0,1.565734989648033,3,2.6,3.3590228387981313,1.0124383782349293,3.3177553429515423,0.028227082678975893,0.0807428760434059,0.325009765913018,0.027555758758287495,0.7488616903880636,2.98543637597606,0.14389676263838383,0.1314968683892629,0.10529873188705913
20240604,dodson,MC,0.5853658536585366,14,follower,0.5952380952380952,0.6942148760330579,84.0,121.0,1.565734989648033,4,1.7333333333333334,3.342968337715397,0.9030268310725554,3.701959036748488,0.028092170905171403,0.10473378195373385,0.3110473796867315,0.016079673855683378,0.8920978479663497,3.1819194029715194,0.14389676263838383,0.1314968683892629,0.10529873188705913
20240604,dodson,MC,0.5853658536585366,14,follower,0.5952380952380952,0.6942148760330579,84.0,121.0,1.565734989648033,5,2.466666666666667,4.390867129898035,0.21531431055618158,20.392825347074798,0.03689804310838685,0.10613195973913199,0.5010434914624872,0.027505381078409483,0.04498021579985557,1.7734011614491847,0.14389676263838383,0.1314968683892629,0.10529873188705913
20240604,dodson,MC,0.5853658536585366,14,follower,0.5952380952380952,0.6942148760330579,84.0,121.0,1.565734989648033,6,2.4,4.083593773865562,0.5256370887478732,7.768846341480855,0.034315914066097165,0.10066858733995948,0.46575587314336336,0.041830721112891545,0.38725090081770264,2.1574174912126716,0.14389676263838383,0.1314968683892629,0.10529873188705913
20240604,dodson,MC,0.5853658536585366,14,follower,0.5952380952380952,0.6942148760330579,84.0,121.0,1.565734989648033,7,4.433333333333334,6.190954392766957,2.120208149457879,2.9199748120720774,0.05202482682997443,0.06651164668787013,0.6953900774591398,0.1170035047379759,0.43779618919996505,1.4622938882576189,0.14389676263838383,0.1314968683892629,0.10529873188705913
20240604,dodson,MC,0.5853658536585366,14,follower,0.5952380952380952,0.6942148760330579,84.0,121.0,1.565734989648033,8,3.433333333333333,3.6150361190622586,0.8169988037727344,4.424775290206983,0.030378454782035786,0.1049744468363342,0.3629557079027318,0.06389100428171686,0.6218198630245202,2.67104876963022,0.14389676263838383,0.1314968683892629,0.10529873188705913
20240604,dodson,MC,0.5853658536585366,14,follower,0.5952380952380952,0.6942148760330579,84.0,121.0,1.565734989648033,9,4.266666666666667,3.505777017535966,0.4241564382182066,8.265292476198193,0.029460311071730808,0.1031263571733188,0.3820674941540719,0.04886979059866425,0.4440370843758427,2.3079845133569346,0.14389676263838383,0.1314968683892629,0.10529873188705913
20240604,dodson,MC,0.5853658536585366,14,follower,0.5952380952380952,0.6942148760330579,84.0,121.0,1.565734989648033,10,3.533333333333333,3.558846621350674,0.5834085294193179,6.1000935740396,0.02990627412899726,0.09748148980240283,0.3210558316433686,0.01855663745598251,0.7107285033118608,2.999039790488645,0.14389676263838383,0.1314968683892629,0.10529873188705913
20240604,dodson,MC,0.5853658536585366,14,follower,0.5952380952380952,0.6942148760330579,84.0,121.0,1.565734989648033,11,3.6666666666666665,2.774745674469667,0.3216593551325677,8.626348434125573,0.023317190541761908,0.11464790023592476,0.23344657901324764,0.022245627559039173,0.4473620810825436,4.327216672910145,0.14389676263838383,0.1314968683892629,0.10529873188705913
20240604,dodson,MC,0.5853658536585366,14,follower,0.5952380952380952,0.6942148760330579,84.0,121.0,1.565734989648033,12,3.433333333333333,4.446700576310916,0.4724422514401105,9.412156856751,0.03736723173370518,0.1121716289047937,0.4581500244574055,0.025862679310446127,0.5429828471701369,2.1272712153658966,0.14389676263838383,0.1314968683892629,0.10529873188705913
20240604,dodson,MC,0.5853658536585366,14,follower,0.5952380952380952,0.6942148760330579,84.0,121.0,1.565734989648033,13,2.3,3.8350032211626117,0.7409066215210157,5.17609521870609,0.032226917824895895,0.08696855801755954,0.3994786096265589,0.03303473942701004,0.5708567835770181,2.401663331114392,0.14389676263838383,0.1314968683892629,0.10529873188705913
20240604,dodson,MC,0.5853658536585366,14,follower,0.5952380952380952,0.6942148760330579,84.0,121.0,1.565734989648033,14,2.7333333333333334,3.6553606073466924,0.9995630816306881,3.656958399647308,0.030717316028123467,0.08814766865324868,0.40127540613133644,0.04164167663195243,0.8021350189811667,2.6612479449625925,0.14389676263838383,0.1314968683892629,0.10529873188705913
20240604,dodson,MC,0.5853658536585366,14,follower,0.5952380952380952,0.6942148760330579,84.0,121.0,1.565734989648033,15,2.7333333333333334,3.799961085278136,0.5916534858604856,6.422612519136214,0.03193244609477425,0.09438384467697643,0.3821459653501723,0.04391115600607356,0.634556967862247,2.5627493563965724,0.14389676263838383,0.1314968683892629,0.10529873188705913
20240604,dodson,MC,0.5853658536585366,14,follower,0.5952380952380952,0.6942148760330579,84.0,121.0,1.565734989648033,16,4.0,3.4461272014306306,0.654612025457831,5.264381140906224,0.02895905211286244,0.10532565207885175,0.3819618100020446,0.06209574609629701,0.5867504225306132,2.690290884591784,0.14389676263838383,0.1314968683892629,0.10529873188705913
20240604,dodson,MC,0.5853658536585366,14,follower,0.5952380952380952,0.6942148760330579,84.0,121.0,1.565734989648033,17,2.7333333333333334,3.999580253775713,0.7363239917869524,5.431821179789765,0.03360991809895557,0.10882852403410008,0.41011253335283016,0.08145658535767746,0.41020628462718267,2.0715943335882674,0.14389676263838383,0.1314968683892629,0.10529873188705913
20240604,dodson,MC,0.5853658536585366,14,follower,0.5952380952380952,0.6942148760330579,84.0,121.0,1.565734989648033,18,2.8666666666666667,2.2889526874378405,0.6887315282845632,3.323432416603577,0.019234896533091097,0.13327067359814707,0.22661717363102743,0.015773978942409193,0.9929536048627703,4.710294337024538,0.14389676263838383,0.1314968683892629,0.10529873188705913
20240604,dodson,MC,0.5853658536585366,14,follower,0.5952380952380952,0.6942148760330579,84.0,121.0,1.565734989648033,19,3.566666666666667,3.6858592529978575,0.9876304362281941,3.7320227463567472,0.030973607168049224,0.0862469671128606,0.37342320963419695,0.060922982181442084,0.7809276163970148,2.659448839584309,0.14389676263838383,0.1314968683892629,0.10529873188705913
20240604,dodson,MC,0.5853658536585366,14,follower,0.5952380952380952,0.6942148760330579,84.0,121.0,1.565734989648033,20,2.3,3.4694398124493078,0.836364663045973,4.148238161825113,0.02915495640713704,0.07951437368685561,0.383548460550566,0.033490379323363094,0.7377858206887657,2.612261558302748,0.14389676263838383,0.1314968683892629,0.10529873188705913
20240604,dodson,MC,0.5853658536585366,14,follower,0.5952380952380952,0.6942148760330579,84.0,121.0,1.565734989648033,21,3.5,3.24752964400207,0.9951549669863023,3.2633406371238762,0.027290165075647646,0.09593462796220792,0.3229454970530005,0.024798444327520264,0.82599241572829,3.2546031109117397,0.14389676263838383,0.1314968683892629,0.10529873188705913
20240604,dodson,MC,0.5853658536585366,14,follower,0.5952380952380952,0.6942148760330579,84.0,121.0,1.565734989648033,22,3.433333333333333,4.746473209188521,0.983841446322023,4.824429004218779,0.03988632948897917,0.1198964632395825,0.43452081383057006,0.09141269062769496,0.46622885488231164,2.3173292271945725,0.14389676263838383,0.1314968683892629,0.10529873188705913
20240604,dodson,MC,0.5853658536585366,14,follower,0.5952380952380952,0.6942148760330579,84.0,121.0,1.565734989648033,23,1.4666666666666666,2.7515430447455853,0.27132013081206385,10.14131548776049,0.023122210460046935,0.11168623846137692,0.2937574862968311,0.045394220513497695,0.1960927173248809,3.4871821713714275,0.14389676263838383,0.1314968683892629,0.10529873188705913
20240604,dodson,MC,0.5853658536585366,14,follower,0.5952380952380952,0.6942148760330579,84.0,121.0,1.565734989648033,24,2.933333333333333,3.4581782229269082,0.8973060599650345,3.8539561663738944,0.029060321201066455,0.07709150009572543,0.36478659795219076,0.026538900028522373,0.7301682622936514,2.6152978529745146,0.14389676263838383,0.1314968683892629,0.10529873188705913
20240604,dodson,MC,0.5853658536585366,14,follower,0.5952380952380952,0.6942148760330579,84.0,121.0,1.565734989648033,25,3.3666666666666667,3.7576743289054373,0.5090470678090154,7.381781698652754,0.03157709520088603,0.10189637575533511,0.35822238971501347,0.06829248978738262,0.47263316327173943,2.783476667328563,0.14389676263838383,0.1314968683892629,0.10529873188705913
20240604,dodson,MC,0.5853658536585366,14,follower,0.5952380952380952,0.6942148760330579,84.0,121.0,1.565734989648033,26,3.3,3.8155850078945996,0.6732846094385367,5.667120493184123,0.032063739562139495,0.09762832304923995,0.3830690822602208,0.07790649076163883,0.6521838218584599,2.6765212447254427,0.14389676263838383,0.1314968683892629,0.10529873188705913
20240604,dodson,MC,0.5853658536585366,14,follower,0.5952380952380952,0.6942148760330579,84.0,121.0,1.565734989648033,27,3.533333333333333,4.667672937483926,1.4796161745961753,3.1546511978066554,0.0392241423317977,0.07804305820843199,0.48343879870507395,0.11928404370930394,0.6553416466335292,2.0333799373791503,0.14389676263838383,0.1314968683892629,0.10529873188705913
20240604,dodson,MC,0.5853658536585366,14,follower,0.5952380952380952,0.6942148760330579,84.0,121.0,1.565734989648033,28,3.7333333333333334,5.115205562320488,1.2050852528029972,4.244683561119557,0.04298492069176881,0.08545503064738846,0.5453802991007087,0.11526439776250749,0.5913965519013737,1.863642265208186,0.14389676263838383,0.1314968683892629,0.10529873188705913
20240604,dodson,MC,0.5853658536585366,14,follower,0.5952380952380952,0.6942148760330579,84.0,121.0,1.565734989648033,29,3.3666666666666667,5.927237724008472,1.558200865184737,3.8038983653790686,0.04980872036981909,0.11699357686998402,0.5449745102926343,0.17239531019112433,0.4867251626598838,1.8054215997465322,0.14389676263838383,0.1314968683892629,0.10529873188705913
20240604,dodson,MC,0.5853658536585366,14,follower,0.5952380952380952,0.6942148760330579,84.0,121.0,1.565734989648033,30,4.133333333333334,3.952484546747345,0.8840283601892013,4.470992928214913,0.0332141558550197,0.11485061588123317,0.37758671120498827,0.08645232141119806,0.5098988077966536,2.584260834860921,0.14389676263838383,0.1314968683892629,0.10529873188705913
20240604,dodson,MC,0.5853658536585366,14,follower,0.5952380952380952,0.6942148760330579,84.0,121.0,1.565734989648033,31,3.1,4.692465317390999,1.109993289797682,4.2274717879117025,0.039432481658747895,0.10919555458113576,0.45032903627361764,0.1749460214649633,0.45600588057647423,2.1719912187234565,0.14389676263838383,0.1314968683892629,0.10529873188705913
20240604,dodson,MC,0.5853658536585366,14,follower,0.5952380952380952,0.6942148760330579,84.0,121.0,1.565734989648033,32,2.8666666666666667,3.389216728933461,0.6460843509865678,5.245780560631352,0.028480812848180343,0.1058686666389127,0.3546429251855057,0.06498288331243897,0.7542122434263966,2.8058093121363563,0.14389676263838383,0.1314968683892629,0.10529873188705913
20240604,dodson,MC,0.5853658536585366,14,follower,0.5952380952380952,0.6942148760330579,84.0,121.0,1.565734989648033,33,1.5666666666666667,3.1115316368585617,0.7169290464396688,4.340083097917004,0.026147324679483712,0.11466105904125544,0.2908685437092224,0.07090497087964727,0.7836630141224451,3.2254024371785284,0.14389676263838383,0.1314968683892629,0.10529873188705913
20240604,dodson,MC,0.5853658536585366,14,follower,0.5952380952380952,0.6942148760330579,84.0,121.0,1.565734989648033,34,2.3,4.576399067854144,0.7239551271671694,6.3213849810851634,0.0384571350239844,0.10485653414868767,0.519451837783741,0.02875065848108728,0.3282467950561595,1.901499465097781,0.14389676263838383,0.1314968683892629,0.10529873188705913
20240604,dodson,MC,0.5853658536585366,14,follower,0.5952380952380952,0.6942148760330579,84.0,121.0,1.565734989648033,35,2.6,4.084740217146506,0.7243108062610222,5.639485400241944,0.03432554804324795,0.12756431282960437,0.3734746877471873,0.07422405946980105,0.613602824302428,2.462278759559681,0.14389676263838383,0.1314968683892629,0.10529873188705913
20240604,dodson,MC,0.5853658536585366,14,follower,0.5952380952380952,0.6942148760330579,84.0,121.0,1.565734989648033,36,2.6666666666666665,4.058803846288065,0.6700652674050884,6.057326119896186,0.03410759534695853,0.08917496423559756,0.48903467276076856,0.10529558528530057,0.4774625931653197,2.0701528510331126,0.14389676263838383,0.1314968683892629,0.10529873188705913
20240604,dodson,MC,0.5853658536585366,14,follower,0.5952380952380952,0.6942148760330579,84.0,121.0,1.565734989648033,37,3.533333333333333,4.427532370937083,0.7202497543768459,6.147218161521967,0.03720615437762255,0.09071216837751105,0.45012724255032294,0.036153763013755814,0.5443805412104978,2.050649507655425,0.14389676263838383,0.1314968683892629,0.10529873188705913
20240604,dodson,MC,0.5853658536585366,14,follower,0.5952380952380952,0.6942148760330579,84.0,121.0,1.565734989648033,38,2.7333333333333334,3.6864740603688033,1.0281961576591656,3.585380117313008,0.030978773616544567,0.09541630515785057,0.4163650010912183,0.052432109112779596,0.7538799895894543,2.600756477710211,0.14389676263838383,0.1314968683892629,0.10529873188705913
20240604,dodson,MC,0.5853658536585366,14,follower,0.5952380952380952,0.6942148760330579,84.0,121.0,1.565734989648033,39,4.366666666666666,3.9619539682401954,0.7211555807948921,5.493896287779041,0.03329373082554786,0.12244018289842307,0.3179071464112827,0.04831421263118109,0.5237815383859671,3.067833380426783,0.14389676263838383,0.1314968683892629,0.10529873188705913
20240604,dodson,MC,0.5853658536585366,14,follower,0.5952380952380952,0.6942148760330579,84.0,121.0,1.565734989648033,40,2.6333333333333333,2.9862836683225678,0.46813856210877747,6.3790593427521785,0.025094820742206453,0.09369139318582,0.3055754120515424,0.034726505188162615,0.6841583552834816,3.4106601590832373,0.14389676263838383,0.1314968683892629,0.10529873188705913
20240604,dodson,MC,0.5853658536585366,14,follower,0.5952380952380952,0.6942148760330579,84.0,121.0,1.565734989648033,41,2.0,3.330550525011695,0.39728988369207013,8.38317475909637,0.027987819537913405,0.10078372216545149,0.3874029334983593,0.036409747366325025,0.3082686662334921,2.474333731170349,0.14389676263838383,0.1314968683892629,0.10529873188705913
20240604,dodson,MC,0.5853658536585366,14,follower,0.5952380952380952,0.6942148760330579,84.0,121.0,1.565734989648033,42,2.6666666666666665,2.9262743704255096,1.1273165976149835,2.5957875335256357,0.024590540927945458,0.09469278736987441,0.3113690520446614,0.01873834058405733,0.949560211046145,3.680323886324303,0.14389676263838383,0.1314968683892629,0.10529873188705913
20240604,dodson,MC,0.5853658536585366,14,follower,0.5952380952380952,0.6942148760330579,84.0,121.0,1.565734989648033,43,3.566666666666667,3.466891046691404,0.7012572308605349,4.943822172695564,0.02913353820749079,0.08070511581689228,0.33989794929911327,0.02825702121082952,0.6888390754034972,2.939738220979241,0.14389676263838383,0.1314968683892629,0.10529873188705913
20240604,dodson,MC,0.5853658536585366,14,follower,0.5952380952380952,0.6942148760330579,84.0,121.0,1.565734989648033,44,1.7666666666666666,2.6169775861795515,0.7183140940259441,3.6432218272540693,0.02199140828722312,0.10921752814637993,0.269135731086066,0.03370820887975227,0.8986714860283544,3.744155105874867,0.14389676263838383,0.1314968683892629,0.10529873188705913
20240604,dodson,MC,0.5853658536585366,14,follower,0.5952380952380952,0.6942148760330579,84.0,121.0,1.565734989648033,45,2.7666666666666666,2.4157276758700124,0.5403977027481647,4.470277470805212,0.020300232570336238,0.0932036371715299,0.2912579822092762,0.03824567246403953,1.0699543951708825,3.3893927726780815,0.14389676263838383,0.1314968683892629,0.10529873188705913
20240604,dodson,MC,0.5853658536585366,14,follower,0.5952380952380952,0.6942148760330579,84.0,121.0,1.565734989648033,46,2.7333333333333334,2.918515154953593,0.6203356657781576,4.7047353811143,0.024525337436584815,0.08421137821128853,0.2928131977073398,0.020289342656663992,1.001473167405739,3.3244162533050408,0.14389676263838383,0.1314968683892629,0.10529873188705913
20240604,dodson,MC,0.5853658536585366,14,follower,0.5952380952380952,0.6942148760330579,84.0,121.0,1.565734989648033,47,2.3,3.8494632300048903,1.2897548551444673,2.984647210010856,0.03234843050424278,0.09178134374580102,0.386718828933069,0.03712854829802134,0.78099522899397,2.7429158021819697,0.14389676263838383,0.1314968683892629,0.10529873188705913
20240604,dodson,MC,0.5853658536585366,14,follower,0.5952380952380952,0.6942148760330579,84.0,121.0,1.565734989648033,48,1.5333333333333334,2.2131195355572593,0.2121150651056862,10.433580162986415,0.018597643155943356,0.14319896109414565,0.19602487572158747,0.011987122997551438,0.5932560338580298,4.993616144170815,0.14389676263838383,0.1314968683892629,0.10529873188705913
20240604,dodson,MC,0.5853658536585366,14,follower,0.5952380952380952,0.6942148760330579,84.0,121.0,1.565734989648033,49,3.066666666666667,2.713804751298389,0.6226297905659223,4.358616938055198,0.02280508194368394,0.1010547966862763,0.2771415599445728,0.02925983032531849,0.9116155859113888,3.485973737559612,0.14389676263838383,0.1314968683892629,0.10529873188705913
20240604,dodson,MC,0.5853658536585366,14,follower,0.5952380952380952,0.6942148760330579,84.0,121.0,1.565734989648033,50,2.8333333333333335,1.2869889610644032,0.35699011629668354,3.605110904512623,0.01081503328625549,0.15585404265491648,0.1578939105474084,0.00348297743622052,2.244947592042321,6.153070564837934,0.14389676263838383,0.1314968683892629,0.10529873188705913
20240604,dodson,MC,0.5853658536585366,14,follower,0.5952380952380952,0.6942148760330579,84.0,121.0,1.565734989648033,51,2.6,1.9547673524415525,0.4647003723791415,4.206511267537116,0.01642661640707187,0.11236524942661565,0.17445918475414368,0.005028739409754088,1.2495752199773886,5.509679580813217,0.14389676263838383,0.1314968683892629,0.10529873188705913
20240604,dodson,MC,0.5853658536585366,14,follower,0.5952380952380952,0.6942148760330579,84.0,121.0,1.565734989648033,52,3.2666666666666666,2.7420851777912705,0.6696279411249069,4.094938411896084,0.023042732586481266,0.11768651657727408,0.21375532594080499,0.01573956906199966,0.9539921190506149,4.648130767567078,0.14389676263838383,0.1314968683892629,0.10529873188705913
20240604,dodson,MC,0.5853658536585366,14,follower,0.5952380952380952,0.6942148760330579,84.0,121.0,1.565734989648033,53,3.1333333333333333,2.312699851862956,0.23697260983792306,9.759355114689088,0.019434452536663496,0.14165688251997385,0.26096365008813965,0.00879047690216035,0.6327286594278673,3.791320377219202,0.14389676263838383,0.1314968683892629,0.10529873188705913
20240604,dodson,MC,0.5853658536585366,14,follower,0.5952380952380952,0.6942148760330579,84.0,121.0,1.565734989648033,54,1.9,3.244716563946015,1.079915768681785,3.004601523604684,0.027266525747445505,0.0977833673539623,0.3024437456273838,0.028138937424351057,0.6849777535551389,3.4154770933768117,0.14389676263838383,0.1314968683892629,0.10529873188705913
20240604,dodson,MC,0.5853658536585366,14,follower,0.5952380952380952,0.6942148760330579,84.0,121.0,1.565734989648033,55,2.8333333333333335,2.7603643601049233,0.47907742303163264,5.761833531284277,0.023196339160545573,0.12740539555583014,0.2733515095800609,0.045209893097740275,0.4713811112500403,3.3490666083796916,0.14389676263838383,0.1314968683892629,0.10529873188705913
20240604,dodson,MC,0.5853658536585366,14,follower,0.5952380952380952,0.6942148760330579,84.0,121.0,1.565734989648033,56,3.1,3.1588490695472844,0.6280582096874718,5.029548250183944,0.026544950164262893,0.10642762196012572,0.3175721442695944,0.0516958941944969,0.3464636305708397,3.054152094090346,0.14389676263838383,0.1314968683892629,0.10529873188705913
20240604,dodson,MC,0.5853658536585366,14,follower,0.5952380952380952,0.6942148760330579,84.0,121.0,1.565734989648033,57,2.7,4.635336685770597,0.6154643158319959,7.531446692412158,0.038952409124122664,0.10975623512347359,0.4379303690708601,0.06542780849912368,0.48490903459816337,2.4355695124647134,0.14389676263838383,0.1314968683892629,0.10529873188705913
20240604,dodson,MC,0.5853658536585366,14,follower,0.5952380952380952,0.6942148760330579,84.0,121.0,1.565734989648033,58,3.6,2.49985834644952,0.4775260553287765,5.235019782801943,0.021007212995374117,0.11794049716064203,0.21632111890574854,0.021220166157323195,0.7681239224737854,4.587999324435598,0.14389676263838383,0.1314968683892629,0.10529873188705913
20240604,dodson,MC,0.5853658536585366,14,follower,0.5952380952380952,0.6942148760330579,84.0,121.0,1.565734989648033,59,2.6,3.2670776383991558,0.26476162552540755,12.339694742075205,0.02745443393612736,0.12577356258424857,0.2743905300952048,0.03016867932750943,0.6966571297093873,3.939449273945295,0.14389676263838383,0.1314968683892629,0.10529873188705913
20240604,dodson,MC,0.5853658536585366,14,follower,0.5952380952380952,0.6942148760330579,84.0,121.0,1.565734989648033,60,2.2333333333333334,4.876779532205133,1.536431135569675,3.174095746502124,0.04098134060676582,0.08677591687698724,0.4969971449697128,0.1130351773700889,0.5849986881162847,2.0204588267103256,0.14389676263838383,0.1314968683892629,0.10529873188705913
20240604,dodson,MC,0.5853658536585366,14,follower,0.5952380952380952,0.6942148760330579,84.0,121.0,1.565734989648033,61,2.0,4.8836095134476105,0.48383665615439103,10.09350873136256,0.04103873540712278,0.10782148484659665,0.548135710720651,0.08649518636840854,0.1789845142968873,1.6373379174990197,0.14389676263838383,0.1314968683892629,0.10529873188705913
20240604,dodson,MC,0.5853658536585366,14,follower,0.5952380952380952,0.6942148760330579,84.0,121.0,1.565734989648033,62,3.1,2.3640517439087225,0.6895722701889863,3.4282871369824996,0.01986598104124977,0.10623414176771193,0.25923379328673,0.02541781462135352,0.8588644179107943,3.939871674022538,0.14389676263838383,0.1314968683892629,0.10529873188705913
20240604,dodson,MC,0.5853658536585366,14,follower,0.5952380952380952,0.6942148760330579,84.0,121.0,1.565734989648033,63,4.7,3.642167862276553,0.6408199967482313,5.683605194529388,0.030606452624172713,0.11464953850019739,0.36624743056961656,0.04607506112547236,0.663771768968275,3.027812002802816,0.14389676263838383,0.1314968683892629,0.10529873188705913
20240604,dodson,MC,0.5853658536585366,14,follower,0.5952380952380952,0.6942148760330579,84.0,121.0,1.565734989648033,64,3.3,4.027919240125093,0.7564748443350162,5.324591121950473,0.033848060841387334,0.08143448559196942,0.4166526949006811,0.09347572791455494,0.70132309524846,2.36364451141546,0.14389676263838383,0.1314968683892629,0.10529873188705913
20240604,dodson,MC,0.5853658536585366,14,follower,0.5952380952380952,0.6942148760330579,84.0,121.0,1.565734989648033,65,1.8,4.249058307449536,1.2501151530220658,3.39893352798559,0.0357063723315087,0.09241924376071672,0.4223928550018449,0.06084793525173284,0.7070587827424613,2.25837889019899,0.14389676263838383,0.1314968683892629,0.10529873188705913
20240604,dodson,MC,0.5853658536585366,14,follower,0.5952380952380952,0.6942148760330579,84.0,121.0,1.565734989648033,66,2.466666666666667,3.166889648722939,0.6387700301299493,4.957793101343026,0.026612518056495286,0.09051669729391,0.3340556170167002,0.023718344693653175,0.6909915387915344,3.274786619274442,0.14389676263838383,0.1314968683892629,0.10529873188705913
20240604,dodson,MC,0.5853658536585366,14,follower,0.5952380952380952,0.6942148760330579,84.0,121.0,1.565734989648033,67,2.3,3.6425115988805636,0.5062085688973791,7.195673528037394,0.03060934116706356,0.11696120680647358,0.3416658991060916,0.07334358922086934,0.5484373451112389,2.878887959698806,0.14389676263838383,0.1314968683892629,0.10529873188705913
20240604,dodson,MC,0.5853658536585366,14,follower,0.5952380952380952,0.6942148760330579,84.0,121.0,1.565734989648033,68,1.9333333333333333,4.703860831440669,0.7871192068799865,5.976046309536791,0.03952824228101402,0.10461316267492625,0.4528038855946788,0.08824859711953935,0.35074973337365034,2.2671874939126253,0.14389676263838383,0.1314968683892629,0.10529873188705913
20240604,dodson,MC,0.5853658536585366,14,follower,0.5952380952380952,0.6942148760330579,84.0,121.0,1.565734989648033,69,2.2,2.9504615295251613,0.7999213961428866,3.68843931885294,0.024793794365757658,0.10641469033273884,0.29916792032568634,0.04139753900104513,0.8582302984662992,3.92649666119007,0.14389676263838383,0.1314968683892629,0.10529873188705913
20240604,dodson,MC,0.5853658536585366,14,follower,0.5952380952380952,0.6942148760330579,84.0,121.0,1.565734989648033,70,1.1,3.628425902358372,0.45231998106608157,8.021812111431528,0.030490973969398084,0.09595748377407182,0.3535035281191605,0.033700381518272066,0.7161534155982071,2.7419303633339145,0.14389676263838383,0.1314968683892629,0.10529873188705913
20240604,dodson,MC,0.5853658536585366,14,follower,0.5952380952380952,0.6942148760330579,84.0,121.0,1.565734989648033,71,4.633333333333334,5.106213026234535,1.1034260223690704,4.627598880866909,0.042909353161634745,0.09230433309354927,0.5245557166767664,0.11204214722437253,0.5735247959738594,1.8560000772850336,0.14389676263838383,0.1314968683892629,0.10529873188705913
20240604,dodson,MC,0.5853658536585366,14,follower,0.5952380952380952,0.6942148760330579,84.0,121.0,1.565734989648033,72,4.033333333333333,3.342386513384842,0.4709268223326336,7.0974647331172545,0.028087281625082706,0.08872126828768805,0.32707069118353077,0.050630823769050516,0.4393012270437395,3.068164438921372,0.14389676263838383,0.1314968683892629,0.10529873188705913
20240604,dodson,MC,0.5853658536585366,14,follower,0.5952380952380952,0.6942148760330579,84.0,121.0,1.565734989648033,73,2.5,2.4467698878856305,0.5963200286345967,4.103115391726885,0.02056109149483723,0.11287731858658479,0.228141478004709,0.021515309124505035,0.672554253811848,4.266916078316978,0.14389676263838383,0.1314968683892629,0.10529873188705913
20240604,dodson,MC,0.5853658536585366,14,follower,0.5952380952380952,0.6942148760330579,84.0,121.0,1.565734989648033,74,1.5,3.2471457088881692,0.6803349064521772,4.7728635971678175,0.02728693873015268,0.11900067035813683,0.2920096669383862,0.027659628053224552,0.7830061057851555,3.092422440985672,0.14389676263838383,0.1314968683892629,0.10529873188705913
20240604,dodson,MC,0.5853658536585366,14,follower,0.5952380952380952,0.6942148760330579,84.0,121.0,1.565734989648033,75,5.7,4.028435271568215,0.5392916899509173,7.469863427591211,0.03385239724006903,0.09398458881878026,0.44429552677330375,0.05465281660232582,0.25250899130985277,2.0739170335209955,0.14389676263838383,0.1314968683892629,0.10529873188705913
20240604,dodson,MC,0.5853658536585366,14,follower,0.5952380952380952,0.6942148760330579,84.0,121.0,1.565734989648033,76,3.966666666666667,3.2928103255012555,0.3201379669553474,10.285597665335752,0.02767067500421223,0.08858346278940057,0.3846202143463125,0.04690087714649216,0.36525109308145853,2.4886001208613697,0.14389676263838383,0.1314968683892629,0.10529873188705913
20240604,dodson,MC,0.5853658536585366,14,follower,0.5952380952380952,0.6942148760330579,84.0,121.0,1.565734989648033,77,4.366666666666666,3.7655535395313575,0.9292232543988805,4.052366879224643,0.031643307054885356,0.09949699067186653,0.386121772131107,0.06932747739850341,0.8004619293631194,2.727287489316766,0.14389676263838383,0.1314968683892629,0.10529873188705913
20240604,dodson,MC,0.5853658536585366,14,follower,0.5952380952380952,0.6942148760330579,84.0,121.0,1.565734989648033,78,3.466666666666667,2.477041049294843,0.3775027081984489,6.561651070308854,0.020815471002477673,0.09907040205104725,0.25507787444910274,0.025415362321191997,0.7111495214493663,3.8480965829072775,0.14389676263838383,0.1314968683892629,0.10529873188705913
20240604,dodson,MC,0.5853658536585366,14,follower,0.5952380952380952,0.6942148760330579,84.0,121.0,1.565734989648033,79,3.6333333333333333,3.206251356926756,0.3645869359622429,8.794202536260926,0.02694328871367022,0.1157272542759093,0.3332191699756197,0.03925865053759048,0.2974212851135722,2.885427428803165,0.14389676263838383,0.1314968683892629,0.10529873188705913
20240604,dodson,MC,0.5853658536585366,14,follower,0.5952380952380952,0.6942148760330579,84.0,121.0,1.565734989648033,80,2.466666666666667,3.856776685700819,0.9323297200964603,4.136708937372275,0.032409888115132936,0.09071719936895513,0.3518888897057424,0.0729421722230155,0.6207728745988033,2.8643336439605895,0.14389676263838383,0.1314968683892629,0.10529873188705913
20240604,dodson,MC,0.5853658536585366,14,follower,0.5952380952380952,0.6942148760330579,84.0,121.0,1.565734989648033,81,1.7333333333333334,4.5537419158240375,0.6347864728662166,7.173659349202538,0.03826673878843729,0.08590185170161811,0.4720266538002932,0.08195271744011806,0.617050019856568,2.0986116868675153,0.14389676263838383,0.1314968683892629,0.10529873188705913
20240604,dodson,MC,0.5853658536585366,14,follower,0.5952380952380952,0.6942148760330579,84.0,121.0,1.565734989648033,82,2.1666666666666665,2.5098729396287087,0.34468917813710664,7.281554219930744,0.021091369240577383,0.10174422662922579,0.2601296552057345,0.01935448861590821,0.5677847861304739,3.409587663452938,0.14389676263838383,0.1314968683892629,0.10529873188705913
20240604,dodson,MC,0.5853658536585366,14,follower,0.5952380952380952,0.6942148760330579,84.0,121.0,1.565734989648033,83,2.6,4.409734368181156,1.4233587107959453,3.0981187909513146,0.03705659132925341,0.09030144887342757,0.42789359373699337,0.05249443063188447,0.6498438721579103,2.3969397870050955,0.14389676263838383,0.1314968683892629,0.10529873188705913
20240605_MC,dodson,MC,0.46938775510204084,13,leader,0.42857142857142855,1.0,49.0,49.0,0.75,0,3.6333333333333333,3.2547663195569694,1.101667813904114,2.9543990288893514,0.02735097747526865,0.12267780661789354,0.2490937323905565,0.032559988591809204,0.6774200977473982,3.9088399025108562,0.22569783165351104,0.10495021191758896,0.09941162058094197
20240605_MC,dodson,MC,0.46938775510204084,13,leader,0.42857142857142855,1.0,49.0,49.0,0.75,1,2.6333333333333333,4.3695401975180035,0.7088080938978422,6.164630786718653,0.03671882518922692,0.11355529293596293,0.3284023597986506,0.08114418997771432,0.45469475632823714,3.05711735228317,0.22569783165351104,0.10495021191758896,0.09941162058094197
20240605_MC,dodson,MC,0.46938775510204084,13,leader,0.42857142857142855,1.0,49.0,49.0,0.75,2,3.8333333333333335,3.8360311670607663,0.9281897448087101,4.132809254266573,0.03223555602572072,0.1246099341486747,0.321211081336139,0.03240993603186568,0.5950920210144176,3.1234039684141583,0.22569783165351104,0.10495021191758896,0.09941162058094197
20240605_MC,dodson,MC,0.46938775510204084,13,leader,0.42857142857142855,1.0,49.0,49.0,0.75,3,4.266666666666667,3.218384142059181,0.7883910890623698,4.082217806249931,0.027045244891253623,0.12489424202068158,0.243650489852821,0.0373043067414029,0.9598301719450348,4.141410910628286,0.22569783165351104,0.10495021191758896,0.09941162058094197
20240605_MC,dodson,MC,0.46938775510204084,13,leader,0.42857142857142855,1.0,49.0,49.0,0.75,4,1.6333333333333333,2.5213560407664786,0.7790381751375949,3.2364986995934477,0.021187865888793938,0.12639861235054803,0.19006241923815287,0.007776651252066091,1.1046583808032704,5.339007669863263,0.22569783165351104,0.10495021191758896,0.09941162058094197
20240605_MC,dodson,MC,0.46938775510204084,13,leader,0.42857142857142855,1.0,49.0,49.0,0.75,5,3.1,2.3505518424767162,0.4933246374698431,4.764716099589503,0.019752536491400977,0.13017029310078074,0.20733644818429126,0.010165518285270545,0.8574889894966395,5.2583006729645385,0.22569783165351104,0.10495021191758896,0.09941162058094197
20240605_MC,dodson,MC,0.46938775510204084,13,leader,0.42857142857142855,1.0,49.0,49.0,0.75,6,2.8333333333333335,1.7772028557960533,0.4998702160461779,3.555328560787618,0.014934477779798767,0.1282024446007036,0.17205348101226386,0.012958712495732015,1.031931117426405,5.577127906509436,0.22569783165351104,0.10495021191758896,0.09941162058094197
20240605_MC,dodson,MC,0.46938775510204084,13,leader,0.42857142857142855,1.0,49.0,49.0,0.75,7,2.1,4.049252659907728,1.1013616138193005,3.6765877883338733,0.034027333276535524,0.11194406458886949,0.3432034089928887,0.060027876595728925,0.5462882580580694,3.3001924656326396,0.22569783165351104,0.10495021191758896,0.09941162058094197
20240605_MC,dodson,MC,0.46938775510204084,13,leader,0.42857142857142855,1.0,49.0,49.0,0.75,8,2.5,1.790118790047022,0.4440680524186033,4.031181212647912,0.015043015042411949,0.13678258624446565,0.16247569561563832,0.009053425438601144,0.9874311921300291,6.28418925234631,0.22569783165351104,0.10495021191758896,0.09941162058094197
20240605_MC,dodson,MC,0.46938775510204084,13,leader,0.42857142857142855,1.0,49.0,49.0,0.75,9,1.3,4.5109273626199435,0.6212639913599807,7.2608865560440385,0.03790695262705835,0.1121695183593923,0.3988979974463736,0.10203548420548798,0.3245059647387441,2.6387350040995043,0.22569783165351104,0.10495021191758896,0.09941162058094197
20240605_MC,dodson,MC,0.46938775510204084,13,leader,0.42857142857142855,1.0,49.0,49.0,0.75,10,1.5,4.7144567759313745,0.4983200795182834,9.460699999263026,0.03961728383135609,0.11100366773267738,0.32550176655134266,0.08727883134421918,0.3165095768104201,3.0103539283561767,0.22569783165351104,0.10495021191758896,0.09941162058094197
20240605_MC,dodson,MC,0.46938775510204084,13,leader,0.42857142857142855,1.0,49.0,49.0,0.75,11,3.566666666666667,2.5262189311264005,0.1394069434952447,18.12118441010488,0.02122873051366723,0.11718022511710403,0.20411918397696066,0.015087475214955317,0.5506488064984341,4.433015442318783,0.22569783165351104,0.10495021191758896,0.09941162058094197
20240605_MC,dodson,MC,0.46938775510204084,13,leader,0.42857142857142855,1.0,49.0,49.0,0.75,12,3.066666666666667,2.9905157211543716,0.4358250056562172,6.861735059583337,0.025130384211381272,0.12164084259334332,0.23758264095334367,0.03196675493177208,0.5118860651975194,4.216375417026856,0.22569783165351104,0.10495021191758896,0.09941162058094197
20240605_MC,dodson,MC,0.46938775510204084,13,leader,0.42857142857142855,1.0,49.0,49.0,0.75,13,4.966666666666667,1.938107833743951,0.24055359104978846,8.056865105550688,0.01628662045162984,0.11899147469693017,0.1795873244254544,0.006743058909502064,0.8765945012587053,5.222213293531038,0.22569783165351104,0.10495021191758896,0.09941162058094197
20240605_MC,dodson,MC,0.46938775510204084,13,leader,0.42857142857142855,1.0,49.0,49.0,0.75,14,2.1333333333333333,2.8487144872472934,0.43114588562989814,6.6073099203657275,0.023938777203758768,0.12495746013160998,0.23578671364482304,0.026973769581472736,0.7537237276456696,4.396420964254065,0.22569783165351104,0.10495021191758896,0.09941162058094197
20240605_MC,dodson,MC,0.46938775510204084,13,leader,0.42857142857142855,1.0,49.0,49.0,0.75,15,1.7333333333333334,2.9741910628989445,0.36529118282051504,8.141973315464082,0.024993202209234826,0.1241458560720155,0.20709790015177945,0.023835573063471872,0.2728686967648528,4.840037505630001,0.22569783165351104,0.10495021191758896,0.09941162058094197
20240605_MC,dodson,MC,0.46938775510204084,13,leader,0.42857142857142855,1.0,49.0,49.0,0.75,16,5.066666666666666,4.332247162042259,0.38283160654282083,11.316325736959978,0.03640543833648958,0.11520730399283922,0.352339824033136,0.01894596279287842,0.15015262582584923,2.977296785798398,0.22569783165351104,0.10495021191758896,0.09941162058094197
20240605_MC,dodson,MC,0.46938775510204084,13,leader,0.42857142857142855,1.0,49.0,49.0,0.75,17,2.4,2.836557324167313,0.5366093023128138,5.286075571074904,0.023836616169473218,0.12376791159561677,0.21818380255633166,0.017825104268237697,0.031417972624490774,4.819772878876286,0.22569783165351104,0.10495021191758896,0.09941162058094197
20240605_MC,dodson,MC,0.46938775510204084,13,leader,0.42857142857142855,1.0,49.0,49.0,0.75,18,3.533333333333333,3.9485181610063194,0.6457135637855739,6.114968590496464,0.03318082488240604,0.11519406218986135,0.284444696786733,0.019436994939857337,0.6450434500128888,3.4430076618895797,0.22569783165351104,0.10495021191758896,0.09941162058094197
20240605_MC,dodson,MC,0.46938775510204084,13,leader,0.42857142857142855,1.0,49.0,49.0,0.75,19,5.533333333333333,4.3046175855835545,0.7002284577686801,6.147447362108755,0.03617325702171054,0.11073373181118444,0.3819009362253658,0.07876871614999327,0.27922809074972926,2.6634050349187235,0.22569783165351104,0.10495021191758896,0.09941162058094197
20240605_MC,dodson,MC,0.46938775510204084,13,leader,0.42857142857142855,1.0,49.0,49.0,0.75,20,2.1,2.9040245441727777,0.1617046832969398,17.958815322869103,0.024403567598090568,0.11230253690400277,0.24343856695483146,0.012776926969747873,0.15787630897431904,3.9887036572006074,0.22569783165351104,0.10495021191758896,0.09941162058094197
20240605_MC,dodson,MC,0.46938775510204084,13,leader,0.42857142857142855,1.0,49.0,49.0,0.75,21,4.833333333333333,3.1214971057093384,0.6470058305998302,4.824527010545548,0.026231068115204523,0.11032510447986237,0.21836037036640998,0.01504935104880596,0.8716225474896139,4.522894674948172,0.22569783165351104,0.10495021191758896,0.09941162058094197
20240605_MC,dodson,MC,0.46938775510204084,13,leader,0.42857142857142855,1.0,49.0,49.0,0.75,22,3.2666666666666666,4.04806209332341,0.6799851185196467,5.953162772350363,0.03401732851532278,0.11373619135486814,0.28020344336241126,0.062043219717734424,0.41250031997802966,3.5236844242758254,0.22569783165351104,0.10495021191758896,0.09941162058094197
20240605_MC,dodson,MC,0.46938775510204084,13,leader,0.42857142857142855,1.0,49.0,49.0,0.75,23,3.6,3.6238991184933163,0.5704019469800663,6.353237638264863,0.030452933768851397,0.11424832076959979,0.30049594667758694,0.021684816205054733,0.22194373444053317,3.436851133607029,0.22569783165351104,0.10495021191758896,0.09941162058094197
20240605_MC,dodson,MC,0.46938775510204084,13,leader,0.42857142857142855,1.0,49.0,49.0,0.75,24,5.8,4.89639808672793,0.7819726997619443,6.2615972248373115,0.0411462024094784,0.12055629749759833,0.34332998404884235,0.07527957172039161,0.4429024684377602,2.9228791830477943,0.22569783165351104,0.10495021191758896,0.09941162058094197
20240605_MC,dodson,MC,0.46938775510204084,13,leader,0.42857142857142855,1.0,49.0,49.0,0.75,25,3.8666666666666667,2.8436456928098495,0.7108514531421753,4.00033745480872,0.023896182292519743,0.11709154246093607,0.21417358579012766,0.02688926403821536,0.7292081333775995,5.077419261481032,0.22569783165351104,0.10495021191758896,0.09941162058094197
20240605_MC,dodson,MC,0.46938775510204084,13,leader,0.42857142857142855,1.0,49.0,49.0,0.75,26,2.3333333333333335,4.67752417323672,0.8253160362882983,5.66755517592145,0.03930692582551865,0.11235754175207582,0.34016093567880745,0.06835635349059824,0.42928572418957156,2.9899389366000784,0.22569783165351104,0.10495021191758896,0.09941162058094197
20240605_MC,dodson,MC,0.46938775510204084,13,leader,0.42857142857142855,1.0,49.0,49.0,0.75,27,2.6333333333333333,2.8047910078896234,0.6091895531222565,4.604135106247854,0.02356967233520692,0.125057389623443,0.1960516614498956,0.01062395032287459,0.8634195916763787,5.2356121861556755,0.22569783165351104,0.10495021191758896,0.09941162058094197
20240605_MC,dodson,MC,0.46938775510204084,13,leader,0.42857142857142855,1.0,49.0,49.0,0.75,28,4.866666666666666,4.292709002163772,0.44011012441590597,9.753715636196414,0.036073184892132536,0.12434752786220998,0.33988820915763795,0.08349644670820515,0.3120785520227462,2.950416514294304,0.22569783165351104,0.10495021191758896,0.09941162058094197
20240605_MC,dodson,MC,0.46938775510204084,13,leader,0.42857142857142855,1.0,49.0,49.0,0.75,29,2.6666666666666665,2.726067347383566,0.475985171244999,5.72721066131786,0.0229081289696098,0.10569561140118246,0.2166559715445929,0.022989543370428335,0.46283739779833705,4.6643388185556205,0.22569783165351104,0.10495021191758896,0.09941162058094197
20240605_MC,dodson,MC,0.46938775510204084,13,leader,0.42857142857142855,1.0,49.0,49.0,0.75,30,2.3333333333333335,3.682044467608709,0.5257841178968282,7.0029587092457914,0.030941550147972344,0.1126526260660616,0.3453126094799253,0.024867824448584434,0.20901051448702151,3.435569211258949,0.22569783165351104,0.10495021191758896,0.09941162058094197
20240605_MC,dodson,MC,0.46938775510204084,13,leader,0.42857142857142855,1.0,49.0,49.0,0.75,31,2.2666666666666666,4.11211130179841,0.8981367092500915,4.578491514094619,0.03455555715796983,0.11298972827292049,0.311353315237344,0.07301640266229263,0.6077710531812112,3.4390999877971966,0.22569783165351104,0.10495021191758896,0.09941162058094197
20240605_MC,dodson,MC,0.46938775510204084,13,leader,0.42857142857142855,1.0,49.0,49.0,0.75,32,1.9,5.707554721687316,1.038854643821696,5.494084043067467,0.04796264472006148,0.1194290254906497,0.3835124888435043,0.04969583153841675,0.4557873122781984,2.635980221840546,0.22569783165351104,0.10495021191758896,0.09941162058094197
20240605_MC,dodson,MC,0.46938775510204084,13,leader,0.42857142857142855,1.0,49.0,49.0,0.75,33,3.966666666666667,3.042810140851118,1.4706796672825686,2.0689822593885694,0.025569833116395952,0.11500114732686725,0.2845807599170796,0.02152264677137362,0.9414801632360368,3.8808938995075684,0.22569783165351104,0.10495021191758896,0.09941162058094197
20240605_MC,dodson,MC,0.46938775510204084,13,leader,0.42857142857142855,1.0,49.0,49.0,0.75,34,3.4,4.0910961835490225,0.7505205132927847,5.451011812588591,0.03437895952562204,0.12727678025407585,0.30544975469931424,0.08703762412953182,0.4708624033397525,3.252334781992721,0.22569783165351104,0.10495021191758896,0.09941162058094197
20240605_MC,dodson,MC,0.46938775510204084,13,leader,0.42857142857142855,1.0,49.0,49.0,0.75,35,1.9666666666666666,6.294486201500203,0.5791350639734351,10.868770677281821,0.05289484202941347,0.12366543725326734,0.4458925997585684,0.09964349245516467,0.22939165689551191,2.251308151786925,0.22569783165351104,0.10495021191758896,0.09941162058094197
20240605_MC,dodson,MC,0.46938775510204084,13,leader,0.42857142857142855,1.0,49.0,49.0,0.75,36,1.5333333333333334,2.9877508963757693,0.979312674479844,3.050865136574174,0.025107150389712347,0.12676532943201946,0.28005962122082556,0.04217504428441358,0.8639803158966594,4.116454427607804,0.22569783165351104,0.10495021191758896,0.09941162058094197
20240605_MC,dodson,MC,0.46938775510204084,13,leader,0.42857142857142855,1.0,49.0,49.0,0.75,37,2.966666666666667,3.0234660699835327,0.5166146352452193,5.852459190491954,0.025407277899021283,0.12911645375771294,0.20202409022199908,0.012636444680936096,0.7048222818992357,4.884462482854709,0.22569783165351104,0.10495021191758896,0.09941162058094197
20240605_MC,dodson,MC,0.46938775510204084,13,leader,0.42857142857142855,1.0,49.0,49.0,0.75,38,3.7,2.46493471822123,0.755890754146847,3.2609668853581013,0.020713737127909495,0.10912211820336688,0.26965879984977253,0.03481074943845271,0.9035839838899896,3.839570984652006,0.22569783165351104,0.10495021191758896,0.09941162058094197
20240605_MC,dodson,MC,0.46938775510204084,13,leader,0.42857142857142855,1.0,49.0,49.0,0.75,39,1.7666666666666666,3.1366465464036817,0.5138603141279446,6.104084048068162,0.026358374339526737,0.12519186258110532,0.23823487805075244,0.016355873745717203,0.3933199691813803,4.438703165057761,0.22569783165351104,0.10495021191758896,0.09941162058094197
20240605_MC,dodson,MC,0.46938775510204084,13,leader,0.42857142857142855,1.0,49.0,49.0,0.75,40,2.1,2.240522580009018,0.6900810145476285,3.246752964907688,0.018827920840411915,0.12417396709186754,0.25344373051322056,0.013845137503803147,1.176789093429294,4.636878177212606,0.22569783165351104,0.10495021191758896,0.09941162058094197
20240605_MC,dodson,MC,0.46938775510204084,13,leader,0.42857142857142855,1.0,49.0,49.0,0.75,41,3.566666666666667,2.9132429243094102,0.7215192688975194,4.037650898444947,0.024481032977390002,0.1240284003880837,0.21368558168605273,0.026837907759249203,0.9523625368971043,5.0179785777203,0.22569783165351104,0.10495021191758896,0.09941162058094197
20240605_MC,dodson,MC,0.46938775510204084,13,leader,0.42857142857142855,1.0,49.0,49.0,0.75,42,3.7666666666666666,3.8019375537914812,0.28937329691058905,13.138522435835567,0.03194905507387799,0.12735107898898199,0.2753761748129978,0.02173182906321336,0.6108650298048335,3.4916771395956983,0.22569783165351104,0.10495021191758896,0.09941162058094197
20240605_MC,dodson,MC,0.46938775510204084,13,leader,0.42857142857142855,1.0,49.0,49.0,0.75,43,4.066666666666666,3.7508011156025156,0.4894562126778364,7.663200544705967,0.031519337105903496,0.11937051256884669,0.2609530818675358,0.03182346664964545,0.672424057972655,3.888738360417552,0.22569783165351104,0.10495021191758896,0.09941162058094197
20240605_MC,dodson,MC,0.46938775510204084,13,leader,0.42857142857142855,1.0,49.0,49.0,0.75,44,1.4666666666666666,3.6129664315518495,0.19820517450918274,18.228416288821272,0.030361062450015543,0.13072907532213654,0.26325708905751183,0.016381086415082676,0.4131842639306239,3.835197140085053,0.22569783165351104,0.10495021191758896,0.09941162058094197
20240605_MC,dodson,MC,0.46938775510204084,13,leader,0.42857142857142855,1.0,49.0,49.0,0.75,45,4.766666666666667,4.9603906039957595,0.5486816963648021,9.040561470994913,0.04168395465542655,0.10425370518767625,0.36425573469718436,0.09880567296752674,0.28872368079653193,2.7008646245121564,0.22569783165351104,0.10495021191758896,0.09941162058094197
20240605_MC,dodson,MC,0.46938775510204084,13,leader,0.42857142857142855,1.0,49.0,49.0,0.75,46,3.6666666666666665,2.470599136928905,0.7084235226603359,3.4874606191097217,0.020761337285116848,0.11577370681816379,0.24300500126344582,0.009928709271643847,1.2507435601584918,4.478521697332801,0.22569783165351104,0.10495021191758896,0.09941162058094197
20240605_MC,dodson,MC,0.46938775510204084,13,leader,0.42857142857142855,1.0,49.0,49.0,0.75,47,3.2333333333333334,3.0019264451325425,0.8540868781184772,3.5147787912930815,0.025226272648172624,0.13687775466916413,0.2220669111799662,0.016424947325508792,0.748995499613946,4.532169695107344,0.22569783165351104,0.10495021191758896,0.09941162058094197
20240605_MC,dodson,MC,0.46938775510204084,13,leader,0.42857142857142855,1.0,49.0,49.0,0.75,48,4.6,3.330955082023864,0.9194244578433454,3.622869778597301,0.027991219176671127,0.11598280121528079,0.2698446357297907,0.05650699798191322,0.6872821682406146,3.7467863519514,0.22569783165351104,0.10495021191758896,0.09941162058094197
20240606_MC,dodson,MC,0.5844155844155844,13,follower,0.5970149253731343,0.7701149425287356,67.0,87.0,2.1641791044776117,0,2.3333333333333335,2.5859810581392764,0.8194027473995348,3.1559340828990057,0.021730933261674593,0.12300013316620698,0.25217610613602703,0.013399028778416368,1.130595519543164,4.1218098582963165,0.15350355704102048,0.11694999537266064,0.10953879057634341
20240606_MC,dodson,MC,0.5844155844155844,13,follower,0.5970149253731343,0.7701149425287356,67.0,87.0,2.1641791044776117,1,2.933333333333333,2.65360934909783,0.7117707788977234,3.7281796721232574,0.022299238227712858,0.1298026250078287,0.23595934311549135,0.022007035797572908,0.9356538233356148,4.394988295479939,0.15350355704102048,0.11694999537266064,0.10953879057634341
20240606_MC,dodson,MC,0.5844155844155844,13,follower,0.5970149253731343,0.7701149425287356,67.0,87.0,2.1641791044776117,2,2.3,3.574552162949163,0.3924681402474711,9.107878567404798,0.030038253470161033,0.12365779028030294,0.2647984331564967,0.02641060757353674,0.281647813964887,3.6929528333842154,0.15350355704102048,0.11694999537266064,0.10953879057634341
20240606_MC,dodson,MC,0.5844155844155844,13,follower,0.5970149253731343,0.7701149425287356,67.0,87.0,2.1641791044776117,3,2.466666666666667,4.1075937432717495,0.17734995436827225,23.160951791068488,0.034517594481275206,0.10802739985193648,0.32044648516090357,0.03325940000502318,0.08749937638597265,3.0241548080241722,0.15350355704102048,0.11694999537266064,0.10953879057634341
20240606_MC,dodson,MC,0.5844155844155844,13,follower,0.5970149253731343,0.7701149425287356,67.0,87.0,2.1641791044776117,4,2.533333333333333,5.258299734830929,1.0157644765757428,5.176691896685788,0.04418739272967167,0.0933805074745677,0.48600216675308144,0.02076876766070592,0.4255727275025203,1.9783774355848494,0.15350355704102048,0.11694999537266064,0.10953879057634341
20240606_MC,dodson,MC,0.5844155844155844,13,follower,0.5970149253731343,0.7701149425287356,67.0,87.0,2.1641791044776117,5,3.433333333333333,4.91441650178572,1.2867612009999405,3.8192140841414344,0.04129761766206487,0.10218454526079339,0.513397695162305,0.07582472771563603,0.6217647997275775,1.9954369729302543,0.15350355704102048,0.11694999537266064,0.10953879057634341
20240606_MC,dodson,MC,0.5844155844155844,13,follower,0.5970149253731343,0.7701149425287356,67.0,87.0,2.1641791044776117,6,3.7,3.2379734803468048,0.7318086427140548,4.4246177092663865,0.027209861179384915,0.11896983065638307,0.30797051643230594,0.03150291118235585,0.9107536343587861,3.339412845261465,0.15350355704102048,0.11694999537266064,0.10953879057634341
20240606_MC,dodson,MC,0.5844155844155844,13,follower,0.5970149253731343,0.7701149425287356,67.0,87.0,2.1641791044776117,7,3.5,3.992668274187792,1.0173351291692692,3.924634232819727,0.033551834236872205,0.09644284542150032,0.3765592578850596,0.035841818899299625,0.5577400443021969,2.615557687761748,0.15350355704102048,0.11694999537266064,0.10953879057634341
20240606_MC,dodson,MC,0.5844155844155844,13,follower,0.5970149253731343,0.7701149425287356,67.0,87.0,2.1641791044776117,8,3.2666666666666666,3.587350201082545,0.3505316533767017,10.234026418228684,0.03014580000909702,0.09710298868320132,0.30849959359159157,0.023443035148417522,0.31920070649965826,3.23573425679405,0.15350355704102048,0.11694999537266064,0.10953879057634341
20240606_MC,dodson,MC,0.5844155844155844,13,follower,0.5970149253731343,0.7701149425287356,67.0,87.0,2.1641791044776117,9,4.866666666666666,4.141507933077888,0.632559291067814,6.547224887151163,0.03480258767292343,0.10271183445513953,0.3416365796440136,0.05601469575894153,0.45456930300131937,2.8446185260397234,0.15350355704102048,0.11694999537266064,0.10953879057634341
20240606_MC,dodson,MC,0.5844155844155844,13,follower,0.5970149253731343,0.7701149425287356,67.0,87.0,2.1641791044776117,10,3.566666666666667,3.4734704824653773,0.36417771562853185,9.537844665949805,0.029188827583742666,0.13091148867932054,0.26694738144201063,0.041326003192385004,0.2657481845006896,3.717028434041268,0.15350355704102048,0.11694999537266064,0.10953879057634341
20240606_MC,dodson,MC,0.5844155844155844,13,follower,0.5970149253731343,0.7701149425287356,67.0,87.0,2.1641791044776117,11,3.1,3.8053660392822017,0.8917020335273155,4.267530964608518,0.031977865876321024,0.09051420544586253,0.40286362869273856,0.06444299875944419,0.6768655164437908,2.365740885153168,0.15350355704102048,0.11694999537266064,0.10953879057634341
20240606_MC,dodson,MC,0.5844155844155844,13,follower,0.5970149253731343,0.7701149425287356,67.0,87.0,2.1641791044776117,12,1.9666666666666666,3.050995958407064,0.3970689920743119,7.683793041779667,0.025638621499219024,0.1214300518188415,0.26858836106453854,0.03389577325925215,0.5575386419992835,3.7303922557277347,0.15350355704102048,0.11694999537266064,0.10953879057634341
20240606_MC,dodson,MC,0.5844155844155844,13,follower,0.5970149253731343,0.7701149425287356,67.0,87.0,2.1641791044776117,13,2.3666666666666667,4.124588656107092,0.8328477251007416,4.952392294291469,0.034660408874849516,0.10188896802039289,0.3766763193078237,0.06455344477374066,0.5153212119320759,2.606874164344141,0.15350355704102048,0.11694999537266064,0.10953879057634341
20240606_MC,dodson,MC,0.5844155844155844,13,follower,0.5970149253731343,0.7701149425287356,67.0,87.0,2.1641791044776117,14,1.7333333333333334,2.8574830819975956,1.0532711069448666,2.712960664311824,0.024012462873929375,0.12364625381003679,0.25220395114003463,0.025658349502573077,1.0157823273340496,4.109045351843913,0.15350355704102048,0.11694999537266064,0.10953879057634341
20240606_MC,dodson,MC,0.5844155844155844,13,follower,0.5970149253731343,0.7701149425287356,67.0,87.0,2.1641791044776117,15,4.266666666666667,2.7112415712650804,0.5865782881363725,4.622130798395233,0.022783542615672944,0.1535410460026848,0.21810944976555238,0.016318721457139983,0.6879281186653425,4.892746864915681,0.15350355704102048,0.11694999537266064,0.10953879057634341
20240606_MC,dodson,MC,0.5844155844155844,13,follower,0.5970149253731343,0.7701149425287356,67.0,87.0,2.1641791044776117,16,2.5,2.9523231753889956,0.7678952499888273,3.844695191736049,0.024809438448647022,0.15351060622485638,0.2207837312994156,0.018025747665704406,0.8858319770356153,4.240351122329329,0.15350355704102048,0.11694999537266064,0.10953879057634341
20240606_MC,dodson,MC,0.5844155844155844,13,follower,0.5970149253731343,0.7701149425287356,67.0,87.0,2.1641791044776117,17,2.5,3.2916213218156374,0.5941562782220244,5.539992494341066,0.027660683376601995,0.12532310970496938,0.25508403701899646,0.039308406305871,0.6844728747472895,3.9041534078147113,0.15350355704102048,0.11694999537266064,0.10953879057634341
20240606_MC,dodson,MC,0.5844155844155844,13,follower,0.5970149253731343,0.7701149425287356,67.0,87.0,2.1641791044776117,18,2.9,3.6264744866759617,0.566418875410198,6.402460518374649,0.030474575518285394,0.11217120993637308,0.3054931683467083,0.03037718768583586,0.5249207940624951,3.2984006606131504,0.15350355704102048,0.11694999537266064,0.10953879057634341
20240606_MC,dodson,MC,0.5844155844155844,13,follower,0.5970149253731343,0.7701149425287356,67.0,87.0,2.1641791044776117,19,4.333333333333333,3.0091329928521544,0.4684601824707176,6.42345519523476,0.02528683187270718,0.11687816644715365,0.24681132468939826,0.02617565122632107,0.4455603603800355,4.12622947891058,0.15350355704102048,0.11694999537266064,0.10953879057634341
20240606_MC,dodson,MC,0.5844155844155844,13,follower,0.5970149253731343,0.7701149425287356,67.0,87.0,2.1641791044776117,20,2.7666666666666666,2.6083104926321004,0.5392535902830464,4.8368903603646585,0.021918575568336977,0.13412524357929684,0.1900166120663096,0.01559710595939952,0.7297556465465311,5.114204468597296,0.15350355704102048,0.11694999537266064,0.10953879057634341
20240606_MC,dodson,MC,0.5844155844155844,13,follower,0.5970149253731343,0.7701149425287356,67.0,87.0,2.1641791044776117,21,2.533333333333333,3.3687409531868253,0.3831108011020741,8.793124452498208,0.028308747505771642,0.10145382871648734,0.2803871232584214,0.02020104660531248,0.4109950604064008,3.4953700736683153,0.15350355704102048,0.11694999537266064,0.10953879057634341
20240606_MC,dodson,MC,0.5844155844155844,13,follower,0.5970149253731343,0.7701149425287356,67.0,87.0,2.1641791044776117,22,3.066666666666667,4.421137236091339,0.8627374405255454,5.124545462404133,0.037152413748666714,0.09058251450519735,0.43327538400667637,0.10886965929205102,0.6048360171301052,2.2479059920623476,0.15350355704102048,0.11694999537266064,0.10953879057634341
20240606_MC,dodson,MC,0.5844155844155844,13,follower,0.5970149253731343,0.7701149425287356,67.0,87.0,2.1641791044776117,23,4.366666666666666,5.531202294400093,0.5259854683663622,10.515884234557353,0.046480691549580615,0.10265447155901737,0.4484388242840929,0.05170242385049176,0.20031788287499913,2.221734672114199,0.15350355704102048,0.11694999537266064,0.10953879057634341
20240606_MC,dodson,MC,0.5844155844155844,13,follower,0.5970149253731343,0.7701149425287356,67.0,87.0,2.1641791044776117,24,2.566666666666667,3.0812573171934736,0.5403283382736712,5.702564716553597,0.02589291863187793,0.09998528406322589,0.2667140439293219,0.022985327463654923,0.5252122397495792,3.6939155691833587,0.15350355704102048,0.11694999537266064,0.10953879057634341
20240606_MC,dodson,MC,0.5844155844155844,13,follower,0.5970149253731343,0.7701149425287356,67.0,87.0,2.1641791044776117,25,2.5,4.430604270437727,0.19355204306481819,22.891023004877155,0.037231968659140566,0.10519355285880336,0.3509708433600205,0.017123888026195015,0.25330856812700503,2.7222547161219635,0.15350355704102048,0.11694999537266064,0.10953879057634341
20240606_MC,dodson,MC,0.5844155844155844,13,follower,0.5970149253731343,0.7701149425287356,67.0,87.0,2.1641791044776117,26,4.2,2.526706248791256,0.3165502376569677,7.982007113604957,0.021232825620094587,0.13057755165909063,0.21604964487624415,0.015931963284046703,0.7533535098664208,4.689866701115118,0.15350355704102048,0.11694999537266064,0.10953879057634341
20240606_MC,dodson,MC,0.5844155844155844,13,follower,0.5970149253731343,0.7701149425287356,67.0,87.0,2.1641791044776117,27,2.466666666666667,2.596939852221104,0.20676352365272588,12.559951612078589,0.02182302396824457,0.10931515785897987,0.21601973252215925,0.005674942867341613,0.44821230543020835,4.38509573231689,0.15350355704102048,0.11694999537266064,0.10953879057634341
20240606_MC,dodson,MC,0.5844155844155844,13,follower,0.5970149253731343,0.7701149425287356,67.0,87.0,2.1641791044776117,28,4.6,4.646578014297432,0.5855665616119307,7.935183323150261,0.03904687406972632,0.10010114650698436,0.3855706351314396,0.07030343463782385,0.06686431073006475,2.65237499441099,0.15350355704102048,0.11694999537266064,0.10953879057634341
20240606_MC,dodson,MC,0.5844155844155844,13,follower,0.5970149253731343,0.7701149425287356,67.0,87.0,2.1641791044776117,29,3.3,3.684726674742222,0.33949172338390937,10.853656866843265,0.03096408970371615,0.150535209102998,0.2789638507536488,0.034062376271448314,0.4286569581717076,3.610463161084512,0.15350355704102048,0.11694999537266064,0.10953879057634341
20240606_MC,dodson,MC,0.5844155844155844,13,follower,0.5970149253731343,0.7701149425287356,67.0,87.0,2.1641791044776117,30,2.0,3.811612582173226,0.7152195975165918,5.329289906775525,0.03203035783338845,0.10274437217228388,0.343094972084029,0.04093690155207702,0.5290646017962193,2.6956646267857347,0.15350355704102048,0.11694999537266064,0.10953879057634341
20240606_MC,dodson,MC,0.5844155844155844,13,follower,0.5970149253731343,0.7701149425287356,67.0,87.0,2.1641791044776117,31,3.5,3.2344273145359512,1.0222327171983778,3.164081192197126,0.027180061466688665,0.10935928566233134,0.3188926224051011,0.01409596505980925,0.795564037568487,3.3664675519620735,0.15350355704102048,0.11694999537266064,0.10953879057634341
20240606_MC,dodson,MC,0.5844155844155844,13,follower,0.5970149253731343,0.7701149425287356,67.0,87.0,2.1641791044776117,32,1.9666666666666666,3.278020201445747,0.514444993428114,6.371954714928723,0.02754638824744325,0.11468825003563193,0.2748565095839743,0.03724229692869901,0.5451935018291532,3.718486435591446,0.15350355704102048,0.11694999537266064,0.10953879057634341
20240606_MC,dodson,MC,0.5844155844155844,13,follower,0.5970149253731343,0.7701149425287356,67.0,87.0,2.1641791044776117,33,2.8666666666666667,3.2839597276793575,0.6486128995690665,5.06305028756165,0.02759630023259964,0.0852982143569674,0.3053910235256235,0.03705176083611531,0.5866062933952789,3.241176540777763,0.15350355704102048,0.11694999537266064,0.10953879057634341
20240606_MC,dodson,MC,0.5844155844155844,13,follower,0.5970149253731343,0.7701149425287356,67.0,87.0,2.1641791044776117,34,3.533333333333333,3.3837878079386194,0.9110396098033778,3.7142049275650204,0.028435191663349742,0.09271585516643106,0.34182732235161,0.02258720385098028,0.8290794476361963,3.019792606750261,0.15350355704102048,0.11694999537266064,0.10953879057634341
20240606_MC,dodson,MC,0.5844155844155844,13,follower,0.5970149253731343,0.7701149425287356,67.0,87.0,2.1641791044776117,35,2.8,4.267733578759393,0.5166479495900436,8.260428754523867,0.035863307384532715,0.09651702118021774,0.36939931327782916,0.017468719663858417,0.2226743207583155,2.7324203957323645,0.15350355704102048,0.11694999537266064,0.10953879057634341
20240606_MC,dodson,MC,0.5844155844155844,13,follower,0.5970149253731343,0.7701149425287356,67.0,87.0,2.1641791044776117,36,1.7666666666666666,3.4377239557268475,1.1128805402216548,3.089032318816671,0.028888436602746616,0.09082054853833679,0.3570066186186758,0.10828656507163048,0.6991376369362252,2.8087600308291614,0.15350355704102048,0.11694999537266064,0.10953879057634341
20240606_MC,dodson,MC,0.5844155844155844,13,follower,0.5970149253731343,0.7701149425287356,67.0,87.0,2.1641791044776117,37,3.2,2.7669401556076183,0.610941846229221,4.528974685046345,0.023251597946282506,0.09699231285457766,0.2712665702219198,0.008750743529148869,1.0260133654945294,3.7006933193859632,0.15350355704102048,0.11694999537266064,0.10953879057634341
20240606_MC,dodson,MC,0.5844155844155844,13,follower,0.5970149253731343,0.7701149425287356,67.0,87.0,2.1641791044776117,38,2.8333333333333335,2.8569076756042846,0.5804578131954735,4.921817935185928,0.024007627526086425,0.12180364142053585,0.29963167525566287,0.01753352138272191,0.8341894064905161,3.697603919040309,0.15350355704102048,0.11694999537266064,0.10953879057634341
20240606_MC,dodson,MC,0.5844155844155844,13,follower,0.5970149253731343,0.7701149425287356,67.0,87.0,2.1641791044776117,39,1.7666666666666666,3.062861996198737,0.47022956789949405,6.513546159762942,0.025738336102510397,0.09162307401449606,0.2552701494401123,0.025931076396605014,0.4373698140072174,3.8054050048846078,0.15350355704102048,0.11694999537266064,0.10953879057634341
20240606_MC,dodson,MC,0.5844155844155844,13,follower,0.5970149253731343,0.7701149425287356,67.0,87.0,2.1641791044776117,40,3.7,4.218014501314765,1.2721741311924322,3.3155952458812714,0.035445500011048445,0.07654560347772801,0.4167108047349876,0.0405402261848673,0.7216298050773442,2.230103489160546,0.15350355704102048,0.11694999537266064,0.10953879057634341
20240606_MC,dodson,MC,0.5844155844155844,13,follower,0.5970149253731343,0.7701149425287356,67.0,87.0,2.1641791044776117,41,2.5,3.4081866495232274,0.5935596834688966,5.741944314015763,0.028640223945573338,0.09006527800784038,0.3131053333422837,0.015009211975787707,0.6658701402363972,2.966618137958062,0.15350355704102048,0.11694999537266064,0.10953879057634341
20240606_MC,dodson,MC,0.5844155844155844,13,follower,0.5970149253731343,0.7701149425287356,67.0,87.0,2.1641791044776117,42,3.3666666666666667,3.4279785068632185,0.13650756552638904,25.112003819308732,0.02880654207448083,0.11320367619124237,0.29749040545403,0.008373053218129464,0.16705602027296143,3.410647545144643,0.15350355704102048,0.11694999537266064,0.10953879057634341
20240606_MC,dodson,MC,0.5844155844155844,13,follower,0.5970149253731343,0.7701149425287356,67.0,87.0,2.1641791044776117,43,3.6,1.9499738021116748,0.24736647610249077,7.882934797129692,0.016386334471526678,0.14943309217124312,0.14734294639368534,0.007440690004889557,1.011631938687087,6.550235032539901,0.15350355704102048,0.11694999537266064,0.10953879057634341
20240606_MC,dodson,MC,0.5844155844155844,13,follower,0.5970149253731343,0.7701149425287356,67.0,87.0,2.1641791044776117,44,2.8,4.135329241088724,0.5303226974641585,7.797760233274208,0.03475066589150188,0.089614655087957,0.3534970702380864,0.040615884687157794,0.2556264121137928,2.7967718819637604,0.15350355704102048,0.11694999537266064,0.10953879057634341
20240606_MC,dodson,MC,0.5844155844155844,13,follower,0.5970149253731343,0.7701149425287356,67.0,87.0,2.1641791044776117,45,2.6666666666666665,3.7126382534157814,1.155804405453007,3.2121682837509575,0.031198640785006566,0.09365280485886492,0.3749350312471466,0.06685735204411875,0.8173831716615977,2.6315860429487734,0.15350355704102048,0.11694999537266064,0.10953879057634341
20240606_MC,dodson,MC,0.5844155844155844,13,follower,0.5970149253731343,0.7701149425287356,67.0,87.0,2.1641791044776117,46,1.7333333333333334,5.212921802045694,0.6190796256743927,8.420438318200203,0.0438060655634092,0.1175175950115478,0.44716853386146194,0.055146972329617634,0.2894373263017738,2.274009747349238,0.15350355704102048,0.11694999537266064,0.10953879057634341
20240606_MC,dodson,MC,0.5844155844155844,13,follower,0.5970149253731343,0.7701149425287356,67.0,87.0,2.1641791044776117,47,2.8666666666666667,4.176960511084668,1.569830126644979,2.6607722964341467,0.035100508496509815,0.13389341997870136,0.45326568295475556,0.0259587223448934,0.74285752652138,2.420699782078214,0.15350355704102048,0.11694999537266064,0.10953879057634341
20240606_MC,dodson,MC,0.5844155844155844,13,follower,0.5970149253731343,0.7701149425287356,67.0,87.0,2.1641791044776117,48,4.6,5.543157338487925,2.3307232555063875,2.3782992362529902,0.04658115410494054,0.09364848568041612,0.5666404960850886,0.24340482472464492,0.4995895647296738,1.8632046291782063,0.15350355704102048,0.11694999537266064,0.10953879057634341
20240606_MC,dodson,MC,0.5844155844155844,13,follower,0.5970149253731343,0.7701149425287356,67.0,87.0,2.1641791044776117,49,3.3,4.050245435648905,0.454620422652778,8.90907058687579,0.03403567592982273,0.10693899158440713,0.3607105338096412,0.06639983078786761,0.4214582776487762,2.6901042301566216,0.15350355704102048,0.11694999537266064,0.10953879057634341
20240606_MC,dodson,MC,0.5844155844155844,13,follower,0.5970149253731343,0.7701149425287356,67.0,87.0,2.1641791044776117,50,2.966666666666667,4.445429996995861,0.3781702815855474,11.755101374855768,0.03735655459660387,0.10336310668982998,0.4072165551819366,0.0551085774887705,0.43581696156398403,2.40791498786318,0.15350355704102048,0.11694999537266064,0.10953879057634341
20240606_MC,dodson,MC,0.5844155844155844,13,follower,0.5970149253731343,0.7701149425287356,67.0,87.0,2.1641791044776117,51,3.6,2.5326656422733302,0.33724056857527657,7.5099673001174105,0.021282904556918742,0.11007038761213106,0.21781182451910583,0.018051669022173058,0.5358418040185631,4.645876792031304,0.15350355704102048,0.11694999537266064,0.10953879057634341
20240606_MC,dodson,MC,0.5844155844155844,13,follower,0.5970149253731343,0.7701149425287356,67.0,87.0,2.1641791044776117,52,5.3,2.3693463004580155,0.2989146034800383,7.926498982898445,0.019910473113092568,0.1415848774820937,0.1550557386114815,0.011585015819554345,0.6032844652025663,6.313839034196832,0.15350355704102048,0.11694999537266064,0.10953879057634341
20240606_MC,dodson,MC,0.5844155844155844,13,follower,0.5970149253731343,0.7701149425287356,67.0,87.0,2.1641791044776117,53,1.9666666666666666,3.649705685358106,0.5341867458439957,6.832265520911985,0.0306697956752782,0.12923479818205133,0.29825990843952593,0.04509583092680724,0.589586235398704,3.209699868205448,0.15350355704102048,0.11694999537266064,0.10953879057634341
20240606_MC,dodson,MC,0.5844155844155844,13,follower,0.5970149253731343,0.7701149425287356,67.0,87.0,2.1641791044776117,54,1.8666666666666667,4.542285267608721,0.5898215532854529,7.701117808101553,0.03817046443368673,0.0888944053461909,0.3927255845807867,0.08272722426276086,0.3059653150536963,2.512944427527288,0.15350355704102048,0.11694999537266064,0.10953879057634341
20240606_MC,dodson,MC,0.5844155844155844,13,follower,0.5970149253731343,0.7701149425287356,67.0,87.0,2.1641791044776117,55,1.5333333333333334,3.424944680029303,1.0459263049412268,3.2745564040687927,0.02878104773133868,0.1075112529546115,0.30063977352466353,0.01751447345348932,0.514599776064381,3.248107039193829,0.15350355704102048,0.11694999537266064,0.10953879057634341
20240606_MC,dodson,MC,0.5844155844155844,13,follower,0.5970149253731343,0.7701149425287356,67.0,87.0,2.1641791044776117,56,2.8333333333333335,3.9959389201823865,0.45007789766005174,8.878327376121362,0.033579318656994844,0.12499450563322613,0.32341780937579434,0.054352897448631074,0.35853836860974414,3.1672341246731204,0.15350355704102048,0.11694999537266064,0.10953879057634341
20240606_MC,dodson,MC,0.5844155844155844,13,follower,0.5970149253731343,0.7701149425287356,67.0,87.0,2.1641791044776117,57,2.6,3.784774795512707,0.5569397083713238,6.795663405973768,0.031804830214392496,0.12036058001669372,0.3393319086669597,0.05957630691047708,0.5143499097731392,2.8671383410869415,0.15350355704102048,0.11694999537266064,0.10953879057634341
20240606_MC,dodson,MC,0.5844155844155844,13,follower,0.5970149253731343,0.7701149425287356,67.0,87.0,2.1641791044776117,58,4.233333333333333,3.9452140182143425,0.5090505233236462,7.75014234825968,0.03315305897659111,0.10622706046527702,0.3539966130564913,0.07673292250843532,0.45864626714915735,2.7485310567393966,0.15350355704102048,0.11694999537266064,0.10953879057634341
20240606_MC,dodson,MC,0.5844155844155844,13,follower,0.5970149253731343,0.7701149425287356,67.0,87.0,2.1641791044776117,59,2.7666666666666666,3.887155838296596,0.3887895259040462,9.998098146440169,0.032665175111736104,0.11518066790408951,0.3099910615060029,0.031949962406832774,0.14279067931920925,3.379251382518408,0.15350355704102048,0.11694999537266064,0.10953879057634341
20240606_MC,dodson,MC,0.5844155844155844,13,follower,0.5970149253731343,0.7701149425287356,67.0,87.0,2.1641791044776117,60,2.1,2.877574909866791,0.9057719525376502,3.176930906068411,0.024181301763586478,0.13109069061243558,0.2854554071524721,0.028961731246449126,0.9047902419445966,3.644819381676924,0.15350355704102048,0.11694999537266064,0.10953879057634341
20240606_MC,dodson,MC,0.5844155844155844,13,follower,0.5970149253731343,0.7701149425287356,67.0,87.0,2.1641791044776117,61,1.2666666666666666,3.95307357070208,0.07367927228991832,53.65245133186511,0.033219105636151935,0.12749215396913,0.28649542976806747,0.01541626223249165,0.09465592572404116,3.454780548098557,0.15350355704102048,0.11694999537266064,0.10953879057634341
20240606_MC,dodson,MC,0.5844155844155844,13,follower,0.5970149253731343,0.7701149425287356,67.0,87.0,2.1641791044776117,62,2.4,2.6204396095753872,0.7415643533415369,3.5336644726347983,0.022020500920801572,0.12207158469493083,0.23797691770545362,0.012182730841059744,1.036879916058683,4.0053193159960925,0.15350355704102048,0.11694999537266064,0.10953879057634341
20240606_MC,dodson,MC,0.5844155844155844,13,follower,0.5970149253731343,0.7701149425287356,67.0,87.0,2.1641791044776117,63,2.3666666666666667,2.8658901165936297,0.4715096732360498,6.078115210075217,0.024083110223475878,0.14280185656593367,0.2377103549766397,0.026752349387024688,0.7423752228268208,4.208878006576595,0.15350355704102048,0.11694999537266064,0.10953879057634341
20240606_MC,dodson,MC,0.5844155844155844,13,follower,0.5970149253731343,0.7701149425287356,67.0,87.0,2.1641791044776117,64,3.2333333333333334,4.610374181579523,1.1774760245995506,3.9154718102625243,0.03874264018134053,0.1026661704176958,0.3980429981163964,0.053564545186692764,0.5353479598255226,2.4625999668757963,0.15350355704102048,0.11694999537266064,0.10953879057634341
20240606_MC,dodson,MC,0.5844155844155844,13,follower,0.5970149253731343,0.7701149425287356,67.0,87.0,2.1641791044776117,65,2.3333333333333335,2.92960750859366,0.6487259047810724,4.515940379446269,0.024618550492383696,0.09690466305992,0.28348885539168645,0.03574173511642245,0.698237422117447,3.503260099597584,0.15350355704102048,0.11694999537266064,0.10953879057634341
20240606_MC,dodson,MC,0.5844155844155844,13,follower,0.5970149253731343,0.7701149425287356,67.0,87.0,2.1641791044776117,66,1.6333333333333333,2.5453671876438393,0.6021109583857395,4.227405517527821,0.02138964023230117,0.10427812949350553,0.2345076942863668,0.016510604737593693,1.1246577323801485,3.9641993587029782,0.15350355704102048,0.11694999537266064,0.10953879057634341
20240612,dodson,MC,0.609375,9,leader,0.6333333333333333,0.8823529411764706,60.0,68.0,1.5950617283950617,0,4.133333333333334,2.182188567540063,0.25180203037476123,8.66628662323443,0.018337719054958512,0.10645448886705139,0.19811317981729454,0.011534479237763906,0.4938598672583435,5.084233160638405,0.23279463032969863,0.15944639529021973,0.12876814716648205
20240612,dodson,MC,0.609375,9,leader,0.6333333333333333,0.8823529411764706,60.0,68.0,1.5950617283950617,1,4.966666666666667,2.3451571834902394,0.4829264715093009,4.85613715926747,0.019707203222607054,0.12436279979070873,0.23366383802692745,0.010703898074377416,1.1180920767981977,3.9896502829192966,0.23279463032969863,0.15944639529021973,0.12876814716648205
20240612,dodson,MC,0.609375,9,leader,0.6333333333333333,0.8823529411764706,60.0,68.0,1.5950617283950617,2,3.7333333333333334,2.988738312497881,0.0859596512895852,34.769083723121085,0.025115448004183874,0.1350148595495268,0.21767513156924945,0.013079210008193651,0.2868892179444493,4.537751572722675,0.23279463032969863,0.15944639529021973,0.12876814716648205
20240612,dodson,MC,0.609375,9,leader,0.6333333333333333,0.8823529411764706,60.0,68.0,1.5950617283950617,3,3.2666666666666666,2.3589720315299534,0.33739751313165706,6.991669884091442,0.01982329438260465,0.09320217598131471,0.21926678495184848,0.008071374757939027,0.789488965464369,4.45325273797353,0.23279463032969863,0.15944639529021973,0.12876814716648205
20240612,dodson,MC,0.609375,9,leader,0.6333333333333333,0.8823529411764706,60.0,68.0,1.5950617283950617,4,3.533333333333333,2.688100793796934,0.4444920880823128,6.047578496603388,0.02258908230081457,0.09706204387987702,0.255883455143008,0.016701505084408364,0.7277081445069656,4.0060198367176625,0.23279463032969863,0.15944639529021973,0.12876814716648205
20240612,dodson,MC,0.609375,9,leader,0.6333333333333333,0.8823529411764706,60.0,68.0,1.5950617283950617,5,3.6333333333333333,1.995491716102695,0.447494924161847,4.4592499453267065,0.016768837950442816,0.09679552704647983,0.2052310639567314,0.0038352727871080647,1.2940030504548,4.932988891090944,0.23279463032969863,0.15944639529021973,0.12876814716648205
20240612,dodson,MC,0.609375,9,leader,0.6333333333333333,0.8823529411764706,60.0,68.0,1.5950617283950617,6,3.6,3.2236788028424974,0.3383899466563548,9.526520615330929,0.027089737839012584,0.11845887859784189,0.2697537345081796,0.0198337211756361,0.5764659885894584,3.6036595071911344,0.23279463032969863,0.15944639529021973,0.12876814716648205
20240612,dodson,MC,0.609375,9,leader,0.6333333333333333,0.8823529411764706,60.0,68.0,1.5950617283950617,7,3.433333333333333,3.8008107580579393,0.04137903542839022,91.85353691087244,0.03193958620216756,0.11009144943502462,0.29768518678812644,0.017290632506359472,0.07127651096276405,3.2516528607194504,0.23279463032969863,0.15944639529021973,0.12876814716648205
20240612,dodson,MC,0.609375,9,leader,0.6333333333333333,0.8823529411764706,60.0,68.0,1.5950617283950617,8,3.466666666666667,3.067778885517523,0.7411534983083083,4.1391950419444345,0.025779654500147253,0.11906405420260545,0.2991771686045797,0.024789613003111277,0.586230834260653,3.4419350804356044,0.23279463032969863,0.15944639529021973,0.12876814716648205
20240612,dodson,MC,0.609375,9,leader,0.6333333333333333,0.8823529411764706,60.0,68.0,1.5950617283950617,9,3.5,2.3828714266441073,0.23253332250238207,10.247440672163007,0.02002412963566477,0.12336553030669485,0.2012480897806089,0.00893161499178927,0.805671020016669,4.776786915145701,0.23279463032969863,0.15944639529021973,0.12876814716648205
20240612,dodson,MC,0.609375,9,leader,0.6333333333333333,0.8823529411764706,60.0,68.0,1.5950617283950617,10,3.533333333333333,3.8254385378380764,0.77239658127484,4.952687040023135,0.03214654233477375,0.10492187800294987,0.38226132628433035,0.040463843015064976,0.6235707382765091,2.6779759919079513,0.23279463032969863,0.15944639529021973,0.12876814716648205
20240612,dodson,MC,0.609375,9,leader,0.6333333333333333,0.8823529411764706,60.0,68.0,1.5950617283950617,11,3.7,2.260392876207109,0.16138688363811154,14.006050710265507,0.018994898119387472,0.11337104827072003,0.2153274145241689,0.011615483605074162,0.4157413270062886,4.629596684950843,0.23279463032969863,0.15944639529021973,0.12876814716648205
20240612,dodson,MC,0.609375,9,leader,0.6333333333333333,0.8823529411764706,60.0,68.0,1.5950617283950617,12,3.933333333333333,2.8806680314898285,0.29703341633080105,9.69812779677852,0.024207294382267465,0.11212872446997245,0.25484839851366764,0.014281527844085273,0.47301392439011636,3.846781564950643,0.23279463032969863,0.15944639529021973,0.12876814716648205
20240612,dodson,MC,0.609375,9,leader,0.6333333333333333,0.8823529411764706,60.0,68.0,1.5950617283950617,13,3.4,2.306667213198553,0.25794176747582864,8.942589002824862,0.019383758094105488,0.10838198918782853,0.2096151395158488,0.0011229069135510748,0.8515475460333639,4.60152135308498,0.23279463032969863,0.15944639529021973,0.12876814716648205
20240612,dodson,MC,0.609375,9,leader,0.6333333333333333,0.8823529411764706,60.0,68.0,1.5950617283950617,14,3.7333333333333334,2.9044181301528376,0.4537924510349734,6.400322710368306,0.024406875043301156,0.11767045073967837,0.22276771275837953,0.018514080472891443,0.5743118144255711,4.53252191451726,0.23279463032969863,0.15944639529021973,0.12876814716648205
20240612,dodson,MC,0.609375,9,leader,0.6333333333333333,0.8823529411764706,60.0,68.0,1.5950617283950617,15,1.9,4.1815692694608995,0.22653732173099406,18.458632941844265,0.035139237558494955,0.10353194202119075,0.3506252596820358,0.013345930642225655,0.25417053790163624,2.7492971098116983,0.23279463032969863,0.15944639529021973,0.12876814716648205
20240612,dodson,MC,0.609375,9,leader,0.6333333333333333,0.8823529411764706,60.0,68.0,1.5950617283950617,16,1.8333333333333333,3.1809859968687126,0.5307316150759255,5.99358678946165,0.026730974763602627,0.12459337359726956,0.2836931504190604,0.030993674547630117,0.8512118974920654,3.4524958943879076,0.23279463032969863,0.15944639529021973,0.12876814716648205
20240612,dodson,MC,0.609375,9,leader,0.6333333333333333,0.8823529411764706,60.0,68.0,1.5950617283950617,17,2.7,3.0823576645274193,0.8456392571984482,3.645003041532253,0.025902165248129574,0.11481843716909214,0.3092698861307327,0.015817869592404027,0.9388683281520194,3.243977303533296,0.23279463032969863,0.15944639529021973,0.12876814716648205
20240612,dodson,MC,0.609375,9,leader,0.6333333333333333,0.8823529411764706,60.0,68.0,1.5950617283950617,18,3.5,3.045161718139859,0.4101768521658714,7.4240213753174595,0.02558959427008285,0.10646609134411827,0.267755659641613,0.032930314353236755,0.45728705286063315,3.808263438997998,0.23279463032969863,0.15944639529021973,0.12876814716648205
20240612,dodson,MC,0.609375,9,leader,0.6333333333333333,0.8823529411764706,60.0,68.0,1.5950617283950617,19,3.3666666666666667,3.919606337484379,0.49252711088226153,7.9581534719240254,0.03293786838222167,0.1324413069159518,0.3271631553699675,0.03340535465525624,0.31351822432988474,3.182455768824105,0.23279463032969863,0.15944639529021973,0.12876814716648205
20240612,dodson,MC,0.609375,9,leader,0.6333333333333333,0.8823529411764706,60.0,68.0,1.5950617283950617,20,3.1,2.4841398886656627,0.1525260813337696,16.286656465196085,0.020875125114837502,0.10854366304601294,0.21560273578554234,0.01541144045247716,0.25883926950717845,4.577708825680997,0.23279463032969863,0.15944639529021973,0.12876814716648205
20240612,dodson,MC,0.609375,9,leader,0.6333333333333333,0.8823529411764706,60.0,68.0,1.5950617283950617,21,3.0,3.6334813641181194,0.3346822685613085,10.856509906357717,0.030533456841328733,0.11387446526147561,0.31159642742390503,0.024064381556864474,0.24099084557387992,3.2726562908321277,0.23279463032969863,0.15944639529021973,0.12876814716648205
20240612,dodson,MC,0.609375,9,leader,0.6333333333333333,0.8823529411764706,60.0,68.0,1.5950617283950617,22,3.6333333333333333,3.42311156170781,0.563476153549645,6.074989225619851,0.02876564337569588,0.09876639418319084,0.3189024687593719,0.025892591582455056,0.1764114955350714,3.451172958613609,0.23279463032969863,0.15944639529021973,0.12876814716648205
20240612,dodson,MC,0.609375,9,leader,0.6333333333333333,0.8823529411764706,60.0,68.0,1.5950617283950617,23,2.933333333333333,3.696844081926965,0.6415364391134644,5.762484960379823,0.031065916654848445,0.10162603103698475,0.34501517676088134,0.016652422636449487,0.5833864303084647,2.8156268640918025,0.23279463032969863,0.15944639529021973,0.12876814716648205
20240612,dodson,MC,0.609375,9,leader,0.6333333333333333,0.8823529411764706,60.0,68.0,1.5950617283950617,24,3.433333333333333,2.8502487709680726,0.874683072129141,3.2586074451287117,0.023951670344269517,0.09857768824187736,0.2955151058462169,0.016603690902639908,0.7689328318863774,3.508848652510946,0.23279463032969863,0.15944639529021973,0.12876814716648205
20240612,dodson,MC,0.609375,9,leader,0.6333333333333333,0.8823529411764706,60.0,68.0,1.5950617283950617,25,4.066666666666666,2.8390287584575025,0.5373969646319141,5.282926673026657,0.023857384524852962,0.10473280934266589,0.24477561201310963,0.025569677432143386,0.7376015711786651,4.107232377364452,0.23279463032969863,0.15944639529021973,0.12876814716648205
20240612,dodson,MC,0.609375,9,leader,0.6333333333333333,0.8823529411764706,60.0,68.0,1.5950617283950617,26,3.4,3.6171717383901605,0.9603851975762722,3.766375978637354,0.030396401162942524,0.10906057838658502,0.3199127404148798,0.046635296593797594,0.5004169474521554,3.1861369558036543,0.23279463032969863,0.15944639529021973,0.12876814716648205
20240612,dodson,MC,0.609375,9,leader,0.6333333333333333,0.8823529411764706,60.0,68.0,1.5950617283950617,27,3.6666666666666665,2.0764632850703975,0.10033309455168332,20.69569661285365,0.017449271303112582,0.10669444122618138,0.16903629478452217,0.008046626075441512,0.0953725741636413,5.661701496512062,0.23279463032969863,0.15944639529021973,0.12876814716648205
20240612,dodson,MC,0.609375,9,leader,0.6333333333333333,0.8823529411764706,60.0,68.0,1.5950617283950617,28,1.4,3.6002873875090486,0.5186177487120283,6.9420828663312335,0.030254515861420576,0.12329660066145699,0.29150291233687387,0.03873373723121242,0.5644219450512772,3.231672440953645,0.23279463032969863,0.15944639529021973,0.12876814716648205
20240612,dodson,MC,0.609375,9,leader,0.6333333333333333,0.8823529411764706,60.0,68.0,1.5950617283950617,29,2.566666666666667,4.340695975547088,0.6808019761373735,6.3758568977349945,0.03647643676930326,0.10835865477854531,0.38446796841625874,0.05963739038192212,0.44464566300085784,2.551251889245513,0.23279463032969863,0.15944639529021973,0.12876814716648205
20240612,dodson,MC,0.609375,9,leader,0.6333333333333333,0.8823529411764706,60.0,68.0,1.5950617283950617,30,3.1,2.667499574197309,0.5439809201006082,4.903663852224744,0.02241596280838075,0.17977461478211604,0.23176980362068805,0.008869802505507602,1.0017445925084876,4.144642291491071,0.23279463032969863,0.15944639529021973,0.12876814716648205
20240612,dodson,MC,0.609375,9,leader,0.6333333333333333,0.8823529411764706,60.0,68.0,1.5950617283950617,31,2.8666666666666667,3.2722706864503763,0.6036914636283098,5.4204355761192256,0.027498072995381314,0.14609720445528915,0.25987710153197363,0.03576071723310719,0.3840828767464731,4.118555956730176,0.23279463032969863,0.15944639529021973,0.12876814716648205
20240612,dodson,MC,0.609375,9,leader,0.6333333333333333,0.8823529411764706,60.0,68.0,1.5950617283950617,32,1.5333333333333334,5.708493576531934,1.436864630225895,3.9728819656688743,0.04797053425657087,0.09957399754080198,0.5359514555829975,0.17284208185151878,0.450016784712484,1.9555024380869879,0.23279463032969863,0.15944639529021973,0.12876814716648205
20240612,dodson,MC,0.609375,9,leader,0.6333333333333333,0.8823529411764706,60.0,68.0,1.5950617283950617,33,4.133333333333334,3.812845329544269,0.19131687012463677,19.929477871242213,0.03204071705499386,0.11933876657970137,0.2892466001855762,0.02527435626533501,0.2775937709883797,3.4874499049921948,0.23279463032969863,0.15944639529021973,0.12876814716648205
20240612,dodson,MC,0.609375,9,leader,0.6333333333333333,0.8823529411764706,60.0,68.0,1.5950617283950617,34,3.4,6.30682773648685,2.0085490297171535,3.1399919260995017,0.05299855240745253,0.10020741145125364,0.7387339447874728,0.11768478708145735,0.39704792124533034,1.4983370980111084,0.23279463032969863,0.15944639529021973,0.12876814716648205
20240612,dodson,MC,0.609375,9,leader,0.6333333333333333,0.8823529411764706,60.0,68.0,1.5950617283950617,35,2.8333333333333335,3.776228171694897,0.7239659721173123,5.216029920095461,0.03173300984617561,0.10155720502407745,0.3324167804665887,0.08375979512573817,0.31755408094799725,3.0026280771293705,0.23279463032969863,0.15944639529021973,0.12876814716648205
20240612,dodson,MC,0.609375,9,leader,0.6333333333333333,0.8823529411764706,60.0,68.0,1.5950617283950617,36,1.4666666666666666,3.7046866290037146,0.8402423765518758,4.4090690167362565,0.03113182041179592,0.11410589206041308,0.3306119172631315,0.014045385913292964,0.2704723775787069,3.2924133907390023,0.23279463032969863,0.15944639529021973,0.12876814716648205
20240612,dodson,MC,0.609375,9,leader,0.6333333333333333,0.8823529411764706,60.0,68.0,1.5950617283950617,37,1.7,3.496977938761358,0.5866262967149309,5.961168052547605,0.029386369233288724,0.10286095922940705,0.28921440492877454,0.016124081847865682,0.24827780511723127,3.458042396414928,0.23279463032969863,0.15944639529021973,0.12876814716648205
20240612,dodson,MC,0.609375,9,leader,0.6333333333333333,0.8823529411764706,60.0,68.0,1.5950617283950617,38,1.7666666666666666,3.1007167068431896,0.3755574930489938,8.256303666503285,0.02605644291464865,0.1049643868992156,0.25890854809078606,0.003500616613103017,0.12062138680047647,3.9712461796464753,0.23279463032969863,0.15944639529021973,0.12876814716648205
20240612,dodson,MC,0.609375,9,leader,0.6333333333333333,0.8823529411764706,60.0,68.0,1.5950617283950617,39,2.2333333333333334,2.9473180536817223,0.678572799536431,4.343407303822363,0.024767378602367413,0.10345695603881883,0.26607790853212526,0.022195149440373037,0.580644911252697,3.829388045114992,0.23279463032969863,0.15944639529021973,0.12876814716648205
20240612,dodson,MC,0.609375,9,leader,0.6333333333333333,0.8823529411764706,60.0,68.0,1.5950617283950617,40,2.966666666666667,3.064360844523115,0.2580642719690518,11.874409507142495,0.0257509314665808,0.10720299787665835,0.24905897502678365,0.012214021518293296,0.07175484518514023,4.037820424083849,0.23279463032969863,0.15944639529021973,0.12876814716648205
20240612,dodson,MC,0.609375,9,leader,0.6333333333333333,0.8823529411764706,60.0,68.0,1.5950617283950617,41,4.433333333333334,1.9262494643298933,0.3189835253296566,6.038711442351739,0.016186970288486497,0.10695706468166698,0.16922259161244052,0.013055876260917814,0.5698193811265491,5.72124601784306,0.23279463032969863,0.15944639529021973,0.12876814716648205
20240612,dodson,MC,0.609375,9,leader,0.6333333333333333,0.8823529411764706,60.0,68.0,1.5950617283950617,42,3.6666666666666665,3.979308937751986,0.07310471730608908,54.43299809355174,0.033439570905478874,0.12914952719717696,0.31913956350286177,0.05559100975949024,0.032418719522150925,3.289193057887425,0.23279463032969863,0.15944639529021973,0.12876814716648205
20240612,dodson,MC,0.609375,9,leader,0.6333333333333333,0.8823529411764706,60.0,68.0,1.5950617283950617,43,2.966666666666667,2.762118747063577,0.17644902054195108,15.653919407316167,0.023211081908097283,0.10844015216804263,0.23615182971613263,0.015877501354515624,0.10180817470660691,4.2932799901335965,0.23279463032969863,0.15944639529021973,0.12876814716648205
20240612,dodson,MC,0.609375,9,leader,0.6333333333333333,0.8823529411764706,60.0,68.0,1.5950617283950617,44,3.033333333333333,3.8969804288301257,0.8325482441068747,4.680786316486265,0.032747734696051474,0.10800226627104098,0.39008175428546743,0.047208628546484,0.4876662252953131,2.704469349883711,0.23279463032969863,0.15944639529021973,0.12876814716648205
20240612,dodson,MC,0.609375,9,leader,0.6333333333333333,0.8823529411764706,60.0,68.0,1.5950617283950617,45,2.8666666666666667,4.261458959951617,0.22227143399728602,19.172319552334603,0.03581057949539174,0.11393479740509764,0.32287419249908544,0.0553722070116943,0.14201049712346597,3.1187510742054654,0.23279463032969863,0.15944639529021973,0.12876814716648205
20240612,dodson,MC,0.609375,9,leader,0.6333333333333333,0.8823529411764706,60.0,68.0,1.5950617283950617,46,2.4,3.9735569995394147,0.7492638518794708,5.303281333500945,0.03339123529024718,0.09375379603386455,0.3664920761045736,0.025822534475596706,0.39878142750115475,2.7912119671007987,0.23279463032969863,0.15944639529021973,0.12876814716648205
20240612,dodson,MC,0.609375,9,leader,0.6333333333333333,0.8823529411764706,60.0,68.0,1.5950617283950617,47,1.9333333333333333,3.2085999533062215,0.5538676999953963,5.793080104387548,0.02696302481769934,0.10958495710210443,0.2891829253713425,0.011890924536141656,0.5372042053668113,3.9039523817236574,0.23279463032969863,0.15944639529021973,0.12876814716648205
20240612,dodson,MC,0.609375,9,leader,0.6333333333333333,0.8823529411764706,60.0,68.0,1.5950617283950617,48,2.566666666666667,2.8197119913815243,0.24543240946418016,11.488751618164143,0.023695058751105245,0.1067848270871437,0.2534527824324695,0.011004937239986455,0.13835634719905016,4.0460040262486805,0.23279463032969863,0.15944639529021973,0.12876814716648205
20240612,dodson,MC,0.609375,9,leader,0.6333333333333333,0.8823529411764706,60.0,68.0,1.5950617283950617,49,2.533333333333333,3.862079784335254,0.9061165121558887,4.262233093122157,0.03245445196920382,0.10569471463825125,0.3749100109962344,0.017646028113226086,0.6578863812295767,2.5839220830345893,0.23279463032969863,0.15944639529021973,0.12876814716648205
20240612,dodson,MC,0.609375,9,leader,0.6333333333333333,0.8823529411764706,60.0,68.0,1.5950617283950617,50,7.533333333333333,4.3929987246302415,0.6570411243590195,6.68603312907675,0.03691595566916169,0.10564757571727323,0.39202864149979805,0.036067877805352526,0.30713756017358385,2.684576921637223,0.23279463032969863,0.15944639529021973,0.12876814716648205
20240612,dodson,MC,0.609375,9,leader,0.6333333333333333,0.8823529411764706,60.0,68.0,1.5950617283950617,51,2.1,3.719098480781519,0.24654473306302574,15.084883114622379,0.03125292840992873,0.10706160268151295,0.27274933043626876,0.016142142894208174,0.1762875800725208,3.565287412632441,0.23279463032969863,0.15944639529021973,0.12876814716648205
20240612,dodson,MC,0.609375,9,leader,0.6333333333333333,0.8823529411764706,60.0,68.0,1.5950617283950617,52,1.9,3.0859928656958213,0.9027686220415007,3.41836522709133,0.025932713157107743,0.10012990177321768,0.3320070510807046,0.010561287001324726,0.9470705983126877,3.2075864826383547,0.23279463032969863,0.15944639529021973,0.12876814716648205
20240612,dodson,MC,0.609375,9,leader,0.6333333333333333,0.8823529411764706,60.0,68.0,1.5950617283950617,53,7.833333333333333,2.1096448990407968,0.47780606177479684,4.415274455088706,0.017728108395300812,0.09947151729743314,0.19392424164110272,0.011128645334038378,0.9583155560592524,5.036234127272439,0.23279463032969863,0.15944639529021973,0.12876814716648205
20240612,dodson,MC,0.609375,9,leader,0.6333333333333333,0.8823529411764706,60.0,68.0,1.5950617283950617,54,2.7,3.928593190353339,0.8770677217121639,4.479235859557291,0.03301338815422974,0.09209103364690789,0.38840871265315224,0.052865358387582245,0.5032709270293207,2.620210708964528,0.23279463032969863,0.15944639529021973,0.12876814716648205
20240612,dodson,MC,0.609375,9,leader,0.6333333333333333,0.8823529411764706,60.0,68.0,1.5950617283950617,55,6.733333333333333,3.1185198831754914,0.3378210386715765,9.23127788440453,0.026206049438449508,0.1140576425690254,0.2616389037657842,0.02222268823309353,0.4877644153767816,3.6835219766655967,0.23279463032969863,0.15944639529021973,0.12876814716648205
20240612,dodson,MC,0.609375,9,leader,0.6333333333333333,0.8823529411764706,60.0,68.0,1.5950617283950617,56,2.8333333333333335,4.454576182787797,0.7417133255723178,6.005792304392772,0.03743341330073779,0.09319932002984611,0.43444031834838276,0.09691616247501193,0.37262088429709994,2.381058937204893,0.23279463032969863,0.15944639529021973,0.12876814716648205
20240612,dodson,MC,0.609375,9,leader,0.6333333333333333,0.8823529411764706,60.0,68.0,1.5950617283950617,57,2.7333333333333334,2.6581493659377804,0.5519468626481694,4.815951581252451,0.022337389629729247,0.1146603534882918,0.26078763745415023,0.02058835259919031,0.7333702308029534,3.8654128034050075,0.23279463032969863,0.15944639529021973,0.12876814716648205
20240612,dodson,MC,0.609375,9,leader,0.6333333333333333,0.8823529411764706,60.0,68.0,1.5950617283950617,58,1.6666666666666667,3.182989537269874,0.5690770109512778,5.59324920180687,0.026747811237561966,0.12280729447859627,0.30276751143566144,0.030421594025881068,0.7465158367645021,3.344285952848182,0.23279463032969863,0.15944639529021973,0.12876814716648205
20240612,dodson,MC,0.609375,9,leader,0.6333333333333333,0.8823529411764706,60.0,68.0,1.5950617283950617,59,4.433333333333334,3.4586437764694726,0.5564258217548035,6.215821842275268,0.029064233415709854,0.10994319938556514,0.3258428468855479,0.010093306736329487,0.7705042757936891,3.019394481944507,0.23279463032969863,0.15944639529021973,0.12876814716648205
20250129,dodson,MC_withGingerNew,0.3870967741935484,42,,0.7916666666666666,0.631578947368421,24.0,38.0,3.0083333333333333,0,2.1666666666666665,1.6110464260223971,0.9381593288169024,1.7172418122773043,0.013538205260692413,0.18126243937487135,0.22291615255790617,0.009679353685445051,1.516841488092013,5.497866159347692,0.13317736026400867,0.08226027761640459,0.06705003334804956
20250129,dodson,MC_withGingerNew,0.3870967741935484,42,,0.7916666666666666,0.631578947368421,24.0,38.0,3.0083333333333333,1,2.7666666666666666,1.5676443867516707,0.5187608125224187,3.0219020961301384,0.013173482241610678,0.12277934510685053,0.26207218883393774,0.007907096586789708,1.1694158895979938,3.435565740808396,0.13317736026400867,0.08226027761640459,0.06705003334804956
20250129,dodson,MC_withGingerNew,0.3870967741935484,42,,0.7916666666666666,0.631578947368421,24.0,38.0,3.0083333333333333,2,1.6333333333333333,1.8498651631754301,0.676358223449093,2.7350375866534615,0.015545085404835547,0.13825156345935166,0.29935534301969363,0.022415408600257036,1.4596318611593067,3.3752863252075573,0.13317736026400867,0.08226027761640459,0.06705003334804956
20250129,dodson,MC_withGingerNew,0.3870967741935484,42,,0.7916666666666666,0.631578947368421,24.0,38.0,3.0083333333333333,3,2.2333333333333334,1.508514916995953,0.5803591311946427,2.5992783363134895,0.012676595941142463,0.1428679588763423,0.20963445563792135,0.012763532683005046,1.2439995213524546,3.907167009169503,0.13317736026400867,0.08226027761640459,0.06705003334804956
20250129,dodson,MC_withGingerNew,0.3870967741935484,42,,0.7916666666666666,0.631578947368421,24.0,38.0,3.0083333333333333,4,4.433333333333334,1.4350463643437215,0.7845704827895741,1.8290853349992884,0.012059213145745559,0.12981181514081777,0.14784603955538467,0.004440192306771544,1.8762650594227874,6.424791422139283,0.13317736026400867,0.08226027761640459,0.06705003334804956
20250129,dodson,MC_withGingerNew,0.3870967741935484,42,,0.7916666666666666,0.631578947368421,24.0,38.0,3.0083333333333333,5,3.966666666666667,1.9594427245952204,0.360998680700701,5.42783901811477,0.01646590524869933,0.1750716501763182,0.15632833938473395,0.009752690551199216,0.46971352331696087,6.252248776895311,0.13317736026400867,0.08226027761640459,0.06705003334804956
20250129,dodson,MC_withGingerNew,0.3870967741935484,42,,0.7916666666666666,0.631578947368421,24.0,38.0,3.0083333333333333,6,4.2,1.8237001062791096,0.7883995003139406,2.313167506515304,0.015325210977135375,0.11053448236651732,0.27175646279115584,0.03016651929941409,1.010338345257692,3.2919218264472576,0.13317736026400867,0.08226027761640459,0.06705003334804956
20250129,dodson,MC_withGingerNew,0.3870967741935484,42,,0.7916666666666666,0.631578947368421,24.0,38.0,3.0083333333333333,7,2.5,1.6246056698090565,0.5426609097518167,2.993776851463397,0.013652148485790392,0.11576142145084156,0.1879117763008537,0.008047539302014321,1.1927204801052917,5.170979073916375,0.13317736026400867,0.08226027761640459,0.06705003334804956
20250129,dodson,MC_withGingerNew,0.3870967741935484,42,,0.7916666666666666,0.631578947368421,24.0,38.0,3.0083333333333333,8,1.5666666666666667,3.0788470231024068,2.7817222099045815,1.1068132583979395,0.02587266405968409,0.09174518004095532,0.6167591872155671,0.04287712770526093,0.9597234585012229,1.3146817892608356,0.13317736026400867,0.08226027761640459,0.06705003334804956
20250129,dodson,MC_withGingerNew,0.3870967741935484,42,,0.7916666666666666,0.631578947368421,24.0,38.0,3.0083333333333333,9,2.3,2.259980694063895,1.76315804338148,1.2817799870790831,0.018991434403898277,0.10938589827819521,0.4802454588335625,0.03061556895825322,1.2594207731689806,1.9426427031077655,0.13317736026400867,0.08226027761640459,0.06705003334804956
20250129,dodson,MC_withGingerNew,0.3870967741935484,42,,0.7916666666666666,0.631578947368421,24.0,38.0,3.0083333333333333,10,3.8333333333333335,2.407875821875342,1.8264878130927202,1.3183092734674098,0.02023425060399447,0.10558511610487467,0.5104149761963506,0.058855865657109874,1.1774256547467923,1.8482323641152223,0.13317736026400867,0.08226027761640459,0.06705003334804956
20250129,dodson,MC_withGingerNew,0.3870967741935484,42,,0.7916666666666666,0.631578947368421,24.0,38.0,3.0083333333333333,11,2.4,2.6670226307230576,1.8761355654621232,1.4215511287246057,0.022411954880025692,0.15719623426532475,0.42831747667100706,0.03767492873195918,0.8203867413080213,1.8815010142846753,0.13317736026400867,0.08226027761640459,0.06705003334804956
20250129,dodson,MC_withGingerNew,0.3870967741935484,42,,0.7916666666666666,0.631578947368421,24.0,38.0,3.0083333333333333,12,2.0,1.8579104886209319,0.8647014992577003,2.1486148575153945,0.015612693181688503,0.0781065757687248,0.3386635441406139,0.04317017343892436,0.9166624963260251,2.8241116354101172,0.13317736026400867,0.08226027761640459,0.06705003334804956
20250129,dodson,MC_withGingerNew,0.3870967741935484,42,,0.7916666666666666,0.631578947368421,24.0,38.0,3.0083333333333333,13,4.433333333333334,2.0745233987117553,1.13540334614647,1.8271246123702511,0.017432969737073575,0.14077727072580434,0.260475792498375,0.03636579794541858,0.983518369252126,3.4530797828702045,0.13317736026400867,0.08226027761640459,0.06705003334804956
20250129,dodson,MC_withGingerNew,0.3870967741935484,42,,0.7916666666666666,0.631578947368421,24.0,38.0,3.0083333333333333,14,4.7,2.293509702399254,0.9638880136362196,2.379435857643984,0.01927319077646432,0.14204371723325482,0.33319510080376763,0.06780526294599248,0.7701425273937778,2.6444599337940877,0.13317736026400867,0.08226027761640459,0.06705003334804956
20250129,dodson,MC_withGingerNew,0.3870967741935484,42,,0.7916666666666666,0.631578947368421,24.0,38.0,3.0083333333333333,15,1.9,2.348955377217115,0.6018116340721701,3.9031405247566635,0.019739120816950548,0.17588534111395498,0.32759863711826914,0.03214010148734273,0.5284666436167977,2.619731519657665,0.13317736026400867,0.08226027761640459,0.06705003334804956
20250129,dodson,MC_withGingerNew,0.3870967741935484,42,,0.7916666666666666,0.631578947368421,24.0,38.0,3.0083333333333333,16,2.7333333333333334,2.150169451191231,1.3641246883681257,1.5762264766012222,0.01806865085034648,0.13847005019876224,0.38810202523375587,0.02442291824570743,1.0540709621205555,2.2303073986753783,0.13317736026400867,0.08226027761640459,0.06705003334804956
20250129,dodson,MC_withGingerNew,0.3870967741935484,42,,0.7916666666666666,0.631578947368421,24.0,38.0,3.0083333333333333,17,1.5666666666666667,1.7605379959911664,1.114807633963901,1.5792303015823939,0.014794436941102239,0.1102967083108597,0.39216451729059104,0.03355601395677784,1.4255381673713228,2.7031496262222703,0.13317736026400867,0.08226027761640459,0.06705003334804956
20250129,dodson,MC_withGingerNew,0.3870967741935484,42,,0.7916666666666666,0.631578947368421,24.0,38.0,3.0083333333333333,18,4.566666666666666,1.3749700233385256,0.22961613355904742,5.988124623590277,0.011554369944021224,0.13836748377139882,0.22066413278778127,0.003696277979772139,1.6014691762208555,4.017336023584966,0.13317736026400867,0.08226027761640459,0.06705003334804956
20250129,dodson,MC_withGingerNew,0.3870967741935484,42,,0.7916666666666666,0.631578947368421,24.0,38.0,3.0083333333333333,19,3.1,1.4191491865523183,0.9371462922993806,1.5143304713614094,0.011925623416406036,0.09304555189303408,0.29175450661435653,0.013044066967799925,1.5722951783644545,3.0396524841850727,0.13317736026400867,0.08226027761640459,0.06705003334804956
20250129,dodson,MC_withGingerNew,0.3870967741935484,42,,0.7916666666666666,0.631578947368421,24.0,38.0,3.0083333333333333,20,2.8666666666666667,1.0710928701535367,0.3332215627265841,3.214356422163451,0.009000780421458292,0.1679972879961299,0.17964073715147025,0.003954286826308391,1.6715414233266872,5.181368251287041,0.13317736026400867,0.08226027761640459,0.06705003334804956
20250129,dodson,MC_withGingerNew,0.3870967741935484,42,,0.7916666666666666,0.631578947368421,24.0,38.0,3.0083333333333333,21,2.7,1.443649741297088,0.3441950872431668,4.194277590827957,0.012131510431067966,0.13168840707945653,0.24341195200053148,0.006619752989277272,1.4529795016690807,3.774612723620988,0.13317736026400867,0.08226027761640459,0.06705003334804956
20250129,dodson,MC_withGingerNew,0.3870967741935484,42,,0.7916666666666666,0.631578947368421,24.0,38.0,3.0083333333333333,22,1.7333333333333334,1.5502002276088969,0.5741111811729418,2.700174249248638,0.013026892668982326,0.13350625836000196,0.2864057669974345,0.013360947973903935,1.5700126873531692,3.469455846045689,0.13317736026400867,0.08226027761640459,0.06705003334804956
20250129,dodson,MC_withGingerNew,0.3870967741935484,42,,0.7916666666666666,0.631578947368421,24.0,38.0,3.0083333333333333,23,3.6666666666666665,1.2811177120232735,0.343746875681948,3.7269217632355396,0.010765695059019104,0.1269900547561327,0.16528115392233922,0.007297182582869509,0.7338432827186744,5.360374941439424,0.13317736026400867,0.08226027761640459,0.06705003334804956
20250131,dodson,MC_withGingerNew,0.6666666666666666,26,,0.6764705882352942,,0.0,0.0,2.4159663865546217,0,3.466666666666667,2.0922102417376403,0.3646140089159186,5.738151005108835,0.017581598670064202,0.17899647677305477,0.11073712702842174,0.004816863955464019,1.2341323510889155,9.643295872239342,0.14696740119519688,0.1347354531157107,0.09523083607134528
20250131,dodson,MC_withGingerNew,0.6666666666666666,26,,0.6764705882352942,,0.0,0.0,2.4159663865546217,1,1.4333333333333333,3.3645579820493725,0.37132111598077133,9.061046725453675,0.028273596487809853,0.16271865163734042,0.2267612480764199,0.024160754074913506,0.12098018814816587,4.72672733524986,0.14696740119519688,0.1347354531157107,0.09523083607134528
20250131,dodson,MC_withGingerNew,0.6666666666666666,26,,0.6764705882352942,,0.0,0.0,2.4159663865546217,2,2.566666666666667,2.57211965490873,0.3379342283070461,7.611302553737496,0.021614450881585968,0.1642394596170384,0.1582032156133028,0.00889267845485659,0.43314534956812145,6.9919121819719425,0.14696740119519688,0.1347354531157107,0.09523083607134528
20250131,dodson,MC_withGingerNew,0.6666666666666666,26,,0.6764705882352942,,0.0,0.0,2.4159663865546217,3,2.8333333333333335,2.52575617929575,0.5006151513315433,5.0453051062831555,0.02122484184282143,0.15761569527399089,0.14992280009012082,0.00929422191962353,0.7925053138946382,6.520773553310644,0.14696740119519688,0.1347354531157107,0.09523083607134528
20250131,dodson,MC_withGingerNew,0.6666666666666666,26,,0.6764705882352942,,0.0,0.0,2.4159663865546217,4,1.9,2.8219906045901877,0.5817250329347321,4.851073006698006,0.023714206761262083,0.15513541979881362,0.19993698038456242,0.02537184748051424,0.7190838605036094,4.943973844252955,0.14696740119519688,0.1347354531157107,0.09523083607134528
20250131,dodson,MC_withGingerNew,0.6666666666666666,26,,0.6764705882352942,,0.0,0.0,2.4159663865546217,5,3.1666666666666665,1.9344197905159195,0.22338947191204203,8.659404465030399,0.016255628491730414,0.15977947711611024,0.17944302773910828,0.010929978244691038,0.5826281274580207,4.817802308353901,0.14696740119519688,0.1347354531157107,0.09523083607134528
20250131,dodson,MC_withGingerNew,0.6666666666666666,26,,0.6764705882352942,,0.0,0.0,2.4159663865546217,6,2.0,2.04254103674477,0.4618580481397757,4.42244331341958,0.01716421039281319,0.14928697507964317,0.1462456152433536,0.008522469617574663,0.45788537259476997,7.551731254263994,0.14696740119519688,0.1347354531157107,0.09523083607134528
20250131,dodson,MC_withGingerNew,0.6666666666666666,26,,0.6764705882352942,,0.0,0.0,2.4159663865546217,7,3.0,3.9132970401912575,0.35029498111167306,11.171433366736446,0.03288484907723746,0.16855034660603016,0.21955502905666716,0.018816985365743145,0.40246661939080713,5.047476998957638,0.14696740119519688,0.1347354531157107,0.09523083607134528
20250131,dodson,MC_withGingerNew,0.6666666666666666,26,,0.6764705882352942,,0.0,0.0,2.4159663865546217,8,4.066666666666666,3.9584194298451996,0.6272655416275086,6.310596018991655,0.03326402882222857,0.15648412639587936,0.22705589175739044,0.021923901836085908,0.5465206814307946,4.340947914833435,0.14696740119519688,0.1347354531157107,0.09523083607134528
20250131,dodson,MC_withGingerNew,0.6666666666666666,26,,0.6764705882352942,,0.0,0.0,2.4159663865546217,9,4.133333333333334,4.629085896243898,0.9112066102878875,5.080171548340041,0.038899881481041156,0.1765512640942125,0.30659644796375135,0.04667128694247897,0.6449169961337109,3.2872554192488597,0.14696740119519688,0.1347354531157107,0.09523083607134528
20250131,dodson,MC_withGingerNew,0.6666666666666666,26,,0.6764705882352942,,0.0,0.0,2.4159663865546217,10,3.9,4.697404825106708,0.7681713873258422,6.115047895052836,0.03947399012694713,0.17436600304003272,0.30727295374049046,0.026400570383101004,0.583845783976207,3.456915221245208,0.14696740119519688,0.1347354531157107,0.09523083607134528
20250131,dodson,MC_withGingerNew,0.6666666666666666,26,,0.6764705882352942,,0.0,0.0,2.4159663865546217,11,2.8,3.7124653235991567,1.1242010525303123,3.302314399406823,0.031197187593270226,0.16384553270364993,0.30365967548588974,0.02973622180714582,0.7494860697715269,3.492434096667684,0.14696740119519688,0.1347354531157107,0.09523083607134528
20250131,dodson,MC_withGingerNew,0.6666666666666666,26,,0.6764705882352942,,0.0,0.0,2.4159663865546217,12,2.7333333333333334,2.201356594314727,0.8691802758828681,2.5326812577272344,0.01849879491020779,0.15477632043326742,0.2575798767030252,0.012622012790236389,1.1187244540422594,3.2336242724204194,0.14696740119519688,0.1347354531157107,0.09523083607134528
20250131,dodson,MC_withGingerNew,0.6666666666666666,26,,0.6764705882352942,,0.0,0.0,2.4159663865546217,13,3.6,3.1618216250547073,0.7572320881641369,4.175498733446903,0.026569929622308464,0.15746161208091317,0.2419903022619387,0.03165262184777572,0.6613324559768622,4.266184465435486,0.14696740119519688,0.1347354531157107,0.09523083607134528
20250131,dodson,MC_withGingerNew,0.6666666666666666,26,,0.6764705882352942,,0.0,0.0,2.4159663865546217,14,1.4666666666666666,2.3097300582076286,0.7890709372059878,2.9271513488839487,0.019409496287459062,0.14626429072418431,0.24452421519540585,0.019857275498243933,1.2759154258422862,3.853712965559835,0.14696740119519688,0.1347354531157107,0.09523083607134528
20250131,dodson,MC_withGingerNew,0.6666666666666666,26,,0.6764705882352942,,0.0,0.0,2.4159663865546217,15,3.2666666666666666,1.7169809777932075,0.45583929465756684,3.7666366149566564,0.01442841157809418,0.1615477094774914,0.17230100836138185,0.012139207279981143,1.0075194160743868,6.81733599947686,0.14696740119519688,0.1347354531157107,0.09523083607134528
20250131,dodson,MC_withGingerNew,0.6666666666666666,26,,0.6764705882352942,,0.0,0.0,2.4159663865546217,16,2.966666666666667,2.797349773983631,0.4328589925261923,6.462496615024957,0.02350714095784564,0.15543271195755867,0.22822161261757043,0.02652196037896882,0.73360125567681,4.398615997511259,0.14696740119519688,0.1347354531157107,0.09523083607134528
20250131,dodson,MC_withGingerNew,0.6666666666666666,26,,0.6764705882352942,,0.0,0.0,2.4159663865546217,17,4.333333333333333,2.0922452037504815,0.3183467458194892,6.572221111808815,0.017581892468491442,0.1480201977655606,0.18750336645099397,0.00712726251806937,0.5407407589471004,4.934992865398525,0.14696740119519688,0.1347354531157107,0.09523083607134528
20250131,dodson,MC_withGingerNew,0.6666666666666666,26,,0.6764705882352942,,0.0,0.0,2.4159663865546217,18,2.1,2.9368775869822046,1.2839961372039936,2.2872947214447974,0.02467964358808575,0.16332593752833877,0.34334530436496,0.043743401154262576,0.9614731030753743,3.77567124786771,0.14696740119519688,0.1347354531157107,0.09523083607134528
20250131,dodson,MC_withGingerNew,0.6666666666666666,26,,0.6764705882352942,,0.0,0.0,2.4159663865546217,19,3.6,1.8716921562081679,0.6910498313395242,2.708476395370936,0.01572850551435435,0.1500953477690912,0.19564336008418431,0.015394447112756705,1.2685427680392254,4.669004156512723,0.14696740119519688,0.1347354531157107,0.09523083607134528
20250131,dodson,MC_withGingerNew,0.6666666666666666,26,,0.6764705882352942,,0.0,0.0,2.4159663865546217,20,2.1333333333333333,2.381243707084077,0.9755355917093264,2.440960357901119,0.02001045132003426,0.14777520800354751,0.26769195447755956,0.015421586601284181,1.152543180831412,4.089484248706783,0.14696740119519688,0.1347354531157107,0.09523083607134528
20250131,dodson,MC_withGingerNew,0.6666666666666666,26,,0.6764705882352942,,0.0,0.0,2.4159663865546217,21,3.7,3.384225745633728,0.8138420575741259,4.158332337507008,0.028438871812048135,0.1701136716911788,0.2801941309552625,0.04603616355715044,0.6032483081482198,3.7092425239855014,0.14696740119519688,0.1347354531157107,0.09523083607134528
20250131,dodson,MC_withGingerNew,0.6666666666666666,26,,0.6764705882352942,,0.0,0.0,2.4159663865546217,22,2.933333333333333,2.799954904656854,1.270715282648252,2.203447887099909,0.02352903281224247,0.14048985724552457,0.31419926843618046,0.030347805215189726,0.9953717334445903,3.4459490974595086,0.14696740119519688,0.1347354531157107,0.09523083607134528
20250131,dodson,MC_withGingerNew,0.6666666666666666,26,,0.6764705882352942,,0.0,0.0,2.4159663865546217,23,3.2333333333333334,2.9563603736859103,0.7145192875798058,4.137551533002823,0.024843364484755548,0.15227288681762674,0.2078974666696897,0.01631170910556512,0.7133586834339959,4.553346515527343,0.14696740119519688,0.1347354531157107,0.09523083607134528
20250131,dodson,MC_withGingerNew,0.6666666666666666,26,,0.6764705882352942,,0.0,0.0,2.4159663865546217,24,2.1666666666666665,2.278745301720029,0.6103250929283887,3.7336582226800257,0.019149120182521254,0.16746365045562034,0.16790510832643882,0.013891877563860087,0.9058480555134967,6.447086251524185,0.14696740119519688,0.1347354531157107,0.09523083607134528
20250131,dodson,MC_withGingerNew,0.6666666666666666,26,,0.6764705882352942,,0.0,0.0,2.4159663865546217,25,2.5,2.4731106076204714,0.5841808800426447,4.233467222412237,0.020782442080844298,0.16646462017870473,0.18508238326388113,0.02044299589908844,0.8158573304449006,5.671538543313153,0.14696740119519688,0.1347354531157107,0.09523083607134528
20250131,dodson,MC_withGingerNew,0.6666666666666666,26,,0.6764705882352942,,0.0,0.0,2.4159663865546217,26,2.6,2.621829998094551,0.4912292430212929,5.337284038647725,0.0220321848579374,0.16852663235759865,0.16961721123361204,0.007999647063791039,0.6878211829504659,6.387999180845109,0.14696740119519688,0.1347354531157107,0.09523083607134528
20250131,dodson,MC_withGingerNew,0.6666666666666666,26,,0.6764705882352942,,0.0,0.0,2.4159663865546217,27,2.5,3.2116780568570795,0.5044570768477034,6.366603233968887,0.026988891234093104,0.18011338874213456,0.19072141403680565,0.017562101151385987,0.7650911530964573,5.330626225142135,0.14696740119519688,0.1347354531157107,0.09523083607134528
20250131,dodson,MC_withGingerNew,0.6666666666666666,26,,0.6764705882352942,,0.0,0.0,2.4159663865546217,28,2.8333333333333335,2.2787291490800157,0.45225083150101186,5.038640042997725,0.01914898444605055,0.1684039406420756,0.15769466067045984,0.009925309475523817,0.9763940021271756,6.660831113037944,0.14696740119519688,0.1347354531157107,0.09523083607134528
20250131,dodson,MC_withGingerNew,0.6666666666666666,26,,0.6764705882352942,,0.0,0.0,2.4159663865546217,29,3.3,2.2419742938296707,0.16096782555210354,13.928089580261913,0.01884012011621572,0.1564487521551131,0.16188163323169047,0.011126719295745126,0.39679738332578823,5.890893697008658,0.14696740119519688,0.1347354531157107,0.09523083607134528
20250131,dodson,MC_withGingerNew,0.6666666666666666,26,,0.6764705882352942,,0.0,0.0,2.4159663865546217,30,2.0,2.761829201040973,0.32905494819490033,8.393215832770679,0.02320864874824347,0.15534384134496862,0.15953927289721387,0.0063154718167762565,0.7919911878572049,6.441357319926211,0.14696740119519688,0.1347354531157107,0.09523083607134528
20250131,dodson,MC_withGingerNew,0.6666666666666666,26,,0.6764705882352942,,0.0,0.0,2.4159663865546217,31,1.3,2.830830524143098,0.7500067510589812,3.774406723867582,0.023788491799521833,0.16578141466536173,0.26242509871114,0.02506609355027075,0.8446042656259681,3.700054889484046,0.14696740119519688,0.1347354531157107,0.09523083607134528
20250131,dodson,MC_withGingerNew,0.6666666666666666,26,,0.6764705882352942,,0.0,0.0,2.4159663865546217,32,4.2,2.720505062443415,0.9632069697521238,2.8244241869881015,0.022861387079356428,0.14442354637148597,0.2048973946908901,0.01822567771844587,0.857239615350792,5.163162900005233,0.14696740119519688,0.1347354531157107,0.09523083607134528
20250131,dodson,MC_withGingerNew,0.6666666666666666,26,,0.6764705882352942,,0.0,0.0,2.4159663865546217,33,3.1666666666666665,2.3712365549832035,1.141385255083599,2.0775076114063924,0.01992635760490087,0.1410039270116074,0.24704645223867316,0.01802173021636739,1.1877630661584835,4.399774772082566,0.14696740119519688,0.1347354531157107,0.09523083607134528
20250211,dodson,MC_withKoala,0.10526315789473684,10,,0.5,0.9,18.0,20.0,0.9090909090909091,0,3.1,1.0503976627224136,0.6585379627413126,1.595044966504128,0.0088268711153144,0.07626847185142308,0.17745577569323367,0.005138946368874429,2.666430034939942,5.7316692123461,0.474321978020173,0.1534754697270903,0.1053666268874734
20250211,dodson,MC_withKoala,0.10526315789473684,10,,0.5,0.9,18.0,20.0,0.9090909090909091,1,1.4666666666666666,1.3255982151698362,0.3837948293881181,3.4539241117011135,0.011139480799746523,0.08085374006477868,0.1422906537110618,0.005504826969017286,0.8142954853187323,6.93330554045224,0.474321978020173,0.1534754697270903,0.1053666268874734
20250211,dodson,MC_withKoala,0.10526315789473684,10,,0.5,0.9,18.0,20.0,0.9090909090909091,2,2.6333333333333333,1.453591211023251,0.8060252675518097,1.8034065054043942,0.012215052193472697,0.0946861515359799,0.3079624386066292,0.0054532963769315865,2.0414880982477372,3.0217126670313204,0.474321978020173,0.1534754697270903,0.1053666268874734
20250211,dodson,MC_withKoala,0.10526315789473684,10,,0.5,0.9,18.0,20.0,0.9090909090909091,3,3.7666666666666666,1.0715933948556535,0.5813809452828939,1.84318630245824,0.009004986511392046,0.06978591550220371,0.23258945760671215,0.003934918046176038,2.10429690319022,4.309661149623277,0.474321978020173,0.1534754697270903,0.1053666268874734
20250211,dodson,MC_withKoala,0.10526315789473684,10,,0.5,0.9,18.0,20.0,0.9090909090909091,4,2.466666666666667,1.1997077813007333,0.5213546485890146,2.3011356752022873,0.010081577994123809,0.08702196058718285,0.17812272973828802,0.004326943361852971,1.217513979137368,4.2837868013550136,0.474321978020173,0.1534754697270903,0.1053666268874734
20250211,dodson,MC_withKoala,0.10526315789473684,10,,0.5,0.9,18.0,20.0,0.9090909090909091,5,3.966666666666667,1.7882654217388234,0.45245016946478367,3.952403032259252,0.015027440518813643,0.07043625773008222,0.2695812044356292,0.02652240404198382,0.7848814197145402,3.992189679496798,0.474321978020173,0.1534754697270903,0.1053666268874734
20250211,dodson,MC_withKoala,0.10526315789473684,10,,0.5,0.9,18.0,20.0,0.9090909090909091,6,2.5,2.2316905014460233,1.478826816290992,1.5090952347234745,0.018753701692823727,0.05223539983414565,0.49935113122647434,0.04145439247171462,1.0838374905432795,1.934588802484496,0.474321978020173,0.1534754697270903,0.1053666268874734
20250211,dodson,MC_withKoala,0.10526315789473684,10,,0.5,0.9,18.0,20.0,0.9090909090909091,7,2.6333333333333333,1.8242564677091155,0.8687806586098543,2.099789457362148,0.015329886283269879,0.061319535890269845,0.314717132387153,0.03917959474938549,1.0828123407368784,2.8637711974590085,0.474321978020173,0.1534754697270903,0.1053666268874734
20250211,dodson,MC_withKoala,0.10526315789473684,10,,0.5,0.9,18.0,20.0,0.9090909090909091,8,2.2333333333333334,2.5786388614148734,2.0423301393115705,1.2625964880898648,0.021669234129536752,0.042264901494988835,0.6710951108772001,0.02436620728751549,1.1063231829380584,1.4752952835256954,0.474321978020173,0.1534754697270903,0.1053666268874734
20250211,dodson,MC_withKoala,0.10526315789473684,10,,0.5,0.9,18.0,20.0,0.9090909090909091,9,4.733333333333333,1.4311027820824993,0.7536317978789798,1.8989416132787824,0.012026073799012599,0.050589268090667015,0.28288676549668684,0.01162116941110402,1.4732090554713544,3.3932800807628376,0.474321978020173,0.1534754697270903,0.1053666268874734
20250211,dodson,MC_withKoala,0.10526315789473684,10,,0.5,0.9,18.0,20.0,0.9090909090909091,10,2.1,1.1508712883637804,0.6375050215070938,1.805274075556398,0.009671187297174625,0.06287642514829413,0.18330181166114293,0.007883852764763348,2.020789111808458,5.010108855301564,0.474321978020173,0.1534754697270903,0.1053666268874734
20250211,dodson,MC_withKoala,0.10526315789473684,10,,0.5,0.9,18.0,20.0,0.9090909090909091,11,2.966666666666667,1.3516432729890189,0.7609153590298587,1.7763385335161563,0.011358346831840494,0.08004806796090935,0.31396974400931116,0.0065817023670617794,2.077329350289393,3.281759262689722,0.474321978020173,0.1534754697270903,0.1053666268874734
20250211,dodson,MC_withKoala,0.10526315789473684,10,,0.5,0.9,18.0,20.0,0.9090909090909091,12,4.133333333333334,1.6559044965550997,0.29988442244282587,5.521808979160311,0.013915163836597477,0.06819952328170781,0.2399815820477603,0.01012185162024461,0.4790306848298216,3.814364145269442,0.474321978020173,0.1534754697270903,0.1053666268874734
20250211,dodson,MC_withKoala,0.10526315789473684,10,,0.5,0.9,18.0,20.0,0.9090909090909091,13,3.033333333333333,1.2985651306696724,0.8162251978192152,1.590939772674465,0.010912312022434222,0.07539680758079619,0.21413512362569584,0.0062544789471971896,2.131196568387687,4.038616393690418,0.474321978020173,0.1534754697270903,0.1053666268874734
20250211,dodson,MC_withKoala,0.10526315789473684,10,,0.5,0.9,18.0,20.0,0.9090909090909091,14,6.1,1.3710094356822202,1.012850818323633,1.353614383163924,0.011521087694808573,0.05693558714463873,0.2695872808348316,0.010387884554239547,2.050920931587644,3.7091274109617207,0.474321978020173,0.1534754697270903,0.1053666268874734
20250211,dodson,MC_withKoala,0.10526315789473684,10,,0.5,0.9,18.0,20.0,0.9090909090909091,15,7.2,1.7371307691876892,1.0552293068791212,1.6462116412643202,0.014597737556199069,0.054381165794053,0.29535248633313776,0.019788185927878323,1.2011848023448313,3.191633718997269,0.474321978020173,0.1534754697270903,0.1053666268874734
20250211,dodson,MC_withKoala,0.10526315789473684,10,,0.5,0.9,18.0,20.0,0.9090909090909091,16,2.1,1.2837321336702399,0.4886705306454215,2.6269890512422034,0.010787664988825545,0.07401938916408811,0.2550887940849707,0.011554500419513508,1.739917941241499,3.913275107473492,0.474321978020173,0.1534754697270903,0.1053666268874734
20250211,dodson,MC_withKoala,0.10526315789473684,10,,0.5,0.9,18.0,20.0,0.9090909090909091,17,3.1,1.4326408049830834,0.7451919593094191,1.9225124306369783,0.012038998361202383,0.05738280779254089,0.28113090678272873,0.02047051135633731,2.1661309387629037,3.6761452482601626,0.474321978020173,0.1534754697270903,0.1053666268874734
20250214,dodson,MC_withKoala,0.29333333333333333,9,leader,0.6176470588235294,0.8292682926829268,34.0,41.0,2.110294117647059,0,8.133333333333333,2.219614769459963,0.5602973144235238,3.961494571402096,0.018652224953445064,0.15815784679400008,0.22273952475833744,0.016026470229735038,1.1824561237621636,4.926512380003,0.3297660245274234,0.19014110518544355,0.11202572376958277
20250214,dodson,MC_withKoala,0.29333333333333333,9,leader,0.6176470588235294,0.8292682926829268,34.0,41.0,2.110294117647059,1,2.033333333333333,2.0146649078787333,0.4162361066192475,4.840197368369224,0.016929957209064986,0.15108914002511778,0.15638113684153016,0.010389320008136058,0.911787880684258,6.804835682770118,0.3297660245274234,0.19014110518544355,0.11202572376958277
20250214,dodson,MC_withKoala,0.29333333333333333,9,leader,0.6176470588235294,0.8292682926829268,34.0,41.0,2.110294117647059,2,2.7333333333333334,1.2465418010049985,0.5120866345287992,2.4342400620395304,0.010475141184915953,0.1454345145947242,0.1313239367256995,0.0029569378800161114,2.302557850912006,9.788933778114037,0.3297660245274234,0.19014110518544355,0.11202572376958277
20250214,dodson,MC_withKoala,0.29333333333333333,9,leader,0.6176470588235294,0.8292682926829268,34.0,41.0,2.110294117647059,3,3.6666666666666665,1.7951834679411458,0.5556551843856385,3.230750865621806,0.015085575360849965,0.15651601298473378,0.1863111365823015,0.013366455798662259,1.445433440568098,5.844005450548656,0.3297660245274234,0.19014110518544355,0.11202572376958277
20250214,dodson,MC_withKoala,0.29333333333333333,9,leader,0.6176470588235294,0.8292682926829268,34.0,41.0,2.110294117647059,4,3.6,2.5585097070895135,0.27859059710725126,9.18376188448508,0.021500081572180786,0.16334142087800388,0.14241708694022,0.010521383158301775,0.7497589047811261,7.360913739762132,0.3297660245274234,0.19014110518544355,0.11202572376958277
20250214,dodson,MC_withKoala,0.29333333333333333,9,leader,0.6176470588235294,0.8292682926829268,34.0,41.0,2.110294117647059,5,1.9666666666666666,1.9067774147119272,0.5700018184453902,3.345212862500032,0.016023339619427958,0.15891556288850583,0.23808045951041718,0.010339583830195013,1.5092643160557584,4.398001221278246,0.3297660245274234,0.19014110518544355,0.11202572376958277
20250214,dodson,MC_withKoala,0.29333333333333333,9,leader,0.6176470588235294,0.8292682926829268,34.0,41.0,2.110294117647059,6,1.6666666666666667,1.9696830955594316,0.35919551607453054,5.483596001100237,0.01655195878621371,0.16325142679633492,0.1339115763156054,0.005775859674278511,0.47823550401893106,8.112879170930457,0.3297660245274234,0.19014110518544355,0.11202572376958277
20250214,dodson,MC_withKoala,0.29333333333333333,9,leader,0.6176470588235294,0.8292682926829268,34.0,41.0,2.110294117647059,7,2.7666666666666666,1.939562236027657,0.2611765441880605,7.426249711884818,0.016298842319560143,0.1727495356845755,0.11330408200969183,0.003067185337924465,0.6867961533683654,9.14568534234316,0.3297660245274234,0.19014110518544355,0.11202572376958277
20250214,dodson,MC_withKoala,0.29333333333333333,9,leader,0.6176470588235294,0.8292682926829268,34.0,41.0,2.110294117647059,8,2.933333333333333,1.516937866163529,0.2693487718923005,5.631872220936203,0.012747377026584279,0.15129667358712282,0.14262389530675065,0.005656564158967727,0.9291023656036912,6.7539044792510365,0.3297660245274234,0.19014110518544355,0.11202572376958277
20250214,dodson,MC_withKoala,0.29333333333333333,9,leader,0.6176470588235294,0.8292682926829268,34.0,41.0,2.110294117647059,9,4.0,1.8231302705391819,0.2103042530431857,8.669012842858695,0.01532042244150573,0.15886237258741387,0.16751295258318924,0.006497993243287659,0.05858894690813492,5.535647443616327,0.3297660245274234,0.19014110518544355,0.11202572376958277
20250214,dodson,MC_withKoala,0.29333333333333333,9,leader,0.6176470588235294,0.8292682926829268,34.0,41.0,2.110294117647059,10,1.7,1.5950129904465415,0.44460383978088064,3.587492611923079,0.01340347050795413,0.14912508920504464,0.186595168502956,0.004933185725011084,1.6385685146444018,5.851913404633949,0.3297660245274234,0.19014110518544355,0.11202572376958277
20250214,dodson,MC_withKoala,0.29333333333333333,9,leader,0.6176470588235294,0.8292682926829268,34.0,41.0,2.110294117647059,11,2.5,2.6975280864600095,1.0921608398497185,2.4699000257427195,0.022668303247563106,0.15758599902532747,0.24230690448421743,0.01146297421713775,1.0686014499477483,4.011267611704631,0.3297660245274234,0.19014110518544355,0.11202572376958277
20250214,dodson,MC_withKoala,0.29333333333333333,9,leader,0.6176470588235294,0.8292682926829268,34.0,41.0,2.110294117647059,12,1.6,2.8058852099090097,1.2992209579498952,2.1596674474344644,0.023578867310159745,0.16867680675509836,0.2735299912618887,0.0146478984699975,0.9676753060009572,4.366478953516072,0.3297660245274234,0.19014110518544355,0.11202572376958277
20250214,dodson,MC_withKoala,0.29333333333333333,9,leader,0.6176470588235294,0.8292682926829268,34.0,41.0,2.110294117647059,13,1.9,2.733993245582061,0.5331160636849862,5.1283265161515645,0.022974733156151773,0.1699733332465478,0.21268233966921812,0.01610591599633697,0.8762656119402326,4.749116120345601,0.3297660245274234,0.19014110518544355,0.11202572376958277
20250214,dodson,MC_withKoala,0.29333333333333333,9,leader,0.6176470588235294,0.8292682926829268,34.0,41.0,2.110294117647059,14,2.8,2.3809879201809645,0.8760382711059764,2.71790399884588,0.020008301850260205,0.1447197341417454,0.2755798520682869,0.03193183853921572,1.0625577168898122,3.8836755348982113,0.3297660245274234,0.19014110518544355,0.11202572376958277
20250214,dodson,MC_withKoala,0.29333333333333333,9,leader,0.6176470588235294,0.8292682926829268,34.0,41.0,2.110294117647059,15,3.933333333333333,2.4935131760823914,1.2200568365111437,2.043768045440247,0.020953892235986482,0.13588513871597926,0.3220304026502997,0.021111120543473458,1.2358442744903324,3.4410635848027944,0.3297660245274234,0.19014110518544355,0.11202572376958277
20250214,dodson,MC_withKoala,0.29333333333333333,9,leader,0.6176470588235294,0.8292682926829268,34.0,41.0,2.110294117647059,16,2.5,2.0935968884399427,0.7907866730368962,2.6474863067681724,0.017593251163360864,0.131993237915955,0.27960057761997015,0.030722749831797527,0.8647562317908633,3.635244293050009,0.3297660245274234,0.19014110518544355,0.11202572376958277
20250214,dodson,MC_withKoala,0.29333333333333333,9,leader,0.6176470588235294,0.8292682926829268,34.0,41.0,2.110294117647059,17,2.3666666666666667,1.937757558134398,0.3004244985564982,6.4500650494386385,0.01628367695911259,0.16429407310440491,0.1510808276778782,0.007435117565596703,0.9803284392616839,7.157993546850179,0.3297660245274234,0.19014110518544355,0.11202572376958277
20250214,dodson,MC_withKoala,0.29333333333333333,9,leader,0.6176470588235294,0.8292682926829268,34.0,41.0,2.110294117647059,18,3.6,2.6992567554924283,1.5035128995839024,1.795300031173293,0.022682829878087632,0.1428928607962098,0.3475119521056109,0.023812539965036066,1.095944032737083,2.8384967981165476,0.3297660245274234,0.19014110518544355,0.11202572376958277
20250214,dodson,MC_withKoala,0.29333333333333333,9,leader,0.6176470588235294,0.8292682926829268,34.0,41.0,2.110294117647059,19,1.7333333333333334,1.8229054485446978,0.7600405402122138,2.3984318626421133,0.01531853318104788,0.14443119733850493,0.2252445743892667,0.01374791316765967,1.368057815966488,4.687874731077252,0.3297660245274234,0.19014110518544355,0.11202572376958277
20250214,dodson,MC_withKoala,0.29333333333333333,9,leader,0.6176470588235294,0.8292682926829268,34.0,41.0,2.110294117647059,20,3.466666666666667,2.0561888765320098,0.4173064399213217,4.92728767118878,0.01727889812211773,0.16750266292199256,0.15340053101967438,0.006887303526271144,0.8949575191114606,6.382839712338142,0.3297660245274234,0.19014110518544355,0.11202572376958277
20250214,dodson,MC_withKoala,0.29333333333333333,9,leader,0.6176470588235294,0.8292682926829268,34.0,41.0,2.110294117647059,21,5.333333333333333,1.6102610646668587,0.35979181868822424,4.475535520895828,0.013531605585435787,0.156351053854716,0.1594254764045072,0.007111278008383701,1.7546832911650647,6.9298573714193195,0.3297660245274234,0.19014110518544355,0.11202572376958277
20250214,dodson,MC_withKoala,0.29333333333333333,9,leader,0.6176470588235294,0.8292682926829268,34.0,41.0,2.110294117647059,22,2.7333333333333334,2.0496376809823342,0.7810569192505648,2.6241847814996517,0.017223846058675076,0.14898900411628024,0.23187352121186852,0.011511231469541933,1.353586308295447,4.652634391923153,0.3297660245274234,0.19014110518544355,0.11202572376958277
20250214,dodson,MC_withKoala,0.29333333333333333,9,leader,0.6176470588235294,0.8292682926829268,34.0,41.0,2.110294117647059,23,2.8333333333333335,1.524856666360576,0.252743083124433,6.033228080903973,0.01281392156605526,0.17233882913570198,0.1436487548476562,0.005762097331976636,1.2037383757397995,7.596158939078523,0.3297660245274234,0.19014110518544355,0.11202572376958277
20250214,dodson,MC_withKoala,0.29333333333333333,9,leader,0.6176470588235294,0.8292682926829268,34.0,41.0,2.110294117647059,24,3.066666666666667,1.76360737931421,0.2850487463886779,6.187037837063297,0.014820230078270671,0.1538780539545109,0.13983333196612716,0.008239267179446815,0.7093822866976115,6.630702026177357,0.3297660245274234,0.19014110518544355,0.11202572376958277
20250214,dodson,MC_withKoala,0.29333333333333333,9,leader,0.6176470588235294,0.8292682926829268,34.0,41.0,2.110294117647059,25,2.1666666666666665,1.8528498445508992,0.5430026955075846,3.412229552228841,0.015570166760931927,0.14969921221830307,0.16302230405760582,0.008139842838239703,1.0747267955981765,6.384517776024185,0.3297660245274234,0.19014110518544355,0.11202572376958277
20250214,dodson,MC_withKoala,0.29333333333333333,9,leader,0.6176470588235294,0.8292682926829268,34.0,41.0,2.110294117647059,26,3.7,2.131721616784003,0.37302040353228455,5.714758754743304,0.017913627031798347,0.17245478010329737,0.1584187586971792,0.010525592890967028,1.2180693727864689,6.293357859036495,0.3297660245274234,0.19014110518544355,0.11202572376958277
20250214,dodson,MC_withKoala,0.29333333333333333,9,leader,0.6176470588235294,0.8292682926829268,34.0,41.0,2.110294117647059,27,6.033333333333333,2.8182276883747197,0.571747990337354,4.929143146986583,0.02368258561659428,0.15069753619517542,0.28865246610410705,0.015768363928581254,0.7869599475097863,3.702302481895772,0.3297660245274234,0.19014110518544355,0.11202572376958277
20250214,dodson,MC_withKoala,0.29333333333333333,9,leader,0.6176470588235294,0.8292682926829268,34.0,41.0,2.110294117647059,28,1.5666666666666667,1.8283336732405076,0.4316730586005958,4.235459306095282,0.015364148514626114,0.15432805160348637,0.16988140660993079,0.01020574046867443,1.1550797385640705,5.687962643371541,0.3297660245274234,0.19014110518544355,0.11202572376958277
20250214,dodson,MC_withKoala,0.29333333333333333,9,leader,0.6176470588235294,0.8292682926829268,34.0,41.0,2.110294117647059,29,2.7,2.03440008564537,0.7877658116877446,2.5824934967497266,0.017095799039036724,0.12691431424223412,0.25652351522370653,0.02951550666302185,1.1599799098802128,3.6616372354657547,0.3297660245274234,0.19014110518544355,0.11202572376958277
20250214,dodson,MC_withKoala,0.29333333333333333,9,leader,0.6176470588235294,0.8292682926829268,34.0,41.0,2.110294117647059,30,2.7333333333333334,1.902501750850419,0.24322489465290456,7.821986123441001,0.015987409671011924,0.1673250765961607,0.18227509979649803,0.008227770395633464,0.37830902440010095,5.711245788431528,0.3297660245274234,0.19014110518544355,0.11202572376958277
20250214,dodson,MC_withKoala,0.29333333333333333,9,leader,0.6176470588235294,0.8292682926829268,34.0,41.0,2.110294117647059,31,2.3,2.7128757574630513,0.12902377003437487,21.02617026878287,0.02279727527279875,0.16196443992981457,0.15864450050843715,0.010685307783634168,0.26965945059706276,6.291888309396653,0.3297660245274234,0.19014110518544355,0.11202572376958277
20250214,dodson,MC_withKoala,0.29333333333333333,9,leader,0.6176470588235294,0.8292682926829268,34.0,41.0,2.110294117647059,32,1.3,2.237577423457549,0.5943853969652119,3.764522875027008,0.01880317162569369,0.16045550484581567,0.15575726834978207,0.009922602136468913,0.967724515078812,6.7422941453781045,0.3297660245274234,0.19014110518544355,0.11202572376958277
20250214,dodson,MC_withKoala,0.29333333333333333,9,leader,0.6176470588235294,0.8292682926829268,34.0,41.0,2.110294117647059,33,1.4666666666666666,2.0326015994080744,0.5552252962640156,3.6608591378760784,0.01708068570931155,0.16840256657230174,0.1575638835261169,0.007788526763958342,1.1774659049789906,6.7339260285047144,0.3297660245274234,0.19014110518544355,0.11202572376958277
20250218,dodson,MC_withKoala,0.6355140186915887,8,follower,0.7058823529411765,0.9107142857142857,51.0,56.0,2.4705882352941178,0,6.0,1.758750103859038,0.34876251696415306,5.042830058597748,0.014779412637470908,0.11892260885931301,0.1444376215561267,0.004423560094716328,0.7606814354901377,7.253110374286065,0.21283170914277624,0.17102253236703963,0.14610860975709858
20250218,dodson,MC_withKoala,0.6355140186915887,8,follower,0.7058823529411765,0.9107142857142857,51.0,56.0,2.4705882352941178,1,4.833333333333333,3.26106395235429,0.3561854055286706,9.155523785467947,0.02740389875927975,0.11415364555448466,0.24398868383998315,0.019148639435384977,0.3996489249660282,4.201027539478262,0.21283170914277624,0.17102253236703963,0.14610860975709858
20250218,dodson,MC_withKoala,0.6355140186915887,8,follower,0.7058823529411765,0.9107142857142857,51.0,56.0,2.4705882352941178,2,1.6666666666666667,2.5562057736392094,0.34367259901662633,7.437909745942662,0.02148072078688411,0.11284502867858333,0.19049587014081076,0.015374503400821964,0.5435705831738128,5.232392478983824,0.21283170914277624,0.17102253236703963,0.14610860975709858
20250218,dodson,MC_withKoala,0.6355140186915887,8,follower,0.7058823529411765,0.9107142857142857,51.0,56.0,2.4705882352941178,3,2.8666666666666667,2.9083106995640438,0.5495790315178956,5.291888032066126,0.024439585710622217,0.1165887710351425,0.2433014049227939,0.03212933789414762,0.5312595091931779,4.132966178115409,0.21283170914277624,0.17102253236703963,0.14610860975709858
20250218,dodson,MC_withKoala,0.6355140186915887,8,follower,0.7058823529411765,0.9107142857142857,51.0,56.0,2.4705882352941178,4,2.566666666666667,2.8076134866488784,0.5602395912090289,5.011451405263753,0.023593390644108224,0.118115060164061,0.24094709728292377,0.018635587406602806,0.7899282015390402,4.419681632254648,0.21283170914277624,0.17102253236703963,0.14610860975709858
20250218,dodson,MC_withKoala,0.6355140186915887,8,follower,0.7058823529411765,0.9107142857142857,51.0,56.0,2.4705882352941178,5,2.466666666666667,3.799364049835295,0.6266135889039623,6.063328528321468,0.031927428990212565,0.11217389158858754,0.2862840301515702,0.019446217133559474,0.6138881369953826,3.387457440330741,0.21283170914277624,0.17102253236703963,0.14610860975709858
20250218,dodson,MC_withKoala,0.6355140186915887,8,follower,0.7058823529411765,0.9107142857142857,51.0,56.0,2.4705882352941178,6,2.7333333333333334,2.7944377912293343,0.3294506649953408,8.482113069247726,0.023482670514532223,0.12878833497657613,0.19776991164137575,0.00845706022925151,0.6745795832938933,4.984135707207995,0.21283170914277624,0.17102253236703963,0.14610860975709858
20250218,dodson,MC_withKoala,0.6355140186915887,8,follower,0.7058823529411765,0.9107142857142857,51.0,56.0,2.4705882352941178,7,1.6666666666666667,2.3316394880688596,0.5050986655435087,4.616205995238398,0.019593609143435796,0.10483665642615925,0.19492399037733618,0.013431828468765474,0.5077394151471128,5.535545462787506,0.21283170914277624,0.17102253236703963,0.14610860975709858
20250218,dodson,MC_withKoala,0.6355140186915887,8,follower,0.7058823529411765,0.9107142857142857,51.0,56.0,2.4705882352941178,8,2.7666666666666666,3.8329096415536257,0.5683860483833522,6.743497051793382,0.03220932471893803,0.11113125802038315,0.27266632321300804,0.02639637264904829,0.5653593669764752,3.6706204403637877,0.21283170914277624,0.17102253236703963,0.14610860975709858
20250218,dodson,MC_withKoala,0.6355140186915887,8,follower,0.7058823529411765,0.9107142857142857,51.0,56.0,2.4705882352941178,9,3.7666666666666666,2.402292303754363,0.18477662405670922,13.001061774010347,0.02018733028365011,0.1169330152400444,0.1673927816985696,0.007165659540124516,0.6447742774142686,5.892619882148925,0.21283170914277624,0.17102253236703963,0.14610860975709858
20250218,dodson,MC_withKoala,0.6355140186915887,8,follower,0.7058823529411765,0.9107142857142857,51.0,56.0,2.4705882352941178,10,2.8,4.318336289492127,0.8954160981810962,4.822714599686313,0.036288540247833,0.11043758864290906,0.31054327611568877,0.04223845290095316,0.5027615471835426,3.275635952568468,0.21283170914277624,0.17102253236703963,0.14610860975709858
20250218,dodson,MC_withKoala,0.6355140186915887,8,follower,0.7058823529411765,0.9107142857142857,51.0,56.0,2.4705882352941178,11,1.8,2.424544056551419,0.3854725154307813,6.289797481000408,0.0203743198029531,0.1318796342979244,0.1670070093932825,0.008027487424961982,1.0991608233303098,6.160746342619505,0.21283170914277624,0.17102253236703963,0.14610860975709858
20250218,dodson,MC_withKoala,0.6355140186915887,8,follower,0.7058823529411765,0.9107142857142857,51.0,56.0,2.4705882352941178,12,3.3666666666666667,3.330989120706107,0.5855757229261881,5.688400304679261,0.027991505216017707,0.11464032284367184,0.24439868221489253,0.021538359948455654,0.576679881040138,4.221365650979581,0.21283170914277624,0.17102253236703963,0.14610860975709858
20250218,dodson,MC_withKoala,0.6355140186915887,8,follower,0.7058823529411765,0.9107142857142857,51.0,56.0,2.4705882352941178,13,4.8,3.9246871195562805,0.4240418561482635,9.255423875382808,0.03298056402988471,0.10816451746961966,0.2974186101467916,0.02696273182196657,0.22838697926659887,3.3403466576096266,0.21283170914277624,0.17102253236703963,0.14610860975709858
20250218,dodson,MC_withKoala,0.6355140186915887,8,follower,0.7058823529411765,0.9107142857142857,51.0,56.0,2.4705882352941178,14,3.1,1.9707300951445703,0.1948389721505249,10.114660703619716,0.016560757102055214,0.13946671484547307,0.154390284826933,0.006052442874055003,0.2772621833389598,6.710996449213643,0.21283170914277624,0.17102253236703963,0.14610860975709858
20250218,dodson,MC_withKoala,0.6355140186915887,8,follower,0.7058823529411765,0.9107142857142857,51.0,56.0,2.4705882352941178,15,2.533333333333333,2.965954517491411,0.3231828652564448,9.177326016767422,0.02492398754194463,0.13369155460516466,0.2130542913445634,0.01242507080326319,1.0494893415907758,4.956267075994824,0.21283170914277624,0.17102253236703963,0.14610860975709858
20250218,dodson,MC_withKoala,0.6355140186915887,8,follower,0.7058823529411765,0.9107142857142857,51.0,56.0,2.4705882352941178,16,3.3666666666666667,2.1968583950043143,0.17269827813279218,12.72078922127465,0.018460994916002643,0.1410224246908108,0.17790781073954687,0.006959078407079813,0.3787355142203139,5.964285470299931,0.21283170914277624,0.17102253236703963,0.14610860975709858
20250218,dodson,MC_withKoala,0.6355140186915887,8,follower,0.7058823529411765,0.9107142857142857,51.0,56.0,2.4705882352941178,17,2.433333333333333,2.9380574800845314,0.6044476851678475,4.8607307996699,0.024689558656172533,0.11419995491677011,0.2094211211256655,0.0068044610540487814,0.763422832515809,5.042224853832655,0.21283170914277624,0.17102253236703963,0.14610860975709858
20250218,dodson,MC_withKoala,0.6355140186915887,8,follower,0.7058823529411765,0.9107142857142857,51.0,56.0,2.4705882352941178,18,2.4,1.6092509826305177,0.32260190946075257,4.9883492175246955,0.013523117501096787,0.11874712814917472,0.12889326731175924,0.004215292771139814,0.7702230118504466,8.021211025990553,0.21283170914277624,0.17102253236703963,0.14610860975709858
20250218,dodson,MC_withKoala,0.6355140186915887,8,follower,0.7058823529411765,0.9107142857142857,51.0,56.0,2.4705882352941178,19,3.5,2.537111258212625,0.18474728134847207,13.732874658258714,0.021320262674055672,0.11842887257579687,0.2013853655735361,0.012924376854528935,0.3375359380118781,4.819599163193507,0.21283170914277624,0.17102253236703963,0.14610860975709858
20250218,dodson,MC_withKoala,0.6355140186915887,8,follower,0.7058823529411765,0.9107142857142857,51.0,56.0,2.4705882352941178,20,2.7333333333333334,2.0700015668878238,0.36973193844447627,5.598655002856027,0.017394971150317847,0.11204822904280205,0.16033792452145632,0.0036174174060306544,0.867868419372004,6.348359109803978,0.21283170914277624,0.17102253236703963,0.14610860975709858
20250218,dodson,MC_withKoala,0.6355140186915887,8,follower,0.7058823529411765,0.9107142857142857,51.0,56.0,2.4705882352941178,21,1.3666666666666667,2.085284628983987,0.3572879428919079,5.836425970900614,0.017523400243562914,0.11502326687421517,0.15792871520350843,0.006235288149024967,0.8831847923692735,6.541752590011983,0.21283170914277624,0.17102253236703963,0.14610860975709858
20250218,dodson,MC_withKoala,0.6355140186915887,8,follower,0.7058823529411765,0.9107142857142857,51.0,56.0,2.4705882352941178,22,3.966666666666667,2.7448189216937187,0.10237857929327386,26.810480675170393,0.023065705224316963,0.12494048720197662,0.19043901397577792,0.010888702343271975,0.3807145227109864,5.225035290730725,0.21283170914277624,0.17102253236703963,0.14610860975709858
20250218,dodson,MC_withKoala,0.6355140186915887,8,follower,0.7058823529411765,0.9107142857142857,51.0,56.0,2.4705882352941178,23,3.033333333333333,2.506024418825357,0.626732965919474,3.998552102886103,0.02105902872962485,0.11678532913809227,0.19195412872935644,0.010169358702089001,1.0694911692823594,5.469078959072118,0.21283170914277624,0.17102253236703963,0.14610860975709858
20250218,dodson,MC_withKoala,0.6355140186915887,8,follower,0.7058823529411765,0.9107142857142857,51.0,56.0,2.4705882352941178,24,5.366666666666666,2.472008191810404,0.176341536044442,14.018297941940366,0.02077317808244037,0.11895309009394771,0.21250438265817276,0.006293588732943244,0.09621738458468714,5.043606313602196,0.21283170914277624,0.17102253236703963,0.14610860975709858
20250218,dodson,MC_withKoala,0.6355140186915887,8,follower,0.7058823529411765,0.9107142857142857,51.0,56.0,2.4705882352941178,25,4.466666666666667,3.485546384846085,0.6107500166678692,5.7069935157145535,0.029290305755009117,0.10719498157945331,0.25498371439019024,0.02186138172924516,0.5687459950149374,3.983714350667992,0.21283170914277624,0.17102253236703963,0.14610860975709858
20250218,dodson,MC_withKoala,0.6355140186915887,8,follower,0.7058823529411765,0.9107142857142857,51.0,56.0,2.4705882352941178,26,3.3,2.008582294792453,0.1463705262338439,13.72258709778436,0.01687884281338196,0.1245064679023279,0.15927252527798766,0.006052273477766016,0.12335485496697199,6.387805865246055,0.21283170914277624,0.17102253236703963,0.14610860975709858
20250218,dodson,MC_withKoala,0.6355140186915887,8,follower,0.7058823529411765,0.9107142857142857,51.0,56.0,2.4705882352941178,27,2.966666666666667,3.133550511902832,0.9491199166989612,3.3015327744899925,0.02633235724288094,0.10952634505454192,0.2504277439990759,0.00932266087118028,0.9556572608963326,4.236687691818414,0.21283170914277624,0.17102253236703963,0.14610860975709858
20250218,dodson,MC_withKoala,0.6355140186915887,8,follower,0.7058823529411765,0.9107142857142857,51.0,56.0,2.4705882352941178,28,2.1333333333333333,2.867749434881673,0.3246002549407915,8.83471097521092,0.024098734746904816,0.1211739499338572,0.24667248329774122,0.011980443409037816,0.433494524115561,4.123817294625245,0.21283170914277624,0.17102253236703963,0.14610860975709858
20250218,dodson,MC_withKoala,0.6355140186915887,8,follower,0.7058823529411765,0.9107142857142857,51.0,56.0,2.4705882352941178,29,3.8333333333333335,2.539518351113885,0.4338845239651008,5.85298209741666,0.02134049034549483,0.12373097927163272,0.1859729729822759,0.011957055229271485,0.7962472476343567,5.310169940067333,0.21283170914277624,0.17102253236703963,0.14610860975709858
20250218,dodson,MC_withKoala,0.6355140186915887,8,follower,0.7058823529411765,0.9107142857142857,51.0,56.0,2.4705882352941178,30,3.3333333333333335,3.369180066591914,0.13250955989083305,25.42593960290553,0.02831243753438583,0.11030189177115567,0.2804410387915911,0.008838351524440362,0.19570263649654535,3.5623233020692915,0.21283170914277624,0.17102253236703963,0.14610860975709858
20250218,dodson,MC_withKoala,0.6355140186915887,8,follower,0.7058823529411765,0.9107142857142857,51.0,56.0,2.4705882352941178,31,2.3333333333333335,2.964855426522346,0.40132298094551283,7.387704086960524,0.02491475148338106,0.11225004329079191,0.23088657910843904,0.00917390641327429,0.4486544981160911,4.311604835010938,0.21283170914277624,0.17102253236703963,0.14610860975709858
20250218,dodson,MC_withKoala,0.6355140186915887,8,follower,0.7058823529411765,0.9107142857142857,51.0,56.0,2.4705882352941178,32,1.6333333333333333,2.2954924755021233,0.5375181834527515,4.27053920438005,0.01928985273531196,0.11747094074597347,0.15084083285013652,0.005221323373011309,1.080434323934372,6.541032239935346,0.21283170914277624,0.17102253236703963,0.14610860975709858
20250218,dodson,MC_withKoala,0.6355140186915887,8,follower,0.7058823529411765,0.9107142857142857,51.0,56.0,2.4705882352941178,33,1.8333333333333333,3.2878293427837493,0.5249385672591592,6.263264975843481,0.027628818006586127,0.11641274503112346,0.30623396612082465,0.028513151598281865,0.6121076640474477,3.4856136979493595,0.21283170914277624,0.17102253236703963,0.14610860975709858
20250218,dodson,MC_withKoala,0.6355140186915887,8,follower,0.7058823529411765,0.9107142857142857,51.0,56.0,2.4705882352941178,34,5.766666666666667,4.006652384367708,0.6942956181505052,5.770816176315217,0.033669347767795864,0.10898638927057885,0.29573197722973804,0.02524120850466191,0.28635989646560167,3.4684552827302473,0.21283170914277624,0.17102253236703963,0.14610860975709858
20250218,dodson,MC_withKoala,0.6355140186915887,8,follower,0.7058823529411765,0.9107142857142857,51.0,56.0,2.4705882352941178,35,3.433333333333333,2.321122216711088,0.4685456919612115,4.953886582534713,0.019505228711857885,0.11024999678204463,0.17665196392795224,0.018777893309899332,0.6794344160020073,5.889115653473218,0.21283170914277624,0.17102253236703963,0.14610860975709858
20250218,dodson,MC_withKoala,0.6355140186915887,8,follower,0.7058823529411765,0.9107142857142857,51.0,56.0,2.4705882352941178,36,1.8333333333333333,2.3518428829577798,0.23470177057437794,10.02055875932334,0.01976338557107378,0.12491306526019923,0.20293046294411102,0.008083462238085854,0.2627500932474273,5.270853796905667,0.21283170914277624,0.17102253236703963,0.14610860975709858
20250218,dodson,MC_withKoala,0.6355140186915887,8,follower,0.7058823529411765,0.9107142857142857,51.0,56.0,2.4705882352941178,37,2.9,3.0309430907817205,0.6800542009520885,4.456914002646178,0.02547011000656908,0.11124914467473779,0.23605258341665192,0.01676660848643913,0.6192968251059001,4.542098478635424,0.21283170914277624,0.17102253236703963,0.14610860975709858
20250218,dodson,MC_withKoala,0.6355140186915887,8,follower,0.7058823529411765,0.9107142857142857,51.0,56.0,2.4705882352941178,38,3.533333333333333,2.6614094169498888,0.3894980741725017,6.832920605844121,0.02236478501638562,0.12881473911786628,0.2282399886554705,0.014995809948542856,0.5697004027494501,4.463537376689101,0.21283170914277624,0.17102253236703963,0.14610860975709858
20250218,dodson,MC_withKoala,0.6355140186915887,8,follower,0.7058823529411765,0.9107142857142857,51.0,56.0,2.4705882352941178,39,2.7,3.1580705177149655,0.6619662482671,4.770742505350062,0.026538407711890467,0.1179660094308645,0.2227284508365661,0.011328399829746351,0.7615299461036281,4.509985565927288,0.21283170914277624,0.17102253236703963,0.14610860975709858
20250218,dodson,MC_withKoala,0.6355140186915887,8,follower,0.7058823529411765,0.9107142857142857,51.0,56.0,2.4705882352941178,40,2.1,2.470932475953826,0.3835166896403958,6.442829067675501,0.020764138453393498,0.11521420187007482,0.1894002547552939,0.012473727066660376,0.6851947194932664,5.455398681748702,0.21283170914277624,0.17102253236703963,0.14610860975709858
20250218,dodson,MC_withKoala,0.6355140186915887,8,follower,0.7058823529411765,0.9107142857142857,51.0,56.0,2.4705882352941178,41,1.7333333333333334,3.429794113719439,0.8155930263917371,4.205276409599996,0.028821799274953267,0.10646057965460529,0.2533730287915333,0.01335540217269062,0.543823588315535,4.184237070814422,0.21283170914277624,0.17102253236703963,0.14610860975709858
20250218,dodson,MC_withKoala,0.6355140186915887,8,follower,0.7058823529411765,0.9107142857142857,51.0,56.0,2.4705882352941178,42,3.6,3.517643937146361,0.8308860184118815,4.233605884799734,0.02956003308526354,0.1203088353762304,0.23369066920431378,0.015133859367440413,0.6881992754974773,4.037998232506084,0.21283170914277624,0.17102253236703963,0.14610860975709858
20250218,dodson,MC_withKoala,0.6355140186915887,8,follower,0.7058823529411765,0.9107142857142857,51.0,56.0,2.4705882352941178,43,2.1666666666666665,3.4571004638741276,0.7666893730110707,4.509127927907524,0.029051264402303593,0.1103211061643257,0.28173936921238457,0.03674452845242496,0.48104790738956055,3.6941486333649154,0.21283170914277624,0.17102253236703963,0.14610860975709858
20250218,dodson,MC_withKoala,0.6355140186915887,8,follower,0.7058823529411765,0.9107142857142857,51.0,56.0,2.4705882352941178,44,2.7666666666666666,3.2751949964879614,0.5994552967344919,5.463618412130899,0.0275226470293106,0.10661930733696698,0.234860789098417,0.019821719854170274,0.5054952469852394,4.313576168132307,0.21283170914277624,0.17102253236703963,0.14610860975709858
20250218,dodson,MC_withKoala,0.6355140186915887,8,follower,0.7058823529411765,0.9107142857142857,51.0,56.0,2.4705882352941178,45,2.2,2.6802962602364473,0.5095676704049977,5.259941742587756,0.02252349798518023,0.11739735631723945,0.22168614586121235,0.016446558534460816,0.6357104721582675,4.637083208516553,0.21283170914277624,0.17102253236703963,0.14610860975709858
20250218,dodson,MC_withKoala,0.6355140186915887,8,follower,0.7058823529411765,0.9107142857142857,51.0,56.0,2.4705882352941178,46,2.9,3.330413460545162,0.5399241787133102,6.168298423830265,0.02798666773567363,0.1343818855709179,0.24542019614150387,0.007139520258322541,0.7224078313446198,4.395046298273118,0.21283170914277624,0.17102253236703963,0.14610860975709858
20250218,dodson,MC_withKoala,0.6355140186915887,8,follower,0.7058823529411765,0.9107142857142857,51.0,56.0,2.4705882352941178,47,1.6666666666666667,2.349183499677987,0.385397998402432,6.0954740538765675,0.019741037812420058,0.10498722374561201,0.20638219935282479,0.007290278673365339,0.21293491716527144,5.246308107477826,0.21283170914277624,0.17102253236703963,0.14610860975709858
20250218,dodson,MC_withKoala,0.6355140186915887,8,follower,0.7058823529411765,0.9107142857142857,51.0,56.0,2.4705882352941178,48,1.6333333333333333,3.0185199702519396,0.5844197228463041,5.164986485313702,0.025365714035730586,0.1249008210754354,0.2335552221559361,0.02485486830683789,0.525382089814494,4.345200720454184,0.21283170914277624,0.17102253236703963,0.14610860975709858
20250218,dodson,MC_withKoala,0.6355140186915887,8,follower,0.7058823529411765,0.9107142857142857,51.0,56.0,2.4705882352941178,49,2.6333333333333333,3.4567316930235896,0.6043909605047347,5.719363655169211,0.02904816548759319,0.11375845200453656,0.2567825091499036,0.022945267385713092,0.6975790309247215,3.9550041528950204,0.21283170914277624,0.17102253236703963,0.14610860975709858
20250218,dodson,MC_withKoala,0.6355140186915887,8,follower,0.7058823529411765,0.9107142857142857,51.0,56.0,2.4705882352941178,50,1.6,1.6308653625522371,0.28752323761478044,5.6721167168312405,0.013704750945817119,0.13785670462570984,0.1492229960178882,0.005865748431502806,1.1256204875601965,7.692357447324751,0.21283170914277624,0.17102253236703963,0.14610860975709858
20250220,dodson,MC_withKoala,0.3466666666666667,16,follower,0.5714285714285714,0.5957446808510638,28.0,47.0,1.492063492063492,0,4.166666666666667,1.826223616520051,0.5285533097068661,3.455136091254198,0.015346416945546646,0.17996111207031548,0.15014030582247492,0.009039513230854277,1.4815512192760296,7.352743227598542,0.1975203917876426,0.14454177037556323,0.1012364917588995
20250220,dodson,MC_withKoala,0.3466666666666667,16,follower,0.5714285714285714,0.5957446808510638,28.0,47.0,1.492063492063492,1,4.266666666666667,1.2792047628952057,0.29341034897429724,4.359780653160479,0.010749619856262233,0.17887185922321458,0.09017215126946133,0.0016394723719874642,1.2351421404247087,11.868570458524173,0.1975203917876426,0.14454177037556323,0.1012364917588995
20250220,dodson,MC_withKoala,0.3466666666666667,16,follower,0.5714285714285714,0.5957446808510638,28.0,47.0,1.492063492063492,2,1.4,2.336725251542411,0.30462282241479155,7.670880444934603,0.0196363466516169,0.19819195884140908,0.18631240131776025,0.01335719471441354,0.40959633001887313,5.489807573695951,0.1975203917876426,0.14454177037556323,0.1012364917588995
20250220,dodson,MC_withKoala,0.3466666666666667,16,follower,0.5714285714285714,0.5957446808510638,28.0,47.0,1.492063492063492,3,5.733333333333333,2.1030802139543447,0.8678664286190694,2.423276375951909,0.017672942974406258,0.18379652887018216,0.18897335371342117,0.01202014641619818,1.0813749589798771,5.497893803587032,0.1975203917876426,0.14454177037556323,0.1012364917588995
20250220,dodson,MC_withKoala,0.3466666666666667,16,follower,0.5714285714285714,0.5957446808510638,28.0,47.0,1.492063492063492,4,3.7,2.9150189564169926,0.3214031300787978,9.06966573630544,0.024495957616949518,0.18829219176180348,0.21376908528021948,0.014381652834509151,0.13244880167044457,3.917386079718984,0.1975203917876426,0.14454177037556323,0.1012364917588995
20250220,dodson,MC_withKoala,0.3466666666666667,16,follower,0.5714285714285714,0.5957446808510638,28.0,47.0,1.492063492063492,5,3.7,1.7543590391031385,0.8722161230381666,2.011381116175917,0.01474251293363982,0.16527448224376795,0.21504346285454853,0.010315232413644137,1.643736038662237,5.273506839192618,0.1975203917876426,0.14454177037556323,0.1012364917588995
20250220,dodson,MC_withKoala,0.3466666666666667,16,follower,0.5714285714285714,0.5957446808510638,28.0,47.0,1.492063492063492,6,1.6,1.7286857865289786,0.7392112108770644,2.3385546121221776,0.014526771315369568,0.1719942942160846,0.14187258258735355,0.00879875355193563,1.438370631578498,6.764503564084992,0.1975203917876426,0.14454177037556323,0.1012364917588995
20250220,dodson,MC_withKoala,0.3466666666666667,16,follower,0.5714285714285714,0.5957446808510638,28.0,47.0,1.492063492063492,7,1.5333333333333334,1.8997101655689796,0.6585234855478679,2.884802451636921,0.015963950971167897,0.19456478838997307,0.22028723293907287,0.008296059390384037,1.3251214599414511,4.4687955803391555,0.1975203917876426,0.14454177037556323,0.1012364917588995
20250220,dodson,MC_withKoala,0.3466666666666667,16,follower,0.5714285714285714,0.5957446808510638,28.0,47.0,1.492063492063492,8,3.2,2.035122559401748,0.46244279657730086,4.400809298932526,0.017101870247073513,0.20363350213982623,0.1189362229254075,0.004747898963011212,0.6887828728257999,8.138988552657098,0.1975203917876426,0.14454177037556323,0.1012364917588995
20250220,dodson,MC_withKoala,0.3466666666666667,16,follower,0.5714285714285714,0.5957446808510638,28.0,47.0,1.492063492063492,9,3.5,1.726092427951424,0.44301143007024846,3.896270639513109,0.01450497838614642,0.17859659374216236,0.14941871259203196,0.008499390658757194,1.1841026616649413,7.381636891951821,0.1975203917876426,0.14454177037556323,0.1012364917588995
20250220,dodson,MC_withKoala,0.3466666666666667,16,follower,0.5714285714285714,0.5957446808510638,28.0,47.0,1.492063492063492,10,2.4,2.0286761163035525,0.3187130153845926,6.3652126470440455,0.017047698456332375,0.19197016568937997,0.1582107517083736,0.00915014125444709,0.49022811228101415,5.666787589918914,0.1975203917876426,0.14454177037556323,0.1012364917588995
20250220,dodson,MC_withKoala,0.3466666666666667,16,follower,0.5714285714285714,0.5957446808510638,28.0,47.0,1.492063492063492,11,1.9,1.524830321520573,0.7372871755965094,2.0681633588525314,0.01281370018084515,0.18302020326008867,0.22146166612410886,0.006907019743160908,1.816073839289959,4.239234852537681,0.1975203917876426,0.14454177037556323,0.1012364917588995
20250220,dodson,MC_withKoala,0.3466666666666667,16,follower,0.5714285714285714,0.5957446808510638,28.0,47.0,1.492063492063492,12,2.2666666666666666,1.761069449575149,0.34498657437538366,5.104747779717683,0.014798902937606296,0.1865361634978992,0.19176331195943788,0.008957120105021341,0.5954157612764185,4.7240297858080735,0.1975203917876426,0.14454177037556323,0.1012364917588995
20250220,dodson,MC_withKoala,0.3466666666666667,16,follower,0.5714285714285714,0.5957446808510638,28.0,47.0,1.492063492063492,13,4.233333333333333,1.7598643255489554,0.2979494120484468,5.906587676913422,0.014788775844949205,0.15951216838970345,0.19532705852392837,0.007577367715566649,1.3532285479557975,4.8754562939828565,0.1975203917876426,0.14454177037556323,0.1012364917588995
20250220,dodson,MC_withKoala,0.3466666666666667,16,follower,0.5714285714285714,0.5957446808510638,28.0,47.0,1.492063492063492,14,1.5666666666666667,1.3463850957209624,0.5381806414855164,2.501734532859812,0.011314160468243382,0.17205085638546574,0.21162810247530553,0.0030269519645868513,1.8688789527933596,3.834826272079538,0.1975203917876426,0.14454177037556323,0.1012364917588995
20250220,dodson,MC_withKoala,0.3466666666666667,16,follower,0.5714285714285714,0.5957446808510638,28.0,47.0,1.492063492063492,15,6.0,1.6233751964995586,0.6072590449092186,2.6732828602696945,0.01364180837394587,0.17467981782289116,0.15373092547060782,0.0058501160562356505,1.268494375716008,6.250244867915563,0.1975203917876426,0.14454177037556323,0.1012364917588995
20250220,dodson,MC_withKoala,0.3466666666666667,16,follower,0.5714285714285714,0.5957446808510638,28.0,47.0,1.492063492063492,16,3.9,1.394826619728272,0.1674909860917555,8.327771256682155,0.011721232098556907,0.1653430522003849,0.12003660403755848,0.00281737273088489,0.3020165798026139,7.168156339161201,0.1975203917876426,0.14454177037556323,0.1012364917588995
20250220,dodson,MC_withKoala,0.3466666666666667,16,follower,0.5714285714285714,0.5957446808510638,28.0,47.0,1.492063492063492,17,1.8,1.6003144750550167,0.38734556821871313,4.131490344434264,0.013448020798781653,0.17288710524448553,0.15355541591030833,0.006809397952915761,0.841901276709587,6.662106757054008,0.1975203917876426,0.14454177037556323,0.1012364917588995
20250220,dodson,MC_withKoala,0.3466666666666667,16,follower,0.5714285714285714,0.5957446808510638,28.0,47.0,1.492063492063492,18,1.6666666666666667,1.4816772502037587,0.7980873559891495,1.8565351763622016,0.012451069329443351,0.17390012946934916,0.19000296582692117,0.0053091337493883246,2.0031725939334177,5.983776517735061,0.1975203917876426,0.14454177037556323,0.1012364917588995
20250220,dodson,MC_withKoala,0.3466666666666667,16,follower,0.5714285714285714,0.5957446808510638,28.0,47.0,1.492063492063492,19,4.366666666666666,1.6260097734554435,0.4833699758114554,3.363903127673137,0.013663947676096164,0.21391261360368757,0.14715431100807308,0.0034840612442237026,1.6272333921118907,7.060593966193757,0.1975203917876426,0.14454177037556323,0.1012364917588995
20250220,dodson,MC_withKoala,0.3466666666666667,16,follower,0.5714285714285714,0.5957446808510638,28.0,47.0,1.492063492063492,20,2.5,1.2835273162592968,0.3773120442707568,3.401766086582292,0.010785943834111739,0.1450951012940149,0.18164371252367253,0.008646440471793134,1.554060067336733,5.169218229909093,0.1975203917876426,0.14454177037556323,0.1012364917588995
20250220,dodson,MC_withKoala,0.3466666666666667,16,follower,0.5714285714285714,0.5957446808510638,28.0,47.0,1.492063492063492,21,2.466666666666667,1.8531057974798106,0.7775684048282796,2.383206141058491,0.01557231762588076,0.17676615660696665,0.23251667366031098,0.008331309094621634,1.2995139630180486,4.219809971824027,0.1975203917876426,0.14454177037556323,0.1012364917588995
20250220,dodson,MC_withKoala,0.3466666666666667,16,follower,0.5714285714285714,0.5957446808510638,28.0,47.0,1.492063492063492,22,2.2,1.704325019692211,0.8215176718787488,2.074605426070201,0.014322058989010176,0.16413871280427245,0.1879754469737925,0.012258728201731402,1.7093140525012678,5.2285963348009545,0.1975203917876426,0.14454177037556323,0.1012364917588995
20250220,dodson,MC_withKoala,0.3466666666666667,16,follower,0.5714285714285714,0.5957446808510638,28.0,47.0,1.492063492063492,23,3.433333333333333,1.4955329153568102,0.3796960772843959,3.9387631445995743,0.012567503490393364,0.16309897292246234,0.1493424227410573,0.005117672575140477,1.154137379840388,7.681081289070262,0.1975203917876426,0.14454177037556323,0.1012364917588995
20250220,dodson,MC_withKoala,0.3466666666666667,16,follower,0.5714285714285714,0.5957446808510638,28.0,47.0,1.492063492063492,24,2.3333333333333335,1.8522189332379064,0.6594831144340773,2.808591899774951,0.015564864985192491,0.16639913121429123,0.21800981801265237,0.01592722174446272,1.098769170183363,4.790113345545409,0.1975203917876426,0.14454177037556323,0.1012364917588995
20250220,dodson,MC_withKoala,0.3466666666666667,16,follower,0.5714285714285714,0.5957446808510638,28.0,47.0,1.492063492063492,25,2.966666666666667,1.3349617440214427,0.21175145747642374,6.30438042755893,0.011218165916146577,0.1862120540372814,0.11087682783594462,0.002114980732594919,0.2788236098947258,8.47237475717976,0.1975203917876426,0.14454177037556323,0.1012364917588995
20250220,dodson,MC_withKoala,0.3466666666666667,16,follower,0.5714285714285714,0.5957446808510638,28.0,47.0,1.492063492063492,26,1.2666666666666666,1.2917186057146697,0.48888439358688635,2.6421759881461644,0.010854778199282938,0.1582468093092747,0.10702788419284914,0.0035119008180014635,1.7685673691612382,9.27466408044577,0.1975203917876426,0.14454177037556323,0.1012364917588995
20250220,dodson,MC_withKoala,0.3466666666666667,16,follower,0.5714285714285714,0.5957446808510638,28.0,47.0,1.492063492063492,27,4.6,1.9263822481033228,0.339399957058978,5.675847059015899,0.016188086118515316,0.19333698519237655,0.1600418477884108,0.008791982668541106,0.7656626379675734,5.892333716983634,0.1975203917876426,0.14454177037556323,0.1012364917588995
20250226,dodson,MC_withKoala,0.16666666666666666,42,,0.6,0.7142857142857143,10.0,14.0,1.2,0,3.3666666666666667,2.3170654503971253,0.4478044314550146,5.174279858884988,0.019471138238631305,0.08772080822703578,0.31075012359049586,0.029808258077072842,0.7046591893460888,3.365201620021668,0.16843702248266176,0.06717502917451008,0.058351213228000486
20250226,dodson,MC_withKoala,0.16666666666666666,42,,0.6,0.7142857142857143,10.0,14.0,1.2,1,3.5,2.3161731175375024,0.6614094712073652,3.5018747362499374,0.01946363964317229,0.09673917539976216,0.3191823933439943,0.03593995558013474,0.9558193662418398,3.1698641804344962,0.16843702248266176,0.06717502917451008,0.058351213228000486
20250226,dodson,MC_withKoala,0.16666666666666666,42,,0.6,0.7142857142857143,10.0,14.0,1.2,2,2.7333333333333334,2.687470603545564,0.9034538566720598,2.974662827214069,0.022583786584416503,0.08397284454619626,0.3727860276149526,0.07616678213926069,0.9488341006863591,2.5657039024530097,0.16843702248266176,0.06717502917451008,0.058351213228000486
20250226,dodson,MC_withKoala,0.16666666666666666,42,,0.6,0.7142857142857143,10.0,14.0,1.2,3,3.4,4.412237875173197,1.1571849171910955,3.812906485061426,0.03707762920313611,0.06456257484861486,0.5938128875341976,0.1966549189323155,0.34925793863476023,1.6109377538578895,0.16843702248266176,0.06717502917451008,0.058351213228000486
20250226,dodson,MC_withKoala,0.16666666666666666,42,,0.6,0.7142857142857143,10.0,14.0,1.2,4,2.8,3.9908353489054433,3.0783232990843272,1.2964315184479,0.033536431503407085,0.03735032797548968,0.9817124755954121,0.27021669393054837,0.6735640676600421,1.062349446931776,0.16843702248266176,0.06717502917451008,0.058351213228000486
20250226,dodson,MC_withKoala,0.16666666666666666,42,,0.6,0.7142857142857143,10.0,14.0,1.2,5,3.466666666666667,2.696030683469979,1.1938214981885467,2.258319763516422,0.022655720029159488,0.063753483635256,0.4575799234266018,0.10236184766466076,0.8566691189987234,2.1176341917636243,0.16843702248266176,0.06717502917451008,0.058351213228000486
20250226,dodson,MC_withKoala,0.16666666666666666,42,,0.6,0.7142857142857143,10.0,14.0,1.2,6,2.6,2.755506879548258,0.802432025089432,3.433944301065443,0.023155519996203848,0.07334072013641481,0.46797352710455914,0.09531947309955871,0.560281016803454,2.027306739214124,0.16843702248266176,0.06717502917451008,0.058351213228000486
20250226,dodson,MC_withKoala,0.16666666666666666,42,,0.6,0.7142857142857143,10.0,14.0,1.2,7,3.6666666666666665,2.9620579549530897,0.24494229201773088,12.092880860029972,0.024891243318933526,0.07873645866067934,0.3846903139461906,0.04144761892238189,0.3423809059940896,2.4217213729540688,0.16843702248266176,0.06717502917451008,0.058351213228000486
20250226,dodson,MC_withKoala,0.16666666666666666,42,,0.6,0.7142857142857143,10.0,14.0,1.2,8,2.6333333333333333,2.2981125397665947,0.6732420740400465,3.4135010694977685,0.019311870082072226,0.08428927492401234,0.22790948103477732,0.010331222631188375,1.156528552991201,4.465587979041067,0.16843702248266176,0.06717502917451008,0.058351213228000486
20250226,dodson,MC_withKoala,0.16666666666666666,42,,0.6,0.7142857142857143,10.0,14.0,1.2,9,2.3,3.6809357566546503,0.8376358606254165,4.394434299775917,0.03093223324919874,0.05975652561478041,0.5226947360919266,0.15761095017131174,0.26768105272352977,1.753217225227883,0.16843702248266176,0.06717502917451008,0.058351213228000486
20250305,dodson,MC_withKoala,0.4,28,follower,0.6086956521739131,0.9387755102040817,46.0,49.0,1.8641304347826089,0,6.466666666666667,4.186287952242264,0.9180046266344677,4.560203544496041,0.035178890354977004,0.12073080278858218,0.2966520447969417,0.022923335389266258,0.5823089692879334,3.6139879885532524,0.1463105208634808,0.11690502509524742,0.06774503445015946
20250305,dodson,MC_withKoala,0.4,28,follower,0.6086956521739131,0.9387755102040817,46.0,49.0,1.8641304347826089,1,5.933333333333334,3.035015058279298,0.7284432670463163,4.1664398527364295,0.025504328220834437,0.1274664336039993,0.21503894190164655,0.018040850282480328,0.9306949864693382,4.999335735935517,0.1463105208634808,0.11690502509524742,0.06774503445015946
20250305,dodson,MC_withKoala,0.4,28,follower,0.6086956521739131,0.9387755102040817,46.0,49.0,1.8641304347826089,2,2.6666666666666665,3.9506127891660725,0.8591595084797994,4.598229723554249,0.033198426799714895,0.12663843891621168,0.2656852829429078,0.018450363917834913,0.7273897871614136,3.724652904191877,0.1463105208634808,0.11690502509524742,0.06774503445015946
20250305,dodson,MC_withKoala,0.4,28,follower,0.6086956521739131,0.9387755102040817,46.0,49.0,1.8641304347826089,3,1.2666666666666666,5.156243797972338,0.7818282083547036,6.595110975623725,0.043329779814893596,0.12648717399455553,0.3683871720385936,0.04759203654036641,0.4531172267590291,2.7963482824512886,0.1463105208634808,0.11690502509524742,0.06774503445015946
20250305,dodson,MC_withKoala,0.4,28,follower,0.6086956521739131,0.9387755102040817,46.0,49.0,1.8641304347826089,4,1.4333333333333333,4.086641447314126,0.8770458491423607,4.659552805945483,0.0343415247673456,0.12536935158982462,0.279075665491735,0.021596075284086483,0.5856753320205901,3.6497349705328213,0.1463105208634808,0.11690502509524742,0.06774503445015946
20250305,dodson,MC_withKoala,0.4,28,follower,0.6086956521739131,0.9387755102040817,46.0,49.0,1.8641304347826089,5,4.533333333333333,4.039332797345756,0.31085001896576436,12.994474990817451,0.033943973086939125,0.13189384322822595,0.2694097563773636,0.02130262737990581,0.646174526063667,3.715555397394268,0.1463105208634808,0.11690502509524742,0.06774503445015946
20250305,dodson,MC_withKoala,0.4,28,follower,0.6086956521739131,0.9387755102040817,46.0,49.0,1.8641304347826089,6,1.6,3.660208753099764,0.7898841543892811,4.6338551454165415,0.030758056748737512,0.13242544908905357,0.23133306687917213,0.007235683394024199,0.6798659883027889,4.453064864556277,0.1463105208634808,0.11690502509524742,0.06774503445015946
20250305,dodson,MC_withKoala,0.4,28,follower,0.6086956521739131,0.9387755102040817,46.0,49.0,1.8641304347826089,7,3.1333333333333333,2.751635647165071,0.36766282427844105,7.484128025631394,0.023122988631639252,0.13360186030167928,0.2044940159218778,0.02604109543725223,0.48732782736865926,4.8007347427093405,0.1463105208634808,0.11690502509524742,0.06774503445015946
20250305,dodson,MC_withKoala,0.4,28,follower,0.6086956521739131,0.9387755102040817,46.0,49.0,1.8641304347826089,8,2.066666666666667,4.781044769885201,1.1929122518816198,4.007876323127625,0.040176846805758,0.11975283530356588,0.3193118959749562,0.037364601113681416,0.5601115296689582,3.3003667125902734,0.1463105208634808,0.11690502509524742,0.06774503445015946
20250305,dodson,MC_withKoala,0.4,28,follower,0.6086956521739131,0.9387755102040817,46.0,49.0,1.8641304347826089,9,3.066666666666667,5.628264784394849,0.8706419453201999,6.464499918304438,0.047296342726007135,0.12369489671427562,0.3835752018566287,0.05500041579761137,0.4444527196226976,2.7386945689902853,0.1463105208634808,0.11690502509524742,0.06774503445015946
20250305,dodson,MC_withKoala,0.4,28,follower,0.6086956521739131,0.9387755102040817,46.0,49.0,1.8641304347826089,10,4.2,5.586818117711568,1.0250358794966241,5.450363474549934,0.046948051409340906,0.11992728037241218,0.383085962078382,0.0665683096455876,0.41631602549363234,2.640484524610123,0.1463105208634808,0.11690502509524742,0.06774503445015946
20250305,dodson,MC_withKoala,0.4,28,follower,0.6086956521739131,0.9387755102040817,46.0,49.0,1.8641304347826089,11,2.6666666666666665,5.487349484830405,0.9809231377813253,5.594066724985017,0.046112180544793324,0.1300862402358098,0.36239859498575,0.041141022921335146,0.5028963918033006,2.705589905939572,0.1463105208634808,0.11690502509524742,0.06774503445015946
20250305,dodson,MC_withKoala,0.4,28,follower,0.6086956521739131,0.9387755102040817,46.0,49.0,1.8641304347826089,12,3.7,5.60874241007747,1.573012601430964,3.565605517066562,0.04713228916031487,0.11300416662623262,0.4058833917730277,0.041991748028331104,0.5180018495400375,2.544245031740621,0.1463105208634808,0.11690502509524742,0.06774503445015946
20250305,dodson,MC_withKoala,0.4,28,follower,0.6086956521739131,0.9387755102040817,46.0,49.0,1.8641304347826089,13,4.266666666666667,5.885124445655982,1.094187652253686,5.37853304552876,0.049454827274420014,0.13023943848863792,0.38859870037265837,0.026842343715146617,0.4362936711177226,2.580509548030268,0.1463105208634808,0.11690502509524742,0.06774503445015946
20250305,dodson,MC_withKoala,0.4,28,follower,0.6086956521739131,0.9387755102040817,46.0,49.0,1.8641304347826089,14,3.3666666666666667,4.563549563519358,0.7523874910566672,6.06542455551756,0.038349155995961,0.1250339016755796,0.32361587419179666,0.03106846406878329,0.5494198838828457,3.2553920880762015,0.1463105208634808,0.11690502509524742,0.06774503445015946
20250305,dodson,MC_withKoala,0.4,28,follower,0.6086956521739131,0.9387755102040817,46.0,49.0,1.8641304347826089,15,5.166666666666667,6.555103917396237,1.5326616532263762,4.276941295945662,0.05508490686887594,0.11827479036536523,0.46265251905013366,0.0939810418849396,0.42164560146428093,2.146903985398942,0.1463105208634808,0.11690502509524742,0.06774503445015946
20250305,dodson,MC_withKoala,0.4,28,follower,0.6086956521739131,0.9387755102040817,46.0,49.0,1.8641304347826089,16,1.7,4.88563781667689,0.6555841628038659,7.452342649312211,0.041055779972074706,0.1330491965972116,0.3794933794140951,0.05495584619583811,0.45868094549471955,2.629414753560482,0.1463105208634808,0.11690502509524742,0.06774503445015946
20250305,dodson,MC_withKoala,0.4,28,follower,0.6086956521739131,0.9387755102040817,46.0,49.0,1.8641304347826089,17,2.7,4.006578849568205,0.8437409643956968,4.748588747777338,0.033668729828304246,0.12000155546988889,0.29078316615804184,0.027570643189063857,0.633111436760223,3.7113961141260634,0.1463105208634808,0.11690502509524742,0.06774503445015946
20250305,dodson,MC_withKoala,0.4,28,follower,0.6086956521739131,0.9387755102040817,46.0,49.0,1.8641304347826089,18,2.533333333333333,3.95295663434929,0.7359902868123712,5.370935873990728,0.033218122977725126,0.11734787074320915,0.2822059298771224,0.03399675648279942,0.5321624191926556,3.7140911727403663,0.1463105208634808,0.11690502509524742,0.06774503445015946
20250305,dodson,MC_withKoala,0.4,28,follower,0.6086956521739131,0.9387755102040817,46.0,49.0,1.8641304347826089,19,2.1,3.999037859054183,0.5335502439402573,7.495147653801772,0.03360536016011918,0.12474006177917117,0.30490212788737725,0.023682083471050504,0.6323040712236698,3.259322111094514,0.1463105208634808,0.11690502509524742,0.06774503445015946
20250305,dodson,MC_withKoala,0.4,28,follower,0.6086956521739131,0.9387755102040817,46.0,49.0,1.8641304347826089,20,4.166666666666667,3.053294652827795,0.7661698468549685,3.9851407169848674,0.0256579382590571,0.11753383781052207,0.30742166676553856,0.046914780210256996,0.8478842968349761,3.578017635346999,0.1463105208634808,0.11690502509524742,0.06774503445015946
20250305,dodson,MC_withKoala,0.4,28,follower,0.6086956521739131,0.9387755102040817,46.0,49.0,1.8641304347826089,21,2.966666666666667,2.7044613510935025,0.4904871238450163,5.5138274169008685,0.022726565975575652,0.12839444841606235,0.23677531724485668,0.020336260269558402,0.9087767489870097,4.233689358484413,0.1463105208634808,0.11690502509524742,0.06774503445015946
20250305,dodson,MC_withKoala,0.4,28,follower,0.6086956521739131,0.9387755102040817,46.0,49.0,1.8641304347826089,22,2.533333333333333,3.385340228300236,1.0725325401341805,3.1563986188024735,0.028448237212607023,0.1264590691255527,0.25920071111938625,0.031113081797876984,0.8331524947752335,4.416069143334376,0.1463105208634808,0.11690502509524742,0.06774503445015946
20250305,dodson,MC_withKoala,0.4,28,follower,0.6086956521739131,0.9387755102040817,46.0,49.0,1.8641304347826089,23,2.933333333333333,3.893262047398825,0.5734919937680729,6.78869468049332,0.03271648779326743,0.127705083159645,0.28701263531890137,0.049102573432994435,0.5031859575920061,3.605771495143734,0.1463105208634808,0.11690502509524742,0.06774503445015946
20250305,dodson,MC_withKoala,0.4,28,follower,0.6086956521739131,0.9387755102040817,46.0,49.0,1.8641304347826089,24,3.433333333333333,2.3733444723066937,0.42714767159133116,5.556262225344319,0.01994407119585457,0.13396601702873065,0.2181749740566817,0.014858892856731584,1.09486174577482,4.395887323918956,0.1463105208634808,0.11690502509524742,0.06774503445015946
20250305,dodson,MC_withKoala,0.4,28,follower,0.6086956521739131,0.9387755102040817,46.0,49.0,1.8641304347826089,25,3.2,5.445585647457612,0.7390104649566361,7.368753090360026,0.04576122392821523,0.13213504074041052,0.38433105222226516,0.04495268274743055,0.32693717000266437,2.6690705979922,0.1463105208634808,0.11690502509524742,0.06774503445015946
20250305,dodson,MC_withKoala,0.4,28,follower,0.6086956521739131,0.9387755102040817,46.0,49.0,1.8641304347826089,26,2.7666666666666666,3.132644586021283,0.21567528991313362,14.524819172761987,0.026324744420346918,0.13780948221007988,0.24188495712797617,0.02266310769146773,0.25941407799072186,4.241061152713264,0.1463105208634808,0.11690502509524742,0.06774503445015946
20250305,dodson,MC_withKoala,0.4,28,follower,0.6086956521739131,0.9387755102040817,46.0,49.0,1.8641304347826089,27,4.066666666666666,2.7189091934474794,0.2832966903483412,9.597391307693403,0.022847976415525037,0.1282214999967174,0.19992963782227682,0.01706349574542811,0.7340293660690282,4.94868463759247,0.1463105208634808,0.11690502509524742,0.06774503445015946
20250305,dodson,MC_withKoala,0.4,28,follower,0.6086956521739131,0.9387755102040817,46.0,49.0,1.8641304347826089,28,2.0,4.214516918366831,0.6566267871519337,6.4184358616360475,0.03541610855770446,0.13756357813441006,0.32914076893831123,0.04745616161811194,0.4577086217756667,3.0722713497481773,0.1463105208634808,0.11690502509524742,0.06774503445015946
20250305,dodson,MC_withKoala,0.4,28,follower,0.6086956521739131,0.9387755102040817,46.0,49.0,1.8641304347826089,29,2.533333333333333,4.165783345461414,0.6046580272985645,6.889486548409715,0.03500658273496987,0.12412086509391511,0.29550929981816143,0.02799599428757271,0.5533148164445019,3.548070299338811,0.1463105208634808,0.11690502509524742,0.06774503445015946
20250305,dodson,MC_withKoala,0.4,28,follower,0.6086956521739131,0.9387755102040817,46.0,49.0,1.8641304347826089,30,1.4,5.940523196454436,0.6092086315174052,9.751213113408937,0.04992036299541543,0.12894421240782383,0.4041021137194697,0.0860352174342723,0.42695168200302847,2.412805184076843,0.1463105208634808,0.11690502509524742,0.06774503445015946
20250305,dodson,MC_withKoala,0.4,28,follower,0.6086956521739131,0.9387755102040817,46.0,49.0,1.8641304347826089,31,2.6,3.5739612877247895,0.8714561713857458,4.101137159935027,0.030033288132141088,0.12002557952595055,0.24721856760801852,0.013204251182107692,0.6758142520393433,4.190926069482174,0.1463105208634808,0.11690502509524742,0.06774503445015946
20250305,dodson,MC_withKoala,0.4,28,follower,0.6086956521739131,0.9387755102040817,46.0,49.0,1.8641304347826089,32,3.1666666666666665,4.1758683256663955,0.2554636750439457,16.346231318202282,0.035091330467784836,0.129517828922885,0.2660966960501548,0.019019201733058686,0.5012836736270928,3.655802419001026,0.1463105208634808,0.11690502509524742,0.06774503445015946
20250305,dodson,MC_withKoala,0.4,28,follower,0.6086956521739131,0.9387755102040817,46.0,49.0,1.8641304347826089,33,1.6333333333333333,2.632680069201618,0.7739691448222633,3.401531038819635,0.022123361926064015,0.13593798935898205,0.21564014719396002,0.027340236243043416,0.684723610721131,4.448320922889487,0.1463105208634808,0.11690502509524742,0.06774503445015946
20250305,dodson,MC_withKoala,0.4,28,follower,0.6086956521739131,0.9387755102040817,46.0,49.0,1.8641304347826089,34,2.2333333333333334,3.937149670116309,0.41308527198744094,9.531082169000715,0.0330852913455152,0.12830685126459718,0.26545286446052707,0.035602039259738656,0.6761228866898137,3.8162873642893302,0.1463105208634808,0.11690502509524742,0.06774503445015946
20250305,dodson,MC_withKoala,0.4,28,follower,0.6086956521739131,0.9387755102040817,46.0,49.0,1.8641304347826089,35,2.533333333333333,3.4427783258119358,0.4269594458428571,8.06347853252333,0.028930910300940638,0.12297746123342514,0.243015319845518,0.017530008259848896,0.5518778308000434,4.23150134343562,0.1463105208634808,0.11690502509524742,0.06774503445015946
20250305,dodson,MC_withKoala,0.4,28,follower,0.6086956521739131,0.9387755102040817,46.0,49.0,1.8641304347826089,36,3.3333333333333335,4.16179115662141,0.5408018552552702,7.695593341958774,0.03497303492959168,0.13070380408873397,0.2647909486150656,0.02397959836463077,0.7216622421105789,3.7832774541709036,0.1463105208634808,0.11690502509524742,0.06774503445015946
20250305,dodson,MC_withKoala,0.4,28,follower,0.6086956521739131,0.9387755102040817,46.0,49.0,1.8641304347826089,37,2.2666666666666666,5.330284142373737,0.782855642544126,6.808770164894472,0.04479230371742636,0.1271253185231646,0.3400979147113303,0.07776096420770914,0.4100952076513175,2.98142758829931,0.1463105208634808,0.11690502509524742,0.06774503445015946
20250305,dodson,MC_withKoala,0.4,28,follower,0.6086956521739131,0.9387755102040817,46.0,49.0,1.8641304347826089,38,3.933333333333333,6.419216550434055,1.3764532781719034,4.663592039215128,0.05394299622213492,0.12051671915481735,0.42663138341979984,0.15378731370019855,0.4056922482385409,2.4145488167522484,0.1463105208634808,0.11690502509524742,0.06774503445015946
20250305,dodson,MC_withKoala,0.4,28,follower,0.6086956521739131,0.9387755102040817,46.0,49.0,1.8641304347826089,39,1.4333333333333333,7.794988110524813,1.6255300375173882,4.795351627232807,0.06550410176911607,0.12541613095034138,0.5303484716799672,0.25577026899833294,0.3512078647562527,1.9164967474704249,0.1463105208634808,0.11690502509524742,0.06774503445015946
20250305,dodson,MC_withKoala,0.4,28,follower,0.6086956521739131,0.9387755102040817,46.0,49.0,1.8641304347826089,40,1.5,6.357452327917976,1.30685756504773,4.864686479957579,0.05342396914216786,0.12029670878626796,0.4372355660054943,0.09928600761391483,0.4122053661418972,2.3846301314145886,0.1463105208634808,0.11690502509524742,0.06774503445015946
20250305,dodson,MC_withKoala,0.4,28,follower,0.6086956521739131,0.9387755102040817,46.0,49.0,1.8641304347826089,41,3.433333333333333,6.562587749959793,1.5244506291636826,4.3048870356398785,0.05514779621814952,0.11624704224343993,0.46499108089504676,0.13945922417793835,0.37797718799678043,2.2699209820711634,0.1463105208634808,0.11690502509524742,0.06774503445015946
20250305,dodson,MC_withKoala,0.4,28,follower,0.6086956521739131,0.9387755102040817,46.0,49.0,1.8641304347826089,42,1.8333333333333333,4.024941796470227,0.5057142856961593,7.9589244565823325,0.03382304030647249,0.1313858749137509,0.25909615083135196,0.022011844359409373,0.606512645117584,3.863149286920687,0.1463105208634808,0.11690502509524742,0.06774503445015946
20250305,dodson,MC_withKoala,0.4,28,follower,0.6086956521739131,0.9387755102040817,46.0,49.0,1.8641304347826089,43,2.033333333333333,3.5846522936514154,0.44957950773257377,7.9733444963503475,0.03012312851807912,0.12935396540607902,0.2514130647046611,0.0300817524520828,0.5564834583886921,4.034354295125859,0.1463105208634808,0.11690502509524742,0.06774503445015946
20250305,dodson,MC_withKoala,0.4,28,follower,0.6086956521739131,0.9387755102040817,46.0,49.0,1.8641304347826089,44,1.8,4.18609779090804,0.9258271511988373,4.521467949484453,0.03517729236057176,0.12499780766922496,0.2999012618512713,0.05128133564214049,0.5595803413253403,3.5639931202351742,0.1463105208634808,0.11690502509524742,0.06774503445015946
20250305,dodson,MC_withKoala,0.4,28,follower,0.6086956521739131,0.9387755102040817,46.0,49.0,1.8641304347826089,45,5.166666666666667,3.571517592634584,0.538891777900814,6.627522888820066,0.03001275287928222,0.11489156644818672,0.2574641077008731,0.01180035684653512,0.43353413730079554,4.054082394064152,0.1463105208634808,0.11690502509524742,0.06774503445015946
20250310,dodson,MC_withKoala,0.45098039215686275,21,leader,0.5471698113207547,1.0816326530612246,53.0,49.0,1.2767295597484276,0,1.5333333333333334,3.5845864920185915,0.3612015703717799,9.924061205849755,0.03012257556318144,0.1055772834599002,0.2946585696144194,0.010700622889644115,0.03991365959746767,3.4947585551595406,0.13804561778665292,0.0944012393751614,0.07661901157345814
20250310,dodson,MC_withKoala,0.45098039215686275,21,leader,0.5471698113207547,1.0816326530612246,53.0,49.0,1.2767295597484276,1,2.433333333333333,2.4101677882839114,0.26082243432906493,9.24064601453393,0.02025351082591522,0.1069112728907751,0.2086180809624748,0.010114901549236499,0.20314593717800006,4.996818360016634,0.13804561778665292,0.0944012393751614,0.07661901157345814
20250310,dodson,MC_withKoala,0.45098039215686275,21,leader,0.5471698113207547,1.0816326530612246,53.0,49.0,1.2767295597484276,2,2.1666666666666665,3.6938010985758223,0.3245079140828439,11.38277662353969,0.03104034536618338,0.11478258114907954,0.306620410050731,0.03248316561177872,0.1790981043982895,3.3913620103847952,0.13804561778665292,0.0944012393751614,0.07661901157345814
20250310,dodson,MC_withKoala,0.45098039215686275,21,leader,0.5471698113207547,1.0816326530612246,53.0,49.0,1.2767295597484276,3,3.8,6.499758248757421,0.769643131246736,8.445158522013362,0.054619817216448915,0.10917382643499922,0.4947482888663341,0.08970618005359486,0.16062696324478862,2.0026085612572504,0.13804561778665292,0.0944012393751614,0.07661901157345814
20250310,dodson,MC_withKoala,0.45098039215686275,21,leader,0.5471698113207547,1.0816326530612246,53.0,49.0,1.2767295597484276,4,3.433333333333333,4.772694228472982,0.7715742355993189,6.185657851529737,0.04010667418884859,0.11211575675825945,0.3629089566541938,0.02511618012781032,0.13948223899225043,2.841743586777241,0.13804561778665292,0.0944012393751614,0.07661901157345814
20250310,dodson,MC_withKoala,0.45098039215686275,21,leader,0.5471698113207547,1.0816326530612246,53.0,49.0,1.2767295597484276,5,2.033333333333333,3.9884862872369204,0.6058500180649657,6.583289870941676,0.03351669148938589,0.11940705009519949,0.2730668879324316,0.03518533647801647,0.5716916101779284,3.730184362698608,0.13804561778665292,0.0944012393751614,0.07661901157345814
20250310,dodson,MC_withKoala,0.45098039215686275,21,leader,0.5471698113207547,1.0816326530612246,53.0,49.0,1.2767295597484276,6,2.1,3.140963744187374,0.485399606014038,6.470882351924563,0.02639465331249894,0.11426637096652512,0.2576163147825604,0.024434778466861977,0.6891116202418832,3.8746368655032133,0.13804561778665292,0.0944012393751614,0.07661901157345814
20250310,dodson,MC_withKoala,0.45098039215686275,21,leader,0.5471698113207547,1.0816326530612246,53.0,49.0,1.2767295597484276,7,2.3666666666666667,4.598350344673018,0.39785662832934754,11.557807554902624,0.03864159953506738,0.10995956315289314,0.34110381540341117,0.025775129001559458,0.3416888617708546,3.0656661822670177,0.13804561778665292,0.0944012393751614,0.07661901157345814
20250310,dodson,MC_withKoala,0.45098039215686275,21,leader,0.5471698113207547,1.0816326530612246,53.0,49.0,1.2767295597484276,8,2.3,3.876823602513123,0.48478522088589326,7.996992143095125,0.032578349600950615,0.11281778038680303,0.28739827507130067,0.03301785558608749,0.3780023705275663,3.6178520939289487,0.13804561778665292,0.0944012393751614,0.07661901157345814
20250310,dodson,MC_withKoala,0.45098039215686275,21,leader,0.5471698113207547,1.0816326530612246,53.0,49.0,1.2767295597484276,9,1.8333333333333333,3.088122613929788,0.16595759618127848,18.607901566352986,0.025950610201090657,0.12298946217264038,0.2338151110751961,0.013166218128592309,0.19281491115486804,4.5322998934948355,0.13804561778665292,0.0944012393751614,0.07661901157345814
20250310,dodson,MC_withKoala,0.45098039215686275,21,leader,0.5471698113207547,1.0816326530612246,53.0,49.0,1.2767295597484276,10,5.633333333333334,4.729994061663316,1.0024235556472074,4.718558372872064,0.039747849257674925,0.11396424956732626,0.32881435952189536,0.034675824641446855,0.5066990592559159,3.0467679463217685,0.13804561778665292,0.0944012393751614,0.07661901157345814
20250310,dodson,MC_withKoala,0.45098039215686275,21,leader,0.5471698113207547,1.0816326530612246,53.0,49.0,1.2767295597484276,11,1.4333333333333333,2.850917881447661,0.4227070747563249,6.74442906613548,0.023957293121408915,0.11147706218004941,0.21294080122414644,0.024408479697816985,0.6016362993383464,4.703548750637655,0.13804561778665292,0.0944012393751614,0.07661901157345814
20250310,dodson,MC_withKoala,0.45098039215686275,21,leader,0.5471698113207547,1.0816326530612246,53.0,49.0,1.2767295597484276,12,2.3,2.485725429017573,0.1693909996788792,14.674483495167129,0.02088844898334095,0.11060174998660716,0.1953823865718148,0.007342750548405733,0.15088532839509983,5.089470194028174,0.13804561778665292,0.0944012393751614,0.07661901157345814
20250310,dodson,MC_withKoala,0.45098039215686275,21,leader,0.5471698113207547,1.0816326530612246,53.0,49.0,1.2767295597484276,13,1.9333333333333333,2.8828691077020556,0.4713415391486713,6.116306050404645,0.02422579082102568,0.11761297545081663,0.25285015895822144,0.020984251143044714,0.582993109749092,3.9912104198459697,0.13804561778665292,0.0944012393751614,0.07661901157345814
20250310,dodson,MC_withKoala,0.45098039215686275,21,leader,0.5471698113207547,1.0816326530612246,53.0,49.0,1.2767295597484276,14,2.2666666666666666,3.8425052612590878,0.739807928496489,5.193922791647026,0.0322899601786478,0.10246663290869491,0.35347574731097625,0.07897837747371649,0.3691232057302303,2.9941510061156906,0.13804561778665292,0.0944012393751614,0.07661901157345814
20250310,dodson,MC_withKoala,0.45098039215686275,21,leader,0.5471698113207547,1.0816326530612246,53.0,49.0,1.2767295597484276,15,4.5,4.987830891828604,0.7721026970347066,6.460061480143226,0.04191454530948406,0.10648738534142617,0.425917558339991,0.10109794446987634,0.17156223856484296,2.4766631302254023,0.13804561778665292,0.0944012393751614,0.07661901157345814
20250310,dodson,MC_withKoala,0.45098039215686275,21,leader,0.5471698113207547,1.0816326530612246,53.0,49.0,1.2767295597484276,16,3.2666666666666666,3.4400512485625727,0.3388503636050354,10.152125002800064,0.02890799368539977,0.10649990427323358,0.26612260930855874,0.013582502239697423,0.2334044137950049,3.8763249626843392,0.13804561778665292,0.0944012393751614,0.07661901157345814
20250310,dodson,MC_withKoala,0.45098039215686275,21,leader,0.5471698113207547,1.0816326530612246,53.0,49.0,1.2767295597484276,17,4.233333333333333,2.304404731760426,0.5647031959801991,4.080736125037316,0.019364745645045596,0.14348198775650214,0.1993643518612875,0.007920010522700216,0.7829007667137777,4.78393758998881,0.13804561778665292,0.0944012393751614,0.07661901157345814
20250310,dodson,MC_withKoala,0.45098039215686275,21,leader,0.5471698113207547,1.0816326530612246,53.0,49.0,1.2767295597484276,18,3.1666666666666665,3.447200686379751,0.4517868538728488,7.63014828083053,0.028968072994787823,0.11953499095071059,0.264024279845075,0.01449095829583187,0.48640786226649824,3.6948412142112157,0.13804561778665292,0.0944012393751614,0.07661901157345814
20250310,dodson,MC_withKoala,0.45098039215686275,21,leader,0.5471698113207547,1.0816326530612246,53.0,49.0,1.2767295597484276,19,1.7,3.1854666169274326,0.2886038625207003,11.037505143227087,0.026768627033003634,0.12047913206898259,0.2512615663781086,0.023528673160025895,0.17587108486539602,3.7968055758685724,0.13804561778665292,0.0944012393751614,0.07661901157345814
20250310,dodson,MC_withKoala,0.45098039215686275,21,leader,0.5471698113207547,1.0816326530612246,53.0,49.0,1.2767295597484276,20,2.5,3.111048602626871,0.15293838523951597,20.3418428784551,0.026143265568293033,0.12126046023071767,0.24918338283471025,0.0074026665020193744,0.04018748560245527,4.169437817940936,0.13804561778665292,0.0944012393751614,0.07661901157345814
20250310,dodson,MC_withKoala,0.45098039215686275,21,leader,0.5471698113207547,1.0816326530612246,53.0,49.0,1.2767295597484276,21,2.4,3.626597942663302,0.7185372080583458,5.047195749908639,0.03047561296355716,0.1084315932451426,0.32327979455105044,0.0249384996903232,0.4083986241830439,3.048364798420738,0.13804561778665292,0.0944012393751614,0.07661901157345814
20250310,dodson,MC_withKoala,0.45098039215686275,21,leader,0.5471698113207547,1.0816326530612246,53.0,49.0,1.2767295597484276,22,3.6,4.359554325557324,0.8142177248667343,5.354285705670271,0.036634910298801046,0.11345848306387299,0.3371325430162916,0.024949981304590037,0.5663784804949168,2.9909118566452,0.13804561778665292,0.0944012393751614,0.07661901157345814
20250310,dodson,MC_withKoala,0.45098039215686275,21,leader,0.5471698113207547,1.0816326530612246,53.0,49.0,1.2767295597484276,23,2.7666666666666666,3.2458596148491643,0.602341109782455,5.38873997164407,0.02727613121721987,0.11118858330145862,0.24796702510054136,0.02800472131565276,0.7782884328585121,4.0652597864347655,0.13804561778665292,0.0944012393751614,0.07661901157345814
20250310,dodson,MC_withKoala,0.45098039215686275,21,leader,0.5471698113207547,1.0816326530612246,53.0,49.0,1.2767295597484276,24,1.6666666666666667,4.274919009050136,0.38401297476678836,11.13222544536757,0.035923689151681815,0.11393598451015022,0.33553927390267346,0.02914954514813411,0.3774555335874541,2.975804800047574,0.13804561778665292,0.0944012393751614,0.07661901157345814
20250310,dodson,MC_withKoala,0.45098039215686275,21,leader,0.5471698113207547,1.0816326530612246,53.0,49.0,1.2767295597484276,25,1.5,4.202887961557317,0.46308978744885254,9.075751777448813,0.03531838623157409,0.10925933050831439,0.30686546987765717,0.045548201723637716,0.4262952041040491,3.2084370777753124,0.13804561778665292,0.0944012393751614,0.07661901157345814
20250310,dodson,MC_withKoala,0.45098039215686275,21,leader,0.5471698113207547,1.0816326530612246,53.0,49.0,1.2767295597484276,26,2.8,2.9743740884174907,0.699902451186122,4.249698059175004,0.024994740238802444,0.11892046072234339,0.24980305685362822,0.02033238120792775,0.8907499781740102,4.036221409765253,0.13804561778665292,0.0944012393751614,0.07661901157345814
20250310,dodson,MC_withKoala,0.45098039215686275,21,leader,0.5471698113207547,1.0816326530612246,53.0,49.0,1.2767295597484276,27,1.7333333333333334,2.1249646810784535,0.6685123863360778,3.178646685553229,0.017856846059482803,0.11624942513379942,0.15787126565896395,0.003801090100236378,1.3261649748130022,6.349510594153107,0.13804561778665292,0.0944012393751614,0.07661901157345814
20250310,dodson,MC_withKoala,0.45098039215686275,21,leader,0.5471698113207547,1.0816326530612246,53.0,49.0,1.2767295597484276,28,3.7666666666666666,3.4425549886143,0.5657354958042881,6.085096328842032,0.028929033517767228,0.11448766134520622,0.23586223672998463,0.013920010665056284,0.7245401675023585,4.084771120841315,0.13804561778665292,0.0944012393751614,0.07661901157345814
20250310,dodson,MC_withKoala,0.45098039215686275,21,leader,0.5471698113207547,1.0816326530612246,53.0,49.0,1.2767295597484276,29,1.9666666666666666,2.394609768066732,0.6755021755875209,3.5449327250263996,0.02012277116022464,0.12164243185514997,0.21156848243707652,0.01536000327022036,0.8029068300385561,4.206295694168689,0.13804561778665292,0.0944012393751614,0.07661901157345814
20250310,dodson,MC_withKoala,0.45098039215686275,21,leader,0.5471698113207547,1.0816326530612246,53.0,49.0,1.2767295597484276,30,3.2333333333333334,3.0503460628806893,0.28539237723608296,10.688253458000998,0.0256331601922747,0.1142463129663718,0.27859242288050784,0.02456704020533378,0.23625485208689928,3.8909579794285625,0.13804561778665292,0.0944012393751614,0.07661901157345814
20250310,dodson,MC_withKoala,0.45098039215686275,21,leader,0.5471698113207547,1.0816326530612246,53.0,49.0,1.2767295597484276,31,3.6,3.434887493116787,1.0795595960061797,3.1817488407533223,0.02886460078249401,0.11704916547893975,0.3413605018033288,0.05264598315895433,0.6547499942534604,3.0794054484787043,0.13804561778665292,0.0944012393751614,0.07661901157345814
20250310,dodson,MC_withKoala,0.45098039215686275,21,leader,0.5471698113207547,1.0816326530612246,53.0,49.0,1.2767295597484276,32,1.9666666666666666,2.3050591004992773,0.3804367648061821,6.058980923343769,0.019370244542010733,0.11303186835006294,0.18793438188322434,0.012280902765650638,0.1450715121487273,5.575666670828796,0.13804561778665292,0.0944012393751614,0.07661901157345814
20250310,dodson,MC_withKoala,0.45098039215686275,21,leader,0.5471698113207547,1.0816326530612246,53.0,49.0,1.2767295597484276,33,1.7333333333333334,3.8070933986123046,0.33049841203635744,11.519248686113185,0.03199238150094374,0.11209311132020316,0.33205215539678756,0.008810936780412372,0.3010162422103578,3.016687486800861,0.13804561778665292,0.0944012393751614,0.07661901157345814
20250310,dodson,MC_withKoala,0.45098039215686275,21,leader,0.5471698113207547,1.0816326530612246,53.0,49.0,1.2767295597484276,34,2.566666666666667,4.327556640436203,0.6210009700212553,6.968679356955081,0.03636602218853952,0.1097676749157951,0.3636774200329686,0.0730008346353414,0.3007289310805547,2.8789398882748993,0.13804561778665292,0.0944012393751614,0.07661901157345814
20250310,dodson,MC_withKoala,0.45098039215686275,21,leader,0.5471698113207547,1.0816326530612246,53.0,49.0,1.2767295597484276,35,4.433333333333334,4.045707062423227,0.5694428471903453,7.104676232891349,0.033997538339690984,0.10486839653052318,0.3514390084529437,0.023042299545922844,0.14390411072928627,3.1221379969305882,0.13804561778665292,0.0944012393751614,0.07661901157345814
20250310,dodson,MC_withKoala,0.45098039215686275,21,leader,0.5471698113207547,1.0816326530612246,53.0,49.0,1.2767295597484276,36,3.8333333333333335,4.620614344443679,0.43585278733510185,10.60131879090441,0.038828691970114945,0.11425261964730248,0.3609374339550531,0.03168027267472116,0.25700711346961735,2.8722300853859424,0.13804561778665292,0.0944012393751614,0.07661901157345814
20250310,dodson,MC_withKoala,0.45098039215686275,21,leader,0.5471698113207547,1.0816326530612246,53.0,49.0,1.2767295597484276,37,3.6666666666666665,3.9647488656603533,0.4581722130950283,8.653403136078083,0.033317217358490366,0.10596149098327973,0.3573854858667785,0.05239170465007127,0.14047942813461986,3.020662319167126,0.13804561778665292,0.0944012393751614,0.07661901157345814
20250310,dodson,MC_withKoala,0.45098039215686275,21,leader,0.5471698113207547,1.0816326530612246,53.0,49.0,1.2767295597484276,38,2.433333333333333,4.751194942694622,0.5838762691543934,8.13733181787916,0.03992600792180354,0.11081922298202228,0.4150333752478716,0.03594844452877487,0.1485253565688392,2.49401345320444,0.13804561778665292,0.0944012393751614,0.07661901157345814
20250310,dodson,MC_withKoala,0.45098039215686275,21,leader,0.5471698113207547,1.0816326530612246,53.0,49.0,1.2767295597484276,39,2.1,3.820068122103057,0.5970845402006232,6.397868082163869,0.03210141279078199,0.10877446888010144,0.2972534281581121,0.025943431492248408,0.3010950880814714,3.4734312400597607,0.13804561778665292,0.0944012393751614,0.07661901157345814
20250310,dodson,MC_withKoala,0.45098039215686275,21,leader,0.5471698113207547,1.0816326530612246,53.0,49.0,1.2767295597484276,40,5.1,4.273628419522046,0.2651965689091692,16.114946121289297,0.0359128438615298,0.11773410964067753,0.34467099324228795,0.043491568506001214,0.16260322057734938,2.835938904552734,0.13804561778665292,0.0944012393751614,0.07661901157345814
20250310,dodson,MC_withKoala,0.45098039215686275,21,leader,0.5471698113207547,1.0816326530612246,53.0,49.0,1.2767295597484276,41,2.7333333333333334,6.159620586151334,0.6502964165428404,9.472019881176061,0.051761517530683476,0.10784897701060593,0.4754240333363612,0.06149929657775159,0.09375237401581696,2.0874643516499107,0.13804561778665292,0.0944012393751614,0.07661901157345814
20250310,dodson,MC_withKoala,0.45098039215686275,21,leader,0.5471698113207547,1.0816326530612246,53.0,49.0,1.2767295597484276,42,2.8666666666666667,4.376607716255053,0.38281152431958987,11.432800316119131,0.036778216102983645,0.11108921407001121,0.29671673554504807,0.00645645451657221,0.5652971482544641,3.4061392848296905,0.13804561778665292,0.0944012393751614,0.07661901157345814
20250310,dodson,MC_withKoala,0.45098039215686275,21,leader,0.5471698113207547,1.0816326530612246,53.0,49.0,1.2767295597484276,43,2.6333333333333333,4.6949929416139655,0.5550869321586442,8.458121907780983,0.03945372219843669,0.10816366309016813,0.3633561108094617,0.01921438879550419,0.24781522872896936,2.609336622510454,0.13804561778665292,0.0944012393751614,0.07661901157345814
20250310,dodson,MC_withKoala,0.45098039215686275,21,leader,0.5471698113207547,1.0816326530612246,53.0,49.0,1.2767295597484276,44,2.7,3.500797669453068,0.38452611916489227,9.104186932882596,0.029418467810529984,0.10364892066293291,0.27727010294554033,0.012871079669633825,0.29544025633445886,3.798755417794193,0.13804561778665292,0.0944012393751614,0.07661901157345814
20250310,dodson,MC_withKoala,0.45098039215686275,21,leader,0.5471698113207547,1.0816326530612246,53.0,49.0,1.2767295597484276,45,3.3666666666666667,3.5373918380398433,0.29617553828072557,11.943565152524444,0.02972598183226759,0.1098325547169568,0.2603902177452929,0.013153192940713973,0.2862898300573468,3.8617265274499992,0.13804561778665292,0.0944012393751614,0.07661901157345814
20250310,dodson,MC_withKoala,0.45098039215686275,21,leader,0.5471698113207547,1.0816326530612246,53.0,49.0,1.2767295597484276,46,3.8,2.7625429701376345,0.4448247067759258,6.210408118201102,0.023214646807879283,0.11275947005113936,0.2261603014774974,0.021390170549063066,0.4704405450059791,4.34101767967017,0.13804561778665292,0.0944012393751614,0.07661901157345814
20250310,dodson,MC_withKoala,0.45098039215686275,21,leader,0.5471698113207547,1.0816326530612246,53.0,49.0,1.2767295597484276,47,2.566666666666667,4.1181941195216565,0.740717524917014,5.559736311062759,0.034606673273291234,0.10293053650514972,0.34596572821832794,0.03229667532638754,0.43545899468989246,2.976508804351776,0.13804561778665292,0.0944012393751614,0.07661901157345814
20250310,dodson,MC_withKoala,0.45098039215686275,21,leader,0.5471698113207547,1.0816326530612246,53.0,49.0,1.2767295597484276,48,2.966666666666667,5.8103444734459275,0.3117764904012388,18.636249532376034,0.04882642414660443,0.1124014215499031,0.42988079542010266,0.0330004327383014,0.08437163237528691,2.2838750759234228,0.13804561778665292,0.0944012393751614,0.07661901157345814
20250310,dodson,MC_withKoala,0.45098039215686275,21,leader,0.5471698113207547,1.0816326530612246,53.0,49.0,1.2767295597484276,49,1.6666666666666667,4.4723648846231905,0.1142613702553664,39.14153028821341,0.03758289819011085,0.10576393309407402,0.3666170490718962,0.018512907494926966,0.05088159448600857,2.764034055557643,0.13804561778665292,0.0944012393751614,0.07661901157345814
20250310,dodson,MC_withKoala,0.45098039215686275,21,leader,0.5471698113207547,1.0816326530612246,53.0,49.0,1.2767295597484276,50,3.933333333333333,5.995564257711519,0.43005251574615017,13.941470025606264,0.05038289292194553,0.10687300970246157,0.4986290565955029,0.09407384336645559,0.12142531496369255,2.0556622003548664,0.13804561778665292,0.0944012393751614,0.07661901157345814
20250310,dodson,MC_withKoala,0.45098039215686275,21,leader,0.5471698113207547,1.0816326530612246,53.0,49.0,1.2767295597484276,51,2.3333333333333335,4.681828976700727,0.7507160631513452,6.236484346754766,0.039343100644543924,0.10222325228786085,0.390385763756057,0.026113774627023273,0.21670345403683788,2.671255238879452,0.13804561778665292,0.0944012393751614,0.07661901157345814
20250310,dodson,MC_withKoala,0.45098039215686275,21,leader,0.5471698113207547,1.0816326530612246,53.0,49.0,1.2767295597484276,52,3.433333333333333,3.8345399610811497,0.7123444866047832,5.382985385845481,0.03222302488303487,0.11585107809122502,0.30212162839527756,0.037626977316533465,0.37836882325164223,3.28229660144052,0.13804561778665292,0.0944012393751614,0.07661901157345814
20250401,dodson,MC_withKanga,0.7428571428571429,32,follower,0.5128205128205128,1.2580645161290323,39.0,31.0,0.9935897435897435,0,1.9666666666666666,3.3254576688543467,0.7336389397487504,4.532826011107341,0.027945022427347452,0.15289780837678435,0.2628424025575835,0.013762155823430114,0.5820453993847329,4.2123507158743205,0.10902148146788337,0.07204980031529969,0.052861692052902476
20250401,dodson,MC_withKanga,0.7428571428571429,32,follower,0.5128205128205128,1.2580645161290323,39.0,31.0,0.9935897435897435,1,2.2,2.2500504982746095,0.7148287159549811,3.1476778255454336,0.0189079873804589,0.1377475274051856,0.18594077682390373,0.007704150855749341,1.00395298392491,5.935458561375622,0.10902148146788337,0.07204980031529969,0.052861692052902476
20250401,dodson,MC_withKanga,0.7428571428571429,32,follower,0.5128205128205128,1.2580645161290323,39.0,31.0,0.9935897435897435,2,4.033333333333333,2.608970953499341,0.2805869116191026,9.298263195686852,0.021924125659658327,0.15317475417159543,0.1808925065876405,0.010007810626294977,0.4510752054717024,5.843620494674674,0.10902148146788337,0.07204980031529969,0.052861692052902476
20250401,dodson,MC_withKanga,0.7428571428571429,32,follower,0.5128205128205128,1.2580645161290323,39.0,31.0,0.9935897435897435,3,3.1666666666666665,2.678151681473857,0.24920033149440596,10.746982820662806,0.02250547631490636,0.15426482720206627,0.1876736517836325,0.008735098456699437,0.41304835943055274,5.373001883908656,0.10902148146788337,0.07204980031529969,0.052861692052902476
20250401,dodson,MC_withKanga,0.7428571428571429,32,follower,0.5128205128205128,1.2580645161290323,39.0,31.0,0.9935897435897435,4,2.4,3.042551021781605,0.3051596521934136,9.970358138477632,0.02556765564522357,0.15445961963254506,0.17143544478805003,0.011591738441837467,0.16690337257589832,6.080887575796272,0.10902148146788337,0.07204980031529969,0.052861692052902476
20250401,dodson,MC_withKanga,0.7428571428571429,32,follower,0.5128205128205128,1.2580645161290323,39.0,31.0,0.9935897435897435,5,2.2,2.929930164741393,0.660954603779927,4.432876551559583,0.024621261888583136,0.1500758791674603,0.1818377253651329,0.01422174634588726,0.5482237941196094,5.073018422113767,0.10902148146788337,0.07204980031529969,0.052861692052902476
20250401,dodson,MC_withKanga,0.7428571428571429,32,follower,0.5128205128205128,1.2580645161290323,39.0,31.0,0.9935897435897435,6,2.1666666666666665,1.8966524927272987,0.22657053478906863,8.371134818978264,0.015938256241405872,0.14523302583626868,0.13185209026441555,0.0040672477474059075,1.1305422492634665,8.057519706515293,0.10902148146788337,0.07204980031529969,0.052861692052902476
20250401,dodson,MC_withKanga,0.7428571428571429,32,follower,0.5128205128205128,1.2580645161290323,39.0,31.0,0.9935897435897435,7,2.4,1.9386607034561367,0.4267500567290311,4.54284814468603,0.016291266415597788,0.15040197248003379,0.14176849502580283,0.007969783449967986,1.090272921335251,7.765625239037723,0.10902148146788337,0.07204980031529969,0.052861692052902476
20250401,dodson,MC_withKanga,0.7428571428571429,32,follower,0.5128205128205128,1.2580645161290323,39.0,31.0,0.9935897435897435,8,3.6,2.7014974700521424,1.2537248176310303,2.1547770547900167,0.02270165941220288,0.13725910543792733,0.2911266795084889,0.038005203433273176,1.0820203353394746,3.8409958777246085,0.10902148146788337,0.07204980031529969,0.052861692052902476
20250401,dodson,MC_withKanga,0.7428571428571429,32,follower,0.5128205128205128,1.2580645161290323,39.0,31.0,0.9935897435897435,9,3.066666666666667,1.5513787321733699,0.3244667163608484,4.781318557334056,0.01303679606868378,0.13254379080445017,0.1479709776746096,0.0034459015657757937,0.9227217628391293,5.9576576266743935,0.10902148146788337,0.07204980031529969,0.052861692052902476
20250401,dodson,MC_withKanga,0.7428571428571429,32,follower,0.5128205128205128,1.2580645161290323,39.0,31.0,0.9935897435897435,10,2.8666666666666667,1.6769423038216809,0.5370526361204656,3.1224915232434087,0.014091952132955301,0.1451219737740709,0.15332312395652703,0.00792614034016869,1.5777974716636551,7.241182382709712,0.10902148146788337,0.07204980031529969,0.052861692052902476
20250401,dodson,MC_withKanga,0.7428571428571429,32,follower,0.5128205128205128,1.2580645161290323,39.0,31.0,0.9935897435897435,11,3.3333333333333335,2.3918378011320365,0.4285283213636916,5.581516277665312,0.020099477320437282,0.14991633506580196,0.17897941083114524,0.0077532275383353,0.31878517362893344,5.798999011440438,0.10902148146788337,0.07204980031529969,0.052861692052902476
20250401,dodson,MC_withKanga,0.7428571428571429,32,follower,0.5128205128205128,1.2580645161290323,39.0,31.0,0.9935897435897435,12,3.1333333333333333,3.407136908923807,0.5842386989514216,5.831754923182698,0.028631402595998376,0.14174466075916772,0.25457333364987966,0.03429478447924674,0.2862084349020657,3.9439024329727608,0.10902148146788337,0.07204980031529969,0.052861692052902476
20250401,dodson,MC_withKanga,0.7428571428571429,32,follower,0.5128205128205128,1.2580645161290323,39.0,31.0,0.9935897435897435,13,3.4,4.718621846064338,1.0068920785024649,4.686323337732751,0.03965228442070873,0.13861187398088648,0.40247848292981836,0.09766683006032445,0.28411411470515546,2.580303503819096,0.10902148146788337,0.07204980031529969,0.052861692052902476
20250401,dodson,MC_withKanga,0.7428571428571429,32,follower,0.5128205128205128,1.2580645161290323,39.0,31.0,0.9935897435897435,14,1.5666666666666667,3.2568535167379005,0.08226920338896722,39.58776045684507,0.027368516947377314,0.15500123114550454,0.1849648636600905,0.007435524792142179,0.15678287041387975,5.647275188436989,0.10902148146788337,0.07204980031529969,0.052861692052902476
20250401,dodson,MC_withKanga,0.7428571428571429,32,follower,0.5128205128205128,1.2580645161290323,39.0,31.0,0.9935897435897435,15,2.066666666666667,2.2904030355152076,0.7370801807398774,3.1074001110925447,0.019247084332060568,0.15611106648832737,0.2307530795087414,0.011016352769172944,1.3186647880742004,4.436949396420112,0.10902148146788337,0.07204980031529969,0.052861692052902476
20250401,dodson,MC_withKanga,0.7428571428571429,32,follower,0.5128205128205128,1.2580645161290323,39.0,31.0,0.9935897435897435,16,2.533333333333333,2.579327523143895,1.2543378093614916,2.0563260581747724,0.021675021202889874,0.1391729065279086,0.29420703725820824,0.037512149174345595,0.9798367315430886,3.447159133826254,0.10902148146788337,0.07204980031529969,0.052861692052902476
20250401,dodson,MC_withKanga,0.7428571428571429,32,follower,0.5128205128205128,1.2580645161290323,39.0,31.0,0.9935897435897435,17,1.5333333333333334,4.067832258645462,1.6780698813355632,2.4241137415611704,0.03418346435836522,0.14881206550971543,0.45631404230093364,0.06894027168330046,0.5385649842187535,2.5390012824965864,0.10902148146788337,0.07204980031529969,0.052861692052902476
20250401,dodson,MC_withKanga,0.7428571428571429,32,follower,0.5128205128205128,1.2580645161290323,39.0,31.0,0.9935897435897435,18,2.1666666666666665,2.718974292339165,0.7420656251421888,3.664061775962438,0.022848523465035,0.15206479728436878,0.27260354316320395,0.020115231602231953,1.0767320400025577,4.346335695565956,0.10902148146788337,0.07204980031529969,0.052861692052902476
20250401,dodson,MC_withKanga,0.7428571428571429,32,follower,0.5128205128205128,1.2580645161290323,39.0,31.0,0.9935897435897435,19,2.433333333333333,1.8038210918080078,0.7978254214247645,2.260922055587958,0.01515816043536141,0.15234062631776352,0.21165722922777075,0.009067645133186484,1.3653882174450207,4.027306990443786,0.10902148146788337,0.07204980031529969,0.052861692052902476
20250401,dodson,MC_withKanga,0.7428571428571429,32,follower,0.5128205128205128,1.2580645161290323,39.0,31.0,0.9935897435897435,20,2.1333333333333333,2.9707722411764443,0.38154022784766245,7.786262166731694,0.024964472614928103,0.15107431355491036,0.1991437599184108,0.024796805925643588,0.3467929901513136,5.20704750369999,0.10902148146788337,0.07204980031529969,0.052861692052902476
20250401,dodson,MC_withKanga,0.7428571428571429,32,follower,0.5128205128205128,1.2580645161290323,39.0,31.0,0.9935897435897435,21,3.3666666666666667,2.6297613574038254,0.3619954991652395,7.264624459331807,0.0220988349361666,0.14607803451715926,0.20559225693905728,0.016183671746556355,0.6888620346830103,4.655573293799695,0.10902148146788337,0.07204980031529969,0.052861692052902476
20250401,dodson,MC_withKanga,0.7428571428571429,32,follower,0.5128205128205128,1.2580645161290323,39.0,31.0,0.9935897435897435,22,5.333333333333333,1.6834988066494017,0.6170699524174602,2.7282138760023127,0.014147048795373124,0.12953815337645047,0.2271503307104902,0.014036196385641155,1.2650888010286336,4.754328924840068,0.10902148146788337,0.07204980031529969,0.052861692052902476
20250401,dodson,MC_withKanga,0.7428571428571429,32,follower,0.5128205128205128,1.2580645161290323,39.0,31.0,0.9935897435897435,23,4.033333333333333,3.257454464829972,0.5488121167180189,5.935463823776436,0.027373566931344302,0.14958335113995577,0.25209243562994726,0.036515863422605224,0.48964447190510774,4.108007457212319,0.10902148146788337,0.07204980031529969,0.052861692052902476
20250401,dodson,MC_withKanga,0.7428571428571429,32,follower,0.5128205128205128,1.2580645161290323,39.0,31.0,0.9935897435897435,24,4.166666666666667,3.8969268149022613,0.6603592652367751,5.901222289211008,0.03274728415884253,0.15961866507170397,0.3120879534837568,0.05419772866424449,0.40397241991165433,3.2587558251266637,0.10902148146788337,0.07204980031529969,0.052861692052902476
20250401,dodson,MC_withKanga,0.7428571428571429,32,follower,0.5128205128205128,1.2580645161290323,39.0,31.0,0.9935897435897435,25,2.3333333333333335,2.3122331345192686,1.0123310362453377,2.2840682066759244,0.019430530542178727,0.13009054754482693,0.28147894362745435,0.031243600122681386,0.8804883122876586,3.476273201481543,0.10902148146788337,0.07204980031529969,0.052861692052902476
20250401,dodson,MC_withKanga,0.7428571428571429,32,follower,0.5128205128205128,1.2580645161290323,39.0,31.0,0.9935897435897435,26,4.566666666666666,2.5474664392706337,0.4229813309645388,6.022645097507161,0.021407281002274233,0.14141905945997635,0.18893044308489346,0.019320251312351006,0.5179758029800848,5.6114406228400675,0.10902148146788337,0.07204980031529969,0.052861692052902476
20250401,dodson,MC_withKanga,0.7428571428571429,32,follower,0.5128205128205128,1.2580645161290323,39.0,31.0,0.9935897435897435,27,2.8666666666666667,2.7462082375760866,0.4529563811572826,6.06285362524235,0.023077380147698206,0.14058107369581818,0.1808576004342485,0.011965892529591541,0.645109693247652,5.095186837917008,0.10902148146788337,0.07204980031529969,0.052861692052902476
20250401,dodson,MC_withKanga,0.7428571428571429,32,follower,0.5128205128205128,1.2580645161290323,39.0,31.0,0.9935897435897435,28,3.566666666666667,2.1699366803598776,0.2922717973951758,7.424379292491032,0.018234762019830906,0.1435853408748499,0.1570679662352133,0.009754308137290555,0.5414417738945068,7.117747485269655,0.10902148146788337,0.07204980031529969,0.052861692052902476
20250401,dodson,MC_withKanga,0.7428571428571429,32,follower,0.5128205128205128,1.2580645161290323,39.0,31.0,0.9935897435897435,29,2.3666666666666667,3.314928064552123,0.15947904620852862,20.785978743675525,0.027856538357580864,0.14982422722515498,0.20547095060935766,0.014332876888333469,0.13116791742717437,4.928858076247832,0.10902148146788337,0.07204980031529969,0.052861692052902476
20250401,dodson,MC_withKanga,0.7428571428571429,32,follower,0.5128205128205128,1.2580645161290323,39.0,31.0,0.9935897435897435,30,4.0,2.0373184719099653,0.25803214916143347,7.895599360509729,0.017120323293361054,0.14713139951505522,0.13334170937928996,0.0038900233481941647,1.09168904197467,7.4437493646267745,0.10902148146788337,0.07204980031529969,0.052861692052902476
20250401,dodson,MC_withKanga,0.7428571428571429,32,follower,0.5128205128205128,1.2580645161290323,39.0,31.0,0.9935897435897435,31,5.2,3.501040186733061,0.7398110815389961,4.732343532148779,0.02942050577086606,0.1458718741150092,0.24847434836355434,0.039397123293710305,0.6440822824955927,4.153200715873207,0.10902148146788337,0.07204980031529969,0.052861692052902476
20250401,dodson,MC_withKanga,0.7428571428571429,32,follower,0.5128205128205128,1.2580645161290323,39.0,31.0,0.9935897435897435,32,3.5,4.063236246288563,0.22371809604526957,18.162304784975298,0.03414484240578624,0.15379124453279372,0.24257234952640055,0.01759634605658494,0.30455543937729734,4.135249868954466,0.10902148146788337,0.07204980031529969,0.052861692052902476
20250401,dodson,MC_withKanga,0.7428571428571429,32,follower,0.5128205128205128,1.2580645161290323,39.0,31.0,0.9935897435897435,33,1.7,2.9606026761766118,0.9070827972857486,3.2638725869739593,0.024879014085517747,0.14732907388971,0.23004307741868954,0.028072386308269612,0.9144717888553335,4.5789278919255265,0.10902148146788337,0.07204980031529969,0.052861692052902476
20250401,dodson,MC_withKanga,0.7428571428571429,32,follower,0.5128205128205128,1.2580645161290323,39.0,31.0,0.9935897435897435,34,1.9333333333333333,2.5371920526416267,0.5555533221868644,4.566964054241087,0.0213209416188372,0.15375293225935535,0.19509114443269215,0.009102183754694513,0.8132601268977648,5.445760217552971,0.10902148146788337,0.07204980031529969,0.052861692052902476
20250401,dodson,MC_withKanga,0.7428571428571429,32,follower,0.5128205128205128,1.2580645161290323,39.0,31.0,0.9935897435897435,35,3.2,1.2636027105796943,0.5813373510817339,2.1736134934877707,0.010618510172938607,0.1300310634607131,0.13450653409055283,0.0071381518415772,1.4686176226822114,6.014256434724942,0.10902148146788337,0.07204980031529969,0.052861692052902476
20250401,dodson,MC_withKanga,0.7428571428571429,32,follower,0.5128205128205128,1.2580645161290323,39.0,31.0,0.9935897435897435,36,1.6666666666666667,2.2715473056267386,0.31929038020626216,7.11436186758685,0.019088632820392762,0.14404638023061483,0.1649749529665904,0.010646796835312245,0.33802444222836736,5.996495106668586,0.10902148146788337,0.07204980031529969,0.052861692052902476
20250402,dodson,MC_withKanga,0.780952380952381,19,follower,0.4716981132075472,1.0192307692307692,53.0,52.0,1.066447908121411,0,4.366666666666666,3.5578479397933918,0.32734133819609923,10.868923428369454,0.02989788184700329,0.10921689938893855,0.2642065269503842,0.03349338675607143,0.3793292107673079,3.755061580313607,0.18392226069122652,0.1459858317865625,0.10327532405887269
20250402,dodson,MC_withKanga,0.780952380952381,19,follower,0.4716981132075472,1.0192307692307692,53.0,52.0,1.066447908121411,1,3.533333333333333,3.550655478178979,0.41938180969024247,8.466403158500153,0.029837440993100664,0.11474357554523616,0.2505407946394935,0.02934046115816833,0.5659573046811295,3.9691436242044973,0.18392226069122652,0.1459858317865625,0.10327532405887269
20250402,dodson,MC_withKanga,0.780952380952381,19,follower,0.4716981132075472,1.0192307692307692,53.0,52.0,1.066447908121411,2,3.2333333333333334,2.4693454623700273,0.5370282570316216,4.598166725935664,0.020750802204790145,0.11679760600206635,0.21001150273099292,0.016590621414711012,0.6382997004336879,4.854524083265266,0.18392226069122652,0.1459858317865625,0.10327532405887269
20250402,dodson,MC_withKanga,0.780952380952381,19,follower,0.4716981132075472,1.0192307692307692,53.0,52.0,1.066447908121411,3,3.3666666666666667,2.8201087815798087,0.4807513950521297,5.866043885892444,0.023698393122519402,0.11963328128990483,0.19696393826492967,0.016463110511877068,0.7688799005913766,5.158166603631668,0.18392226069122652,0.1459858317865625,0.10327532405887269
20250402,dodson,MC_withKanga,0.780952380952381,19,follower,0.4716981132075472,1.0192307692307692,53.0,52.0,1.066447908121411,4,3.1,4.984768050761376,0.7867656265471935,6.335772538306704,0.04188880714925526,0.10875911408118118,0.4067014318436326,0.053278669238354184,0.3034578431637501,2.690093526374406,0.18392226069122652,0.1459858317865625,0.10327532405887269
20250402,dodson,MC_withKanga,0.780952380952381,19,follower,0.4716981132075472,1.0192307692307692,53.0,52.0,1.066447908121411,5,2.8333333333333335,4.110965935074438,0.24901652887427073,16.508807482213673,0.034545932227516285,0.10723398883294273,0.3134928569600702,0.026568523697147992,0.18659745111168538,3.2561965085993587,0.18392226069122652,0.1459858317865625,0.10327532405887269
20250402,dodson,MC_withKanga,0.780952380952381,19,follower,0.4716981132075472,1.0192307692307692,53.0,52.0,1.066447908121411,6,2.3333333333333335,2.6564374654158747,0.2760003593318301,9.624760894684522,0.022323003911057772,0.12086521027290595,0.2100776551557351,0.012112793787057846,0.3182837098896831,4.632975806573584,0.18392226069122652,0.1459858317865625,0.10327532405887269
20250402,dodson,MC_withKanga,0.780952380952381,19,follower,0.4716981132075472,1.0192307692307692,53.0,52.0,1.066447908121411,7,3.2,4.268124189583617,0.2079222756499432,20.527498442588264,0.035866589828433756,0.13873375609517993,0.32714129654935353,0.02453027154823789,0.10548995623908117,3.0077124220748894,0.18392226069122652,0.1459858317865625,0.10327532405887269
20250402,dodson,MC_withKanga,0.780952380952381,19,follower,0.4716981132075472,1.0192307692307692,53.0,52.0,1.066447908121411,8,3.2333333333333334,3.447194383528761,0.45842249776334865,7.519688497723568,0.028968020029653454,0.129273044708115,0.26627495009195107,0.026895504801793233,0.36139675746076527,4.0654493690988875,0.18392226069122652,0.1459858317865625,0.10327532405887269
20250402,dodson,MC_withKanga,0.780952380952381,19,follower,0.4716981132075472,1.0192307692307692,53.0,52.0,1.066447908121411,9,3.1666666666666665,4.174613757976425,0.24998200814257066,16.699656863287313,0.03508078788215483,0.12000995276052204,0.35583094983224467,0.02242279229886973,0.09337898053642171,2.9360179740515204,0.18392226069122652,0.1459858317865625,0.10327532405887269
20250402,dodson,MC_withKanga,0.780952380952381,19,follower,0.4716981132075472,1.0192307692307692,53.0,52.0,1.066447908121411,10,2.2333333333333334,4.213970643806555,0.12226942582153295,34.464631002335416,0.03541151801518114,0.10853016814914172,0.33833185544396505,0.016330960433646246,0.047706178167069964,2.944714049898869,0.18392226069122652,0.1459858317865625,0.10327532405887269
20250402,dodson,MC_withKanga,0.780952380952381,19,follower,0.4716981132075472,1.0192307692307692,53.0,52.0,1.066447908121411,11,3.3,4.407279450361747,0.3904933639256521,11.286438791315465,0.037035961767745776,0.10978870735095998,0.34509563899259804,0.0696281352141671,0.19453670263037753,2.9167925522189373,0.18392226069122652,0.1459858317865625,0.10327532405887269
20250402,dodson,MC_withKanga,0.780952380952381,19,follower,0.4716981132075472,1.0192307692307692,53.0,52.0,1.066447908121411,12,3.9,5.5469914612157165,0.7103946155813561,7.808324189895921,0.04661337362366148,0.10849391437509813,0.41412378522941606,0.05743019606439775,0.2353574327443423,2.491121764976836,0.18392226069122652,0.1459858317865625,0.10327532405887269
20250402,dodson,MC_withKanga,0.780952380952381,19,follower,0.4716981132075472,1.0192307692307692,53.0,52.0,1.066447908121411,13,2.2333333333333334,3.8981881726560657,0.15238801327201623,25.58067454884202,0.03275788380383248,0.10827285857360368,0.2991975865800719,0.024306218523195897,0.18744075113256367,3.2719179518470782,0.18392226069122652,0.1459858317865625,0.10327532405887269
20250402,dodson,MC_withKanga,0.780952380952381,19,follower,0.4716981132075472,1.0192307692307692,53.0,52.0,1.066447908121411,14,3.3333333333333335,5.64086940502351,0.64342416969257,8.766952922702195,0.04740226390776059,0.11116187488896334,0.41865687400308804,0.07917787219870198,0.2655646874760097,2.2958549568491295,0.18392226069122652,0.1459858317865625,0.10327532405887269
20250402,dodson,MC_withKanga,0.780952380952381,19,follower,0.4716981132075472,1.0192307692307692,53.0,52.0,1.066447908121411,15,3.4,6.274462128440095,0.6532107339662993,9.605571069448791,0.05272657250789996,0.1128580502765099,0.4769171184327504,0.07756179077177734,0.14494926370892044,2.1486399153108935,0.18392226069122652,0.1459858317865625,0.10327532405887269
20250402,dodson,MC_withKanga,0.780952380952381,19,follower,0.4716981132075472,1.0192307692307692,53.0,52.0,1.066447908121411,16,1.6333333333333333,5.028111273900435,1.0739715470742683,4.681791885081221,0.0422530359151297,0.10783304587471647,0.3672557146690064,0.07822036741588523,0.35143059903798085,2.7017823669598546,0.18392226069122652,0.1459858317865625,0.10327532405887269
20250402,dodson,MC_withKanga,0.780952380952381,19,follower,0.4716981132075472,1.0192307692307692,53.0,52.0,1.066447908121411,17,2.3,6.089206242259803,0.22992629490970798,26.483296504434318,0.0511698003551244,0.10974369883493298,0.4757488654915775,0.0562359692794623,0.09604741454621188,2.1448852271924386,0.18392226069122652,0.1459858317865625,0.10327532405887269
20250402,dodson,MC_withKanga,0.780952380952381,19,follower,0.4716981132075472,1.0192307692307692,53.0,52.0,1.066447908121411,18,3.466666666666667,4.0997999071783555,0.2925187711218661,14.0155104968301,0.034452100060322316,0.11077829092737367,0.31877822986614235,0.054847038243303226,0.09424785809160661,3.243635653961923,0.18392226069122652,0.1459858317865625,0.10327532405887269
20250402,dodson,MC_withKanga,0.780952380952381,19,follower,0.4716981132075472,1.0192307692307692,53.0,52.0,1.066447908121411,19,1.9666666666666666,4.751588594543053,0.35956076180202357,13.21498088592689,0.039929315920529854,0.10813817053436223,0.34016374418346,0.015555506666882664,0.44969717701486905,3.0210355961675206,0.18392226069122652,0.1459858317865625,0.10327532405887269
20250402,dodson,MC_withKanga,0.780952380952381,19,follower,0.4716981132075472,1.0192307692307692,53.0,52.0,1.066447908121411,20,2.2333333333333334,4.4779554937264345,0.6331803445603347,7.07216440339098,0.037629878098541465,0.10466639119340358,0.4291838421784566,0.031087821482055054,0.32568928511362805,2.4994893946001775,0.18392226069122652,0.1459858317865625,0.10327532405887269
20250402,dodson,MC_withKanga,0.780952380952381,19,follower,0.4716981132075472,1.0192307692307692,53.0,52.0,1.066447908121411,21,2.966666666666667,3.877144220507617,0.6585968665772336,5.886976414961343,0.03258104386981191,0.11670828776707763,0.2926942518566639,0.0527082008551963,0.6643378627779936,3.4371523114993265,0.18392226069122652,0.1459858317865625,0.10327532405887269
20250402,dodson,MC_withKanga,0.780952380952381,19,follower,0.4716981132075472,1.0192307692307692,53.0,52.0,1.066447908121411,22,3.8333333333333335,3.180736125336324,0.8092724152351297,3.9303651841539393,0.026728875002826252,0.11692396825891439,0.24231232573572467,0.017661346467866178,0.7137896335483624,4.126878129061064,0.18392226069122652,0.1459858317865625,0.10327532405887269
20250402,dodson,MC_withKanga,0.780952380952381,19,follower,0.4716981132075472,1.0192307692307692,53.0,52.0,1.066447908121411,23,3.7,3.260949883566283,0.443281685986843,7.356383055407958,0.02740294019803599,0.12284272404966093,0.24760681454056874,0.027563880717066225,0.8928767309926937,4.032735757017515,0.18392226069122652,0.1459858317865625,0.10327532405887269
20250402,dodson,MC_withKanga,0.780952380952381,19,follower,0.4716981132075472,1.0192307692307692,53.0,52.0,1.066447908121411,24,4.4,5.003952465257004,0.8535142285672485,5.862763967809756,0.04205002071644542,0.1189966489322462,0.4786790670928061,0.0429076036651455,0.5190801552823122,2.0690747125217053,0.18392226069122652,0.1459858317865625,0.10327532405887269
20250402,dodson,MC_withKanga,0.780952380952381,19,follower,0.4716981132075472,1.0192307692307692,53.0,52.0,1.066447908121411,25,4.766666666666667,4.300698000854667,0.6340391311475125,6.783016677647436,0.03614031933491317,0.11086553481194518,0.3613853937706795,0.04322557916712054,0.5376989886571264,2.844395969371283,0.18392226069122652,0.1459858317865625,0.10327532405887269
20250402,dodson,MC_withKanga,0.780952380952381,19,follower,0.4716981132075472,1.0192307692307692,53.0,52.0,1.066447908121411,26,2.2666666666666666,6.249786648625552,0.8852253870756539,7.060107787093353,0.052519215534668505,0.11386441610100605,0.5464253281704418,0.1323313186122468,0.25566675319865195,1.8404624882637446,0.18392226069122652,0.1459858317865625,0.10327532405887269
20250402,dodson,MC_withKanga,0.780952380952381,19,follower,0.4716981132075472,1.0192307692307692,53.0,52.0,1.066447908121411,27,3.5,3.4324464660443286,0.5208949048356462,6.589518219855387,0.02884408794995234,0.1268622652093533,0.2501403900256622,0.01792025087935909,0.44408549247668405,4.015131196821368,0.18392226069122652,0.1459858317865625,0.10327532405887269
20250402,dodson,MC_withKanga,0.780952380952381,19,follower,0.4716981132075472,1.0192307692307692,53.0,52.0,1.066447908121411,28,1.8666666666666667,4.267225890126047,0.2642731209673551,16.147029537117266,0.0358590410934962,0.10123777927422599,0.35888950396678526,0.06040194203619396,0.13090036327698554,2.8887999231242505,0.18392226069122652,0.1459858317865625,0.10327532405887269
20250402,dodson,MC_withKanga,0.780952380952381,19,follower,0.4716981132075472,1.0192307692307692,53.0,52.0,1.066447908121411,29,3.2333333333333334,3.525714961637865,0.28592093733293306,12.331083531432467,0.029627856820486263,0.1362053750711033,0.294427058823194,0.018851879681880065,0.22470398988892587,3.373468320055642,0.18392226069122652,0.1459858317865625,0.10327532405887269
20250402,dodson,MC_withKanga,0.780952380952381,19,follower,0.4716981132075472,1.0192307692307692,53.0,52.0,1.066447908121411,30,4.0,3.0446998242344363,0.5472104058165225,5.564038607217774,0.02558571280869274,0.1243344956025217,0.25795389263128093,0.051092456059923776,0.5433973693247487,4.07333555609326,0.18392226069122652,0.1459858317865625,0.10327532405887269
20250402,dodson,MC_withKanga,0.780952380952381,19,follower,0.4716981132075472,1.0192307692307692,53.0,52.0,1.066447908121411,31,2.8666666666666667,4.1504898421077225,0.6918067554122009,5.999493080455287,0.0348780659000649,0.1024512224295281,0.38659341290579974,0.07821674153446742,0.5080203671867337,2.545271669998355,0.18392226069122652,0.1459858317865625,0.10327532405887269
20250402,dodson,MC_withKanga,0.780952380952381,19,follower,0.4716981132075472,1.0192307692307692,53.0,52.0,1.066447908121411,32,3.4,8.117497047739683,0.7631027010175285,10.637489602534146,0.06821426090537548,0.11096339258916815,0.629871652810151,0.3026435500140575,0.12763950843033028,1.6095588573033006,0.18392226069122652,0.1459858317865625,0.10327532405887269
20250402,dodson,MC_withKanga,0.780952380952381,19,follower,0.4716981132075472,1.0192307692307692,53.0,52.0,1.066447908121411,33,5.366666666666666,6.3628652036328885,0.6631143228465715,9.595427190169591,0.05346945549271335,0.11489015001196143,0.49045019440210363,0.021419038717154656,0.0995496411577712,2.000983960928352,0.18392226069122652,0.1459858317865625,0.10327532405887269
20250402,dodson,MC_withKanga,0.780952380952381,19,follower,0.4716981132075472,1.0192307692307692,53.0,52.0,1.066447908121411,34,4.966666666666667,4.852584677299984,0.8522583610848451,5.693795331175277,0.040778022498319196,0.10903972161761272,0.38185497339979857,0.040970659437371854,0.18660778539365883,2.666808234796682,0.18392226069122652,0.1459858317865625,0.10327532405887269
20250402,dodson,MC_withKanga,0.780952380952381,19,follower,0.4716981132075472,1.0192307692307692,53.0,52.0,1.066447908121411,35,2.933333333333333,4.68975640615012,0.64734206634653,7.2446340968047584,0.0394097176987405,0.10676841067225988,0.39522089945886285,0.04379949882086775,0.12115726521465893,2.5990279226931663,0.18392226069122652,0.1459858317865625,0.10327532405887269
20250402,dodson,MC_withKanga,0.780952380952381,19,follower,0.4716981132075472,1.0192307692307692,53.0,52.0,1.066447908121411,36,4.366666666666666,4.096933939511334,0.7637087749840962,5.364523852166882,0.03442801629841458,0.10533120886695278,0.36636337078895914,0.08860927644061399,0.409398323782381,2.827751251910689,0.18392226069122652,0.1459858317865625,0.10327532405887269
20250402,dodson,MC_withKanga,0.780952380952381,19,follower,0.4716981132075472,1.0192307692307692,53.0,52.0,1.066447908121411,37,3.566666666666667,4.780799558933193,0.6091584544715926,7.8482035730428175,0.04017478620952263,0.1145718912295085,0.3588192813142257,0.033579933134976224,0.34707812183061926,2.67191073314367,0.18392226069122652,0.1459858317865625,0.10327532405887269
20250402,dodson,MC_withKanga,0.780952380952381,19,follower,0.4716981132075472,1.0192307692307692,53.0,52.0,1.066447908121411,38,4.1,4.026832741221971,0.6605268826820646,6.096394933800492,0.03383893059850396,0.11212693826140427,0.3471939420932838,0.04002838959657436,0.15878847317791656,2.9418500588151955,0.18392226069122652,0.1459858317865625,0.10327532405887269
20250402,dodson,MC_withKanga,0.780952380952381,19,follower,0.4716981132075472,1.0192307692307692,53.0,52.0,1.066447908121411,39,3.6333333333333333,2.7905237674867447,0.6156771758627392,4.532446348326013,0.02344977955871214,0.11637328777475377,0.26314714292350516,0.028171511772793475,0.5196130458002092,3.736257479802927,0.18392226069122652,0.1459858317865625,0.10327532405887269
20250402,dodson,MC_withKanga,0.780952380952381,19,follower,0.4716981132075472,1.0192307692307692,53.0,52.0,1.066447908121411,40,2.1333333333333333,3.299617605661318,0.14847893668822595,22.222799268759648,0.02772787903917074,0.11874360489570032,0.27117151951118984,0.031504554581128566,0.17487968665901538,3.6542630587815976,0.18392226069122652,0.1459858317865625,0.10327532405887269
20250402,dodson,MC_withKanga,0.780952380952381,19,follower,0.4716981132075472,1.0192307692307692,53.0,52.0,1.066447908121411,41,3.2,2.802719611461004,0.69720254464252,4.019950347281156,0.023552265642529442,0.11667958886304527,0.20465945255965223,0.013607427757073144,0.7293292778091319,4.587046722814026,0.18392226069122652,0.1459858317865625,0.10327532405887269
20250402,dodson,MC_withKanga,0.780952380952381,19,follower,0.4716981132075472,1.0192307692307692,53.0,52.0,1.066447908121411,42,3.2666666666666666,1.9572660448156909,0.5315706200760217,3.6820433088190154,0.016447613821980595,0.16016812737666328,0.17910333126225317,0.009291058630917767,0.786882778114693,6.047892008878135,0.18392226069122652,0.1459858317865625,0.10327532405887269
20250402,dodson,MC_withKanga,0.780952380952381,19,follower,0.4716981132075472,1.0192307692307692,53.0,52.0,1.066447908121411,43,3.1333333333333333,2.3373261011313367,0.607551143577593,3.847126494352202,0.019641395807826357,0.11074995432652662,0.22616019444979674,0.013606850328461852,1.2288615611353202,4.715223156170127,0.18392226069122652,0.1459858317865625,0.10327532405887269
20250402,dodson,MC_withKanga,0.780952380952381,19,follower,0.4716981132075472,1.0192307692307692,53.0,52.0,1.066447908121411,44,4.066666666666666,2.616332354292063,0.27883803113892264,9.382982456179208,0.02198598617052154,0.1259091646022741,0.22951648098385166,0.023080925479338727,0.3660486510292879,4.240317606878559,0.18392226069122652,0.1459858317865625,0.10327532405887269
20250402,dodson,MC_withKanga,0.780952380952381,19,follower,0.4716981132075472,1.0192307692307692,53.0,52.0,1.066447908121411,45,3.466666666666667,2.762053425684012,0.48080557357031545,5.744636870936928,0.023210532988941275,0.11406198846117198,0.24973197681479098,0.022347306290753398,0.7233270669172038,4.035852140771639,0.18392226069122652,0.1459858317865625,0.10327532405887269
20250402,dodson,MC_withKanga,0.780952380952381,19,follower,0.4716981132075472,1.0192307692307692,53.0,52.0,1.066447908121411,46,2.2333333333333334,3.0056304587850504,0.2757802656893817,10.898642262424856,0.025257398813319752,0.11020300415558289,0.2524985170798691,0.020864271302580905,0.24741514224701766,4.083705255790981,0.18392226069122652,0.1459858317865625,0.10327532405887269
20250402,dodson,MC_withKanga,0.780952380952381,19,follower,0.4716981132075472,1.0192307692307692,53.0,52.0,1.066447908121411,47,3.566666666666667,3.3270222775442306,0.11219542797486202,29.653813329092763,0.02795817039953135,0.12449981143559127,0.26177530504152347,0.03837925447144604,0.09858821780715826,3.867642254308613,0.18392226069122652,0.1459858317865625,0.10327532405887269
20250402,dodson,MC_withKanga,0.780952380952381,19,follower,0.4716981132075472,1.0192307692307692,53.0,52.0,1.066447908121411,48,1.6666666666666667,4.512934930587219,0.42802267361498597,10.54368193271622,0.03792382294611109,0.11520218914514105,0.3592252764317642,0.049964041695245445,0.14225525746591147,2.925218092451359,0.18392226069122652,0.1459858317865625,0.10327532405887269
20250402,dodson,MC_withKanga,0.780952380952381,19,follower,0.4716981132075472,1.0192307692307692,53.0,52.0,1.066447908121411,49,2.966666666666667,2.6561547259981713,0.430367745228822,6.1718257361176585,0.022320627949564464,0.13658193149527373,0.21183789986361326,0.014083372636014984,0.5570434995909818,4.81409249700491,0.18392226069122652,0.1459858317865625,0.10327532405887269
20250402,dodson,MC_withKanga,0.780952380952381,19,follower,0.4716981132075472,1.0192307692307692,53.0,52.0,1.066447908121411,50,3.466666666666667,2.4275345314614105,0.4984461471825985,4.870204224032488,0.020399449844213532,0.13115089902310537,0.22519593209850977,0.017682331951282756,0.8341629713197083,4.577167422797838,0.18392226069122652,0.1459858317865625,0.10327532405887269
20250402,dodson,MC_withKanga,0.780952380952381,19,follower,0.4716981132075472,1.0192307692307692,53.0,52.0,1.066447908121411,51,4.133333333333334,3.617559670233565,0.3570859796235639,10.13078047490735,0.030399661094399705,0.11175444055156566,0.2691989946579242,0.015186073770088269,0.3055865973673454,3.72488951458493,0.18392226069122652,0.1459858317865625,0.10327532405887269
20250402,dodson,MC_withKanga,0.780952380952381,19,follower,0.4716981132075472,1.0192307692307692,53.0,52.0,1.066447908121411,52,3.8333333333333335,5.660758904066614,0.9455213187483485,5.986918318838278,0.04756940255518163,0.10840209607288849,0.43618676011336677,0.11206358147439836,0.22654694098864275,2.3578013856729436,0.18392226069122652,0.1459858317865625,0.10327532405887269
20250403,dodson,MC_withKanga,0.7086614173228346,21,leader,0.4915254237288136,0.8676470588235294,59.0,68.0,1.1937046004842615,0,1.8666666666666667,3.528055761634987,0.534077038353909,6.605892985979866,0.029647527408697368,0.1033564513296929,0.33633783053656013,0.02369060659914914,0.5541245888604774,2.996100645691933,0.15135170770566292,0.11540681628769751,0.0937076092948392
20250403,dodson,MC_withKanga,0.7086614173228346,21,leader,0.4915254237288136,0.8676470588235294,59.0,68.0,1.1937046004842615,1,1.6,5.094470647349208,0.7063184552064761,7.21271065451625,0.04281067770881688,0.10873996294531699,0.45165091566423743,0.0760713054492711,0.32230138851629325,2.2248325598882057,0.15135170770566292,0.11540681628769751,0.0937076092948392
20250403,dodson,MC_withKanga,0.7086614173228346,21,leader,0.4915254237288136,0.8676470588235294,59.0,68.0,1.1937046004842615,2,2.566666666666667,5.00621345724043,0.543218080241025,9.215844684365404,0.04206902064907925,0.10697328646740675,0.44611043798067257,0.038237312134297936,0.135980094482661,2.4131603492447584,0.15135170770566292,0.11540681628769751,0.0937076092948392
20250403,dodson,MC_withKanga,0.7086614173228346,21,leader,0.4915254237288136,0.8676470588235294,59.0,68.0,1.1937046004842615,3,2.6,5.74613698051511,0.7705519010040623,7.457170598148737,0.048286865382479914,0.08743906045606668,0.5115463771873775,0.015009925206719052,0.11777562519604944,2.0710257168195882,0.15135170770566292,0.11540681628769751,0.0937076092948392
20250403,dodson,MC_withKanga,0.7086614173228346,21,leader,0.4915254237288136,0.8676470588235294,59.0,68.0,1.1937046004842615,4,2.8,3.5041206113835983,0.3421158955638475,10.242495764800383,0.029446391692299144,0.09572330212166455,0.2878239058156582,0.008776096538908472,0.0996186758072301,3.547542645883313,0.15135170770566292,0.11540681628769751,0.0937076092948392
20250403,dodson,MC_withKanga,0.7086614173228346,21,leader,0.4915254237288136,0.8676470588235294,59.0,68.0,1.1937046004842615,5,2.5,3.8545232911911866,0.5704696222169787,6.756754682592222,0.032390952026816695,0.10442727766903742,0.34435888058509184,0.03529045621916414,0.4532752303692054,2.88044860514098,0.15135170770566292,0.11540681628769751,0.0937076092948392
20250403,dodson,MC_withKanga,0.7086614173228346,21,leader,0.4915254237288136,0.8676470588235294,59.0,68.0,1.1937046004842615,6,2.6666666666666665,3.0285769611307667,0.39941601535422416,7.582512580134919,0.02545022656412409,0.1154881860971512,0.2470760291993714,0.021180853318767,0.3647917745741252,4.138959864248549,0.15135170770566292,0.11540681628769751,0.0937076092948392
20250403,dodson,MC_withKanga,0.7086614173228346,21,leader,0.4915254237288136,0.8676470588235294,59.0,68.0,1.1937046004842615,7,2.1,5.035914327361601,0.7361897867562728,6.840510990447657,0.04231860779295463,0.10037311278114888,0.44799985996835084,0.09548241759476801,0.3266847078467507,2.231255197106569,0.15135170770566292,0.11540681628769751,0.0937076092948392
20250403,dodson,MC_withKanga,0.7086614173228346,21,leader,0.4915254237288136,0.8676470588235294,59.0,68.0,1.1937046004842615,8,2.2,4.531044420921434,0.48294334079987705,9.382144939439215,0.03807600353715491,0.10145960656293837,0.3833007356987984,0.036526834377599404,0.26174725058070625,2.7132535131869067,0.15135170770566292,0.11540681628769751,0.0937076092948392
20250403,dodson,MC_withKanga,0.7086614173228346,21,leader,0.4915254237288136,0.8676470588235294,59.0,68.0,1.1937046004842615,9,2.8333333333333335,3.0184470151152483,0.8618369322656205,3.502341222695426,0.025365100967355027,0.106607259155703,0.3323466638719764,0.036960183715177286,0.8402613604476832,3.3168351116065593,0.15135170770566292,0.11540681628769751,0.0937076092948392
20250403,dodson,MC_withKanga,0.7086614173228346,21,leader,0.4915254237288136,0.8676470588235294,59.0,68.0,1.1937046004842615,10,5.0,4.122209369601159,0.3309159408349502,12.456968253630246,0.03464041487059798,0.10689149419141927,0.3317219974725654,0.03505969497773351,0.1107160634972302,2.9933234863911147,0.15135170770566292,0.11540681628769751,0.0937076092948392
20250403,dodson,MC_withKanga,0.7086614173228346,21,leader,0.4915254237288136,0.8676470588235294,59.0,68.0,1.1937046004842615,11,1.7666666666666666,2.61182303603909,0.30258777221960464,8.631621221440323,0.021948092739824288,0.11261834128286043,0.21572412684884565,0.01307830301363352,0.4266463967309244,4.726170732062026,0.15135170770566292,0.11540681628769751,0.0937076092948392
20250403,dodson,MC_withKanga,0.7086614173228346,21,leader,0.4915254237288136,0.8676470588235294,59.0,68.0,1.1937046004842615,12,2.6333333333333333,4.6554891005825985,0.7608917192819993,6.118464667976228,0.03912175714775293,0.11936391006599724,0.3784126486031397,0.06342009482527425,0.3438678084587033,2.588102382326462,0.15135170770566292,0.11540681628769751,0.0937076092948392
20250403,dodson,MC_withKanga,0.7086614173228346,21,leader,0.4915254237288136,0.8676470588235294,59.0,68.0,1.1937046004842615,13,2.4,5.771978488971986,0.5428297383023912,10.633128735766908,0.04850402091573098,0.10249403781486718,0.48881682453194236,0.0885705871067434,0.24544058162806653,2.0132053674328714,0.15135170770566292,0.11540681628769751,0.0937076092948392
20250403,dodson,MC_withKanga,0.7086614173228346,21,leader,0.4915254237288136,0.8676470588235294,59.0,68.0,1.1937046004842615,14,2.8,3.048889553569361,1.136018429319805,2.683838109382516,0.025620920618229924,0.10117831482878177,0.3305592448835252,0.01708537797819222,0.9425187777103577,3.311611969365707,0.15135170770566292,0.11540681628769751,0.0937076092948392
20250403,dodson,MC_withKanga,0.7086614173228346,21,leader,0.4915254237288136,0.8676470588235294,59.0,68.0,1.1937046004842615,15,1.6333333333333333,3.5010753712973566,0.5562837504275645,6.293686214286144,0.029420801439473586,0.11050860428885596,0.2863809928336414,0.055539531602548896,0.5895866473027226,3.5460649597734792,0.15135170770566292,0.11540681628769751,0.0937076092948392
20250403,dodson,MC_withKanga,0.7086614173228346,21,leader,0.4915254237288136,0.8676470588235294,59.0,68.0,1.1937046004842615,16,2.966666666666667,3.7584171910343462,0.6357970759691074,5.911347083982127,0.031583337739784424,0.10381248135799076,0.3555211905389438,0.03985689926524975,0.4480705000487747,2.889465380735832,0.15135170770566292,0.11540681628769751,0.0937076092948392
20250403,dodson,MC_withKanga,0.7086614173228346,21,leader,0.4915254237288136,0.8676470588235294,59.0,68.0,1.1937046004842615,17,3.7,3.754951846925564,0.30355433100604906,12.369949835605334,0.03155421720105516,0.11262732964678228,0.28660631746935544,0.04310554687126429,0.1122763279385515,3.4975183500245413,0.15135170770566292,0.11540681628769751,0.0937076092948392
20250403,dodson,MC_withKanga,0.7086614173228346,21,leader,0.4915254237288136,0.8676470588235294,59.0,68.0,1.1937046004842615,18,2.8666666666666667,5.438782974714952,0.9370272499261927,5.804295419523126,0.045704058611050015,0.10373287937532863,0.4250655344697638,0.12307695877930624,0.2187539581202468,2.4202055455352642,0.15135170770566292,0.11540681628769751,0.0937076092948392
20250403,dodson,MC_withKanga,0.7086614173228346,21,leader,0.4915254237288136,0.8676470588235294,59.0,68.0,1.1937046004842615,19,1.7,3.3774296873501974,0.164236270262351,20.564456815507878,0.028381762078573087,0.10095965116060533,0.26847994136497283,0.016644405648203558,0.06235439941819535,3.6616014771760983,0.15135170770566292,0.11540681628769751,0.0937076092948392
20250403,dodson,MC_withKanga,0.7086614173228346,21,leader,0.4915254237288136,0.8676470588235294,59.0,68.0,1.1937046004842615,20,5.133333333333334,4.043444924119223,0.25143930268557974,16.081196857181382,0.033978528774111116,0.10124610361345378,0.32491073905888684,0.041620285527975046,0.12159479726751811,3.1273759888818367,0.15135170770566292,0.11540681628769751,0.0937076092948392
20250403,dodson,MC_withKanga,0.7086614173228346,21,leader,0.4915254237288136,0.8676470588235294,59.0,68.0,1.1937046004842615,21,3.6,4.952610546324329,0.8281871122565245,5.980062322909338,0.04161857601953217,0.10256235871850544,0.44834571641505716,0.10591735797292574,0.30823445655285314,2.3069259218771854,0.15135170770566292,0.11540681628769751,0.0937076092948392
20250403,dodson,MC_withKanga,0.7086614173228346,21,leader,0.4915254237288136,0.8676470588235294,59.0,68.0,1.1937046004842615,22,1.5333333333333334,3.20801920103342,0.5822325843144597,5.509858581361691,0.02695814454649933,0.12007224423716327,0.257847124187018,0.03347619886708271,0.24904658109847658,3.7930658766921366,0.15135170770566292,0.11540681628769751,0.0937076092948392
20250403,dodson,MC_withKanga,0.7086614173228346,21,leader,0.4915254237288136,0.8676470588235294,59.0,68.0,1.1937046004842615,23,4.466666666666667,4.578003701873526,0.7355281142949152,6.224104303969465,0.03847061934347501,0.11687119061568736,0.34938442111184553,0.08803055427983376,0.4329152586994801,2.8260960960884374,0.15135170770566292,0.11540681628769751,0.0937076092948392
20250403,dodson,MC_withKanga,0.7086614173228346,21,leader,0.4915254237288136,0.8676470588235294,59.0,68.0,1.1937046004842615,24,2.533333333333333,3.7049115682662417,0.3818421754424546,9.702730097777241,0.03113371065769951,0.12813226317419824,0.26769553699946746,0.026922567025175276,0.34351371967508937,3.618680296077326,0.15135170770566292,0.11540681628769751,0.0937076092948392
20250403,dodson,MC_withKanga,0.7086614173228346,21,leader,0.4915254237288136,0.8676470588235294,59.0,68.0,1.1937046004842615,25,4.0,3.8525035343882115,0.4232394003317554,9.10242177682048,0.03237397928057321,0.09542704855654698,0.31736279676857254,0.0683501861036015,0.24817803671534167,3.1181648827156248,0.15135170770566292,0.11540681628769751,0.0937076092948392
20250403,dodson,MC_withKanga,0.7086614173228346,21,leader,0.4915254237288136,0.8676470588235294,59.0,68.0,1.1937046004842615,26,4.933333333333334,2.1013940835724134,0.24269068855078024,8.658733864578084,0.017658773811532885,0.14170080629128343,0.160909398628827,0.005754776239147962,0.7826750048989387,5.967348701269611,0.15135170770566292,0.11540681628769751,0.0937076092948392
20250403,dodson,MC_withKanga,0.7086614173228346,21,leader,0.4915254237288136,0.8676470588235294,59.0,68.0,1.1937046004842615,27,2.0,3.206043055499044,1.009741301901281,3.1751133180966855,0.02694153828150457,0.12403916286117826,0.33645702759326285,0.0705689759817987,0.7959104143451178,3.1653352223345785,0.15135170770566292,0.11540681628769751,0.0937076092948392
20250403,dodson,MC_withKanga,0.7086614173228346,21,leader,0.4915254237288136,0.8676470588235294,59.0,68.0,1.1937046004842615,28,5.333333333333333,2.911338652154435,0.30023300232726274,9.696930815690244,0.024465030690373403,0.10929606587597408,0.23571156485506148,0.025077370413885327,0.3254696039068639,4.172969358414926,0.15135170770566292,0.11540681628769751,0.0937076092948392
20250403,dodson,MC_withKanga,0.7086614173228346,21,leader,0.4915254237288136,0.8676470588235294,59.0,68.0,1.1937046004842615,29,3.2666666666666666,5.2418850526246334,1.0739160915156865,4.881093685100133,0.04404945422373641,0.10927185582177813,0.5315947034303815,0.0477409867267654,0.4377099934517518,1.9950721458322096,0.15135170770566292,0.11540681628769751,0.0937076092948392
20250403,dodson,MC_withKanga,0.7086614173228346,21,leader,0.4915254237288136,0.8676470588235294,59.0,68.0,1.1937046004842615,30,4.066666666666666,4.318560549136634,0.6329458352613357,6.822954364418169,0.036290424782660785,0.11554279996940273,0.3272808251629332,0.024785274747393556,0.5948765619807077,3.0721877077159174,0.15135170770566292,0.11540681628769751,0.0937076092948392
20250403,dodson,MC_withKanga,0.7086614173228346,21,leader,0.4915254237288136,0.8676470588235294,59.0,68.0,1.1937046004842615,31,4.466666666666667,4.20134132294925,0.415901941948981,10.101759331204642,0.03530538926848109,0.10698902838535253,0.36989978230797244,0.03657735489451419,0.19355074137988124,2.848366167629565,0.15135170770566292,0.11540681628769751,0.0937076092948392
20250403,dodson,MC_withKanga,0.7086614173228346,21,leader,0.4915254237288136,0.8676470588235294,59.0,68.0,1.1937046004842615,32,3.033333333333333,3.7803031502243223,0.4210285152814043,8.978734249621235,0.0317672533632296,0.109527086816239,0.2889853532191625,0.04723783368928133,0.266219739557583,3.4238912252918827,0.15135170770566292,0.11540681628769751,0.0937076092948392
20250403,dodson,MC_withKanga,0.7086614173228346,21,leader,0.4915254237288136,0.8676470588235294,59.0,68.0,1.1937046004842615,33,3.7,6.160907579424011,0.5629784694741603,10.943415980327797,0.051772332600201774,0.1044157511066968,0.522898377023924,0.16348311734259185,0.146820777119012,1.9290883988997336,0.15135170770566292,0.11540681628769751,0.0937076092948392
20250403,dodson,MC_withKanga,0.7086614173228346,21,leader,0.4915254237288136,0.8676470588235294,59.0,68.0,1.1937046004842615,34,4.133333333333334,5.567933681772363,0.8369372947907101,6.652748917306543,0.04678935867035599,0.10091971552314802,0.5012697736140986,0.09269143089608074,0.28814810766750215,2.027826356991041,0.15135170770566292,0.11540681628769751,0.0937076092948392
20250403,dodson,MC_withKanga,0.7086614173228346,21,leader,0.4915254237288136,0.8676470588235294,59.0,68.0,1.1937046004842615,35,4.5,4.284173234788602,0.7345699176325915,5.832219822717283,0.03600145575452607,0.0908007772652887,0.3857739673699799,0.09645059819876144,0.43026886336245335,2.608129589432399,0.15135170770566292,0.11540681628769751,0.0937076092948392
20250403,dodson,MC_withKanga,0.7086614173228346,21,leader,0.4915254237288136,0.8676470588235294,59.0,68.0,1.1937046004842615,36,3.7333333333333334,4.2625580498806634,1.0431954052747077,4.086059072277251,0.03581981554521566,0.10053795554057857,0.36755742181786116,0.12051626050343231,0.3599303294814238,2.7774249191781313,0.15135170770566292,0.11540681628769751,0.0937076092948392
20250403,dodson,MC_withKanga,0.7086614173228346,21,leader,0.4915254237288136,0.8676470588235294,59.0,68.0,1.1937046004842615,37,3.3666666666666667,4.528676791483882,0.5336992210054016,8.485447632755767,0.03805610749146119,0.12465650039313442,0.3557064284150499,0.058617952623716135,0.15461462488319652,2.8588104075802208,0.15135170770566292,0.11540681628769751,0.0937076092948392
20250403,dodson,MC_withKanga,0.7086614173228346,21,leader,0.4915254237288136,0.8676470588235294,59.0,68.0,1.1937046004842615,38,3.7666666666666666,3.8870280047736157,0.5273583857287275,7.37075224356648,0.032664100880450554,0.12100184956800722,0.2956544343226005,0.03007176444247543,0.3430510095303377,3.1685331664819545,0.15135170770566292,0.11540681628769751,0.0937076092948392
20250403,dodson,MC_withKanga,0.7086614173228346,21,leader,0.4915254237288136,0.8676470588235294,59.0,68.0,1.1937046004842615,39,4.266666666666667,3.1561272561396887,0.8416536302978254,3.7499122471828104,0.02652207778268646,0.1155276500727326,0.3011717173297637,0.014327047296046154,0.7641078245007108,3.479470483656386,0.15135170770566292,0.11540681628769751,0.0937076092948392
20250403,dodson,MC_withKanga,0.7086614173228346,21,leader,0.4915254237288136,0.8676470588235294,59.0,68.0,1.1937046004842615,40,4.1,3.8175812980195545,0.4388828628502289,8.698405932797435,0.03208051510940802,0.11511645718563114,0.334617490179861,0.043738340437566484,0.31057126347892045,3.0285784306653385,0.15135170770566292,0.11540681628769751,0.0937076092948392
20250403,dodson,MC_withKanga,0.7086614173228346,21,leader,0.4915254237288136,0.8676470588235294,59.0,68.0,1.1937046004842615,41,2.566666666666667,3.1695406644565605,0.5666486389296692,5.59348500411726,0.02663479549963496,0.13293606493402044,0.28289744732841127,0.024023588215156516,0.5153648298704117,3.5849226710745614,0.15135170770566292,0.11540681628769751,0.0937076092948392
20250403,dodson,MC_withKanga,0.7086614173228346,21,leader,0.4915254237288136,0.8676470588235294,59.0,68.0,1.1937046004842615,42,4.166666666666667,3.9773307621219893,0.6956258923899947,5.717628980797259,0.03342294758085705,0.11120480013954798,0.3810150206799726,0.044401236758473794,0.6027393187057294,2.6028357216441935,0.15135170770566292,0.11540681628769751,0.0937076092948392
20250403,dodson,MC_withKanga,0.7086614173228346,21,leader,0.4915254237288136,0.8676470588235294,59.0,68.0,1.1937046004842615,43,3.9,3.08987967607605,0.4447475112189922,6.947491774843465,0.025965375429210506,0.12391316007351058,0.28844394138710017,0.01043750082076295,0.6629980797296313,3.5458549269697484,0.15135170770566292,0.11540681628769751,0.0937076092948392
20250403,dodson,MC_withKanga,0.7086614173228346,21,leader,0.4915254237288136,0.8676470588235294,59.0,68.0,1.1937046004842615,44,1.8333333333333333,3.4469367047047745,0.3469713216892827,9.934356211120962,0.02896585466138466,0.10918715670815148,0.2575569861192551,0.02180650524607639,0.3700677996380328,3.827763401628032,0.15135170770566292,0.11540681628769751,0.0937076092948392
20250403,dodson,MC_withKanga,0.7086614173228346,21,leader,0.4915254237288136,0.8676470588235294,59.0,68.0,1.1937046004842615,45,4.2,3.00515950263786,0.3848618747018475,7.808410497833689,0.02525344119863748,0.1363336382136374,0.24951831191052756,0.028625138756638722,0.58201035856395,3.985419927841414,0.15135170770566292,0.11540681628769751,0.0937076092948392
20250403,dodson,MC_withKanga,0.7086614173228346,21,leader,0.4915254237288136,0.8676470588235294,59.0,68.0,1.1937046004842615,46,2.8666666666666667,3.480785782508833,0.4162814341018723,8.361616678914908,0.029250300693351536,0.10082744952494031,0.30945783315106196,0.02540123154546358,0.13905645721108492,3.5276292757286583,0.15135170770566292,0.11540681628769751,0.0937076092948392
20250403,dodson,MC_withKanga,0.7086614173228346,21,leader,0.4915254237288136,0.8676470588235294,59.0,68.0,1.1937046004842615,47,2.0,3.148451987046531,0.5791209410648324,5.436605316425715,0.02645757972308009,0.1037016028988432,0.24993567814884782,0.02835326922038132,0.3706681554059583,3.7783914725182295,0.15135170770566292,0.11540681628769751,0.0937076092948392
20250403,dodson,MC_withKanga,0.7086614173228346,21,leader,0.4915254237288136,0.8676470588235294,59.0,68.0,1.1937046004842615,48,4.4,4.235774102202126,0.7512561746036074,5.638255292127334,0.03559474035463971,0.11112857103238703,0.3291445305775642,0.08038545772640765,0.32274852877207744,3.0412754085729805,0.15135170770566292,0.11540681628769751,0.0937076092948392
20250403,dodson,MC_withKanga,0.7086614173228346,21,leader,0.4915254237288136,0.8676470588235294,59.0,68.0,1.1937046004842615,49,3.1,2.8119360451054534,0.6124778270466883,4.591082192582138,0.023629714664751708,0.10950512678502734,0.23358635784165613,0.019587730923248774,0.26163915891819345,4.3181543393516595,0.15135170770566292,0.11540681628769751,0.0937076092948392
20250403,dodson,MC_withKanga,0.7086614173228346,21,leader,0.4915254237288136,0.8676470588235294,59.0,68.0,1.1937046004842615,50,2.6,2.7111258101786793,0.6390935736504263,4.242142186930549,0.02278256983343428,0.11423350786366292,0.2501992215296266,0.025845873255257362,0.5911626822700468,3.9766226188832263,0.15135170770566292,0.11540681628769751,0.0937076092948392
20250403,dodson,MC_withKanga,0.7086614173228346,21,leader,0.4915254237288136,0.8676470588235294,59.0,68.0,1.1937046004842615,51,2.6,3.222421828397612,0.607027007305686,5.308531234385208,0.027079175028551363,0.12957482233099543,0.2840457946783265,0.02202429064919608,0.7763138889425147,3.4869491814155222,0.15135170770566292,0.11540681628769751,0.0937076092948392
20250403,dodson,MC_withKanga,0.7086614173228346,21,leader,0.4915254237288136,0.8676470588235294,59.0,68.0,1.1937046004842615,52,2.566666666666667,2.716048028079974,0.7867920470167173,3.45205323106458,0.02282393300907541,0.12450161010998209,0.25837567592558897,0.016667307413651727,0.8071924352987104,4.02960207572603,0.15135170770566292,0.11540681628769751,0.0937076092948392
20250403,dodson,MC_withKanga,0.7086614173228346,21,leader,0.4915254237288136,0.8676470588235294,59.0,68.0,1.1937046004842615,53,2.066666666666667,4.634973015443928,0.49160064045295754,9.428329896342884,0.03894935307095738,0.098073754907447,0.38051857763889113,0.0625370237878537,0.058473974039528476,2.6661996579549347,0.15135170770566292,0.11540681628769751,0.0937076092948392
20250403,dodson,MC_withKanga,0.7086614173228346,21,leader,0.4915254237288136,0.8676470588235294,59.0,68.0,1.1937046004842615,54,4.133333333333334,3.5746523243602786,0.29240652073345896,12.224940522508822,0.030039095162691418,0.09956044041262822,0.2851833376569888,0.033866817601537556,0.24301644397800126,3.5449734290905814,0.15135170770566292,0.11540681628769751,0.0937076092948392
20250403,dodson,MC_withKanga,0.7086614173228346,21,leader,0.4915254237288136,0.8676470588235294,59.0,68.0,1.1937046004842615,55,3.0,4.0231581847420275,0.13433097239154962,29.949594744354822,0.03380805197262208,0.11683189068929016,0.3193986418507657,0.027775235839373483,0.07210959234315661,3.198640154599784,0.15135170770566292,0.11540681628769751,0.0937076092948392
20250403,dodson,MC_withKanga,0.7086614173228346,21,leader,0.4915254237288136,0.8676470588235294,59.0,68.0,1.1937046004842615,56,3.6,6.252602937929808,0.19660017748111988,31.803648491264788,0.052542881831342925,0.10550275139134001,0.5057082519436527,0.051278391067967596,0.030090317655150117,1.9852378410021199,0.15135170770566292,0.11540681628769751,0.0937076092948392
20250403,dodson,MC_withKanga,0.7086614173228346,21,leader,0.4915254237288136,0.8676470588235294,59.0,68.0,1.1937046004842615,57,2.566666666666667,2.6943261884373113,0.5134339549882873,5.247658753887393,0.02264139654149001,0.11559004063250657,0.24878876559786456,0.020104076354555845,0.8979743293012435,4.007227043045794,0.15135170770566292,0.11540681628769751,0.0937076092948392
20250403,dodson,MC_withKanga,0.7086614173228346,21,leader,0.4915254237288136,0.8676470588235294,59.0,68.0,1.1937046004842615,58,3.566666666666667,2.835952294292518,0.50236897445276,5.645158117859039,0.023831531884811078,0.1009098617915157,0.251648500142398,0.025403152251693213,0.6204982846760272,4.014604083951806,0.15135170770566292,0.11540681628769751,0.0937076092948392
20250409,dodson,MC_withKanga,0.7866666666666666,20,follower,0.36470588235294116,1.3076923076923077,85.0,65.0,0.5387700534759358,0,4.6,2.229568468852753,0.5301768073103003,4.20533006746151,0.01873586948615759,0.13142615205984884,0.16853414993172636,0.008106370083878437,0.9983680319002948,5.942448898940887,0.17108474088052072,0.10972084214772534,0.08772340616695734
20250409,dodson,MC_withKanga,0.7866666666666666,20,follower,0.36470588235294116,1.3076923076923077,85.0,65.0,0.5387700534759358,1,2.3666666666666667,2.983567530954967,0.971662994857199,3.070578530567019,0.025071996058445102,0.09897106989124754,0.30970900643420834,0.024182386440994567,0.9235836791722738,3.194753245552601,0.17108474088052072,0.10972084214772534,0.08772340616695734
20250409,dodson,MC_withKanga,0.7866666666666666,20,follower,0.36470588235294116,1.3076923076923077,85.0,65.0,0.5387700534759358,2,1.7666666666666666,3.787413481754098,1.3021766958961543,2.9085250056234577,0.031827004048353764,0.10549824806613925,0.4162050180411007,0.024430073698898897,0.8178015458978724,2.633745112740571,0.17108474088052072,0.10972084214772534,0.08772340616695734
20250409,dodson,MC_withKanga,0.7866666666666666,20,follower,0.36470588235294116,1.3076923076923077,85.0,65.0,0.5387700534759358,3,1.4666666666666666,2.754881774671197,0.16665446738541434,16.530500609384237,0.023150267014043675,0.11047832196212791,0.2608937389559778,0.0246084810826129,0.23420679551666168,3.8506800461972244,0.17108474088052072,0.10972084214772534,0.08772340616695734
20250409,dodson,MC_withKanga,0.7866666666666666,20,follower,0.36470588235294116,1.3076923076923077,85.0,65.0,0.5387700534759358,4,4.633333333333334,2.5952037837188233,0.41048639493865197,6.322265039031761,0.021808435157301038,0.12537542254986117,0.24189742965774227,0.016213025087255882,0.7962253219408387,3.8809093402781993,0.17108474088052072,0.10972084214772534,0.08772340616695734
20250409,dodson,MC_withKanga,0.7866666666666666,20,follower,0.36470588235294116,1.3076923076923077,85.0,65.0,0.5387700534759358,5,2.6,2.6641966920792632,0.5796784637968889,4.595990464487499,0.022388207496464398,0.0826313409514342,0.2892745162215743,0.016487394668004786,0.9080475485252903,3.368377776285238,0.17108474088052072,0.10972084214772534,0.08772340616695734
20250409,dodson,MC_withKanga,0.7866666666666666,20,follower,0.36470588235294116,1.3076923076923077,85.0,65.0,0.5387700534759358,6,1.7,1.9166460344088216,0.39677943513412967,4.830507492811233,0.016106269196712788,0.12725461784995357,0.15073358069139164,0.010928907271080075,0.8530722134166289,6.359033901540571,0.17108474088052072,0.10972084214772534,0.08772340616695734
20250409,dodson,MC_withKanga,0.7866666666666666,20,follower,0.36470588235294116,1.3076923076923077,85.0,65.0,0.5387700534759358,7,4.2,2.952097273136174,0.7150352905360169,4.128603597905179,0.024807540110388014,0.10918887833287097,0.30122311983517186,0.03942779097844347,0.8280785707050508,3.2904973167685134,0.17108474088052072,0.10972084214772534,0.08772340616695734
20250409,dodson,MC_withKanga,0.7866666666666666,20,follower,0.36470588235294116,1.3076923076923077,85.0,65.0,0.5387700534759358,8,4.0,3.2317942442774505,0.8034195269204397,4.022548788010085,0.02715793482586093,0.10299851921516628,0.2960344985092616,0.04484707151086708,0.7960917217118373,3.138219316843562,0.17108474088052072,0.10972084214772534,0.08772340616695734
20250409,dodson,MC_withKanga,0.7866666666666666,20,follower,0.36470588235294116,1.3076923076923077,85.0,65.0,0.5387700534759358,9,3.6666666666666665,2.9473275426129133,0.8917104072785166,3.3052519277061054,0.024767458341284986,0.09489074014486615,0.3255412935078713,0.03487610417014292,0.9244150597872771,3.1130192882447822,0.17108474088052072,0.10972084214772534,0.08772340616695734
20250409,dodson,MC_withKanga,0.7866666666666666,20,follower,0.36470588235294116,1.3076923076923077,85.0,65.0,0.5387700534759358,10,4.0,2.6086152260581446,0.6083151906180131,4.288262509782046,0.021921136353429786,0.1254050843379179,0.19350270367664535,0.014879193595390533,0.855806176384399,5.075295814440405,0.17108474088052072,0.10972084214772534,0.08772340616695734
20250409,dodson,MC_withKanga,0.7866666666666666,20,follower,0.36470588235294116,1.3076923076923077,85.0,65.0,0.5387700534759358,11,3.7,3.4688464985289933,1.0034947027635288,3.4567661283872457,0.029149970575873894,0.11373240371782078,0.32595828308190683,0.04559019725257983,0.8229640998516768,3.079500618323905,0.17108474088052072,0.10972084214772534,0.08772340616695734
20250409,dodson,MC_withKanga,0.7866666666666666,20,follower,0.36470588235294116,1.3076923076923077,85.0,65.0,0.5387700534759358,12,1.5333333333333334,3.8969042636484708,1.065867876103911,3.6560856659766365,0.032747094652508156,0.11452733393346334,0.3458408383742179,0.08000147063993686,0.5272354157987448,2.823750561592984,0.17108474088052072,0.10972084214772534,0.08772340616695734
20250409,dodson,MC_withKanga,0.7866666666666666,20,follower,0.36470588235294116,1.3076923076923077,85.0,65.0,0.5387700534759358,13,3.6666666666666665,3.5049755216972476,0.27811118211956193,12.602785314077858,0.02945357581258191,0.12975784713636151,0.2981472520085689,0.032905757478434945,0.36205501409252316,2.904809091899803,0.17108474088052072,0.10972084214772534,0.08772340616695734
20250409,dodson,MC_withKanga,0.7866666666666666,20,follower,0.36470588235294116,1.3076923076923077,85.0,65.0,0.5387700534759358,14,1.5333333333333334,3.6270216608462382,0.6253345785219654,5.800129699238815,0.030479173620556625,0.1106925737017912,0.3714746801922024,0.08583933790241179,0.4410555660090786,2.52788138259147,0.17108474088052072,0.10972084214772534,0.08772340616695734
20250409,dodson,MC_withKanga,0.7866666666666666,20,follower,0.36470588235294116,1.3076923076923077,85.0,65.0,0.5387700534759358,15,2.5,4.424362463549352,0.8480912425979121,5.216847246289729,0.037179516500414726,0.12845909276160117,0.3846482916973901,0.10457471369360433,0.5580545149263668,2.512247615595553,0.17108474088052072,0.10972084214772534,0.08772340616695734
20250409,dodson,MC_withKanga,0.7866666666666666,20,follower,0.36470588235294116,1.3076923076923077,85.0,65.0,0.5387700534759358,16,2.7666666666666666,3.7932178593112833,0.4864686195104489,7.7974564179053045,0.031875780330346916,0.10982658887392413,0.34515720956647644,0.045532379255600545,0.5153630917521941,2.9800729331124876,0.17108474088052072,0.10972084214772534,0.08772340616695734
20250409,dodson,MC_withKanga,0.7866666666666666,20,follower,0.36470588235294116,1.3076923076923077,85.0,65.0,0.5387700534759358,17,4.166666666666667,2.9293025623930173,0.3774134412259465,7.761521563402213,0.024615987919269052,0.12169149055105251,0.25017240033758176,0.03750164278518385,0.4286177030767994,3.8772322264765484,0.17108474088052072,0.10972084214772534,0.08772340616695734
20250409,dodson,MC_withKanga,0.7866666666666666,20,follower,0.36470588235294116,1.3076923076923077,85.0,65.0,0.5387700534759358,18,2.6333333333333333,2.7977201254477237,0.4280451442821573,6.536039861261766,0.02351025315502289,0.11154722863490701,0.3540588406201614,0.036594064961819106,0.5172010760498521,2.839977005607778,0.17108474088052072,0.10972084214772534,0.08772340616695734
20250409,dodson,MC_withKanga,0.7866666666666666,20,follower,0.36470588235294116,1.3076923076923077,85.0,65.0,0.5387700534759358,19,4.1,3.0668199132806793,0.6846595637746231,4.479335534835555,0.025771595909921674,0.0925645296187088,0.29907552917843033,0.03383089630842763,0.9496683652530997,3.1855526233118243,0.17108474088052072,0.10972084214772534,0.08772340616695734
20250409,dodson,MC_withKanga,0.7866666666666666,20,follower,0.36470588235294116,1.3076923076923077,85.0,65.0,0.5387700534759358,20,4.133333333333334,4.009534252216952,0.7440427495541975,5.388849302838196,0.03369356514468027,0.10282820129725515,0.45390624282539194,0.1051706466551093,0.5287994123024026,2.230528128163075,0.17108474088052072,0.10972084214772534,0.08772340616695734
20250409,dodson,MC_withKanga,0.7866666666666666,20,follower,0.36470588235294116,1.3076923076923077,85.0,65.0,0.5387700534759358,21,3.966666666666667,3.8550352088867528,1.0870772531650652,3.546238501139341,0.0323952538561912,0.10062127826484163,0.37247162594702704,0.0464045549226824,0.6874861754811745,2.8220911055205846,0.17108474088052072,0.10972084214772534,0.08772340616695734
20250409,dodson,MC_withKanga,0.7866666666666666,20,follower,0.36470588235294116,1.3076923076923077,85.0,65.0,0.5387700534759358,22,3.7666666666666666,2.1128561434073996,0.5015111586782148,4.21297932627472,0.017755093642078987,0.13173205866923013,0.2288181707478238,0.01104526837129257,0.8965665442580135,5.05316018932233,0.17108474088052072,0.10972084214772534,0.08772340616695734
20250409,dodson,MC_withKanga,0.7866666666666666,20,follower,0.36470588235294116,1.3076923076923077,85.0,65.0,0.5387700534759358,23,4.566666666666666,2.598340795184915,0.5174834475170899,5.021108999045047,0.021834796598192565,0.08818993333531447,0.26374312160065905,0.024710244448475853,0.839435185891058,3.847821674611961,0.17108474088052072,0.10972084214772534,0.08772340616695734
20250409,dodson,MC_withKanga,0.7866666666666666,20,follower,0.36470588235294116,1.3076923076923077,85.0,65.0,0.5387700534759358,24,2.6,3.6324079062587273,1.3009058545587266,2.7922142817097684,0.03052443618704813,0.10241093654806303,0.375027592481594,0.07137937738270923,0.758734406551331,2.794720746773427,0.17108474088052072,0.10972084214772534,0.08772340616695734
20250409,dodson,MC_withKanga,0.7866666666666666,20,follower,0.36470588235294116,1.3076923076923077,85.0,65.0,0.5387700534759358,25,4.2,3.9246044604107153,0.7335525393199837,5.350134107706714,0.03297986941521609,0.11132400961037338,0.4167820933385767,0.07250766292688075,0.7127768955314794,2.4968368367411724,0.17108474088052072,0.10972084214772534,0.08772340616695734
20250409,dodson,MC_withKanga,0.7866666666666666,20,follower,0.36470588235294116,1.3076923076923077,85.0,65.0,0.5387700534759358,26,2.0,3.3337391403341443,0.7725203856695633,4.315406042579325,0.028014614624656674,0.10678713556556299,0.3585334620830839,0.07412011101336671,0.6282098988673206,2.881356643390408,0.17108474088052072,0.10972084214772534,0.08772340616695734
20250409,dodson,MC_withKanga,0.7866666666666666,20,follower,0.36470588235294116,1.3076923076923077,85.0,65.0,0.5387700534759358,27,4.1,3.086386480350222,0.4459169612574282,6.921437730574345,0.025936020843279176,0.09006095351420354,0.3686583689630878,0.05033624032499637,0.1748775261074167,2.6871142095701677,0.17108474088052072,0.10972084214772534,0.08772340616695734
20250409,dodson,MC_withKanga,0.7866666666666666,20,follower,0.36470588235294116,1.3076923076923077,85.0,65.0,0.5387700534759358,28,3.966666666666667,4.583982446425715,0.9014261116681541,5.08525589295691,0.038520860894333736,0.0822163213221318,0.5089448592492314,0.11596953295434712,0.5408414686177602,2.0031627500065436,0.17108474088052072,0.10972084214772534,0.08772340616695734
20250409,dodson,MC_withKanga,0.7866666666666666,20,follower,0.36470588235294116,1.3076923076923077,85.0,65.0,0.5387700534759358,29,2.8,5.010009264378568,1.1323936967916695,4.424264527940301,0.04210091818805519,0.09097807338520272,0.49631099563164427,0.1069831905967192,0.5057160703641415,2.001834957162276,0.17108474088052072,0.10972084214772534,0.08772340616695734
20250409,dodson,MC_withKanga,0.7866666666666666,20,follower,0.36470588235294116,1.3076923076923077,85.0,65.0,0.5387700534759358,30,3.933333333333333,6.660914739550465,2.188791955217327,3.043192261225712,0.05597407344160055,0.09286211645002211,0.7004458136128879,0.1268148560052227,0.4295596907516403,1.5296906828871786,0.17108474088052072,0.10972084214772534,0.08772340616695734
20250409,dodson,MC_withKanga,0.7866666666666666,20,follower,0.36470588235294116,1.3076923076923077,85.0,65.0,0.5387700534759358,31,3.566666666666667,6.461702627131244,1.5466561242661698,4.177853451553156,0.05430002207673314,0.09616190760682959,0.644958330509112,0.1874187657052675,0.3775065390416562,1.5633197234820506,0.17108474088052072,0.10972084214772534,0.08772340616695734
20250409,dodson,MC_withKanga,0.7866666666666666,20,follower,0.36470588235294116,1.3076923076923077,85.0,65.0,0.5387700534759358,32,1.6333333333333333,7.390077278630254,0.828698716909207,8.917688814811955,0.06210148973638869,0.11177773172811956,0.7222832599480894,0.2888193965981718,0.30231020135936004,1.4286606523086485,0.17108474088052072,0.10972084214772534,0.08772340616695734
20250409,dodson,MC_withKanga,0.7866666666666666,20,follower,0.36470588235294116,1.3076923076923077,85.0,65.0,0.5387700534759358,33,2.966666666666667,6.261469962521021,1.7580903880531256,3.56151765863122,0.05261739464303379,0.09243933838205798,0.6772417964368054,0.24910402686631483,0.39376213324102227,1.4809849017715198,0.17108474088052072,0.10972084214772534,0.08772340616695734
20250409,dodson,MC_withKanga,0.7866666666666666,20,follower,0.36470588235294116,1.3076923076923077,85.0,65.0,0.5387700534759358,34,3.9,4.023737563011177,1.1983029775289349,3.3578632770392307,0.03381292069757291,0.12372260306364245,0.36355424539414916,0.04734987080405602,0.6137083832997463,2.603756129723209,0.17108474088052072,0.10972084214772534,0.08772340616695734
20250409,dodson,MC_withKanga,0.7866666666666666,20,follower,0.36470588235294116,1.3076923076923077,85.0,65.0,0.5387700534759358,35,4.0,5.235233555062316,1.6939702718718874,3.0905108796727747,0.04399355928623795,0.08997476690551544,0.5157363511277983,0.10214523274058392,0.5141060791237693,2.0019897073408104,0.17108474088052072,0.10972084214772534,0.08772340616695734
20250409,dodson,MC_withKanga,0.7866666666666666,20,follower,0.36470588235294116,1.3076923076923077,85.0,65.0,0.5387700534759358,36,3.9,5.999005028459243,2.0173494152002998,2.973706480026719,0.05041180696184238,0.08500060395535378,0.5987867446132721,0.06265246270932949,0.4952380504590571,1.770766525501462,0.17108474088052072,0.10972084214772534,0.08772340616695734
20250409,dodson,MC_withKanga,0.7866666666666666,20,follower,0.36470588235294116,1.3076923076923077,85.0,65.0,0.5387700534759358,37,3.933333333333333,6.330874529031338,1.9697514187623726,3.214047452246097,0.05320062629438099,0.09120581719083719,0.7261096921822824,0.13338551482425218,0.44438559687200235,1.4584841416261627,0.17108474088052072,0.10972084214772534,0.08772340616695734
20250409,dodson,MC_withKanga,0.7866666666666666,20,follower,0.36470588235294116,1.3076923076923077,85.0,65.0,0.5387700534759358,38,4.3,4.787091627204013,1.3927001689730598,3.437273674443429,0.040227660732806834,0.07980868414978227,0.5832242355355644,0.19921636186259337,0.5225924062975287,1.8474067105192227,0.17108474088052072,0.10972084214772534,0.08772340616695734
20250409,dodson,MC_withKanga,0.7866666666666666,20,follower,0.36470588235294116,1.3076923076923077,85.0,65.0,0.5387700534759358,39,4.133333333333334,2.5535830447030605,0.45020082447119003,5.672097663753775,0.02145868104792488,0.10857069383403652,0.2795935512701209,0.019776558783194502,1.1754156005588758,3.49790541595618,0.17108474088052072,0.10972084214772534,0.08772340616695734
20250409,dodson,MC_withKanga,0.7866666666666666,20,follower,0.36470588235294116,1.3076923076923077,85.0,65.0,0.5387700534759358,40,3.7333333333333334,2.9246890050377656,0.09463116559273582,30.90619233862923,0.024577218529729123,0.12349315676342826,0.2582082590692057,0.022377227499537976,0.25934653347081293,3.7284882939930153,0.17108474088052072,0.10972084214772534,0.08772340616695734
20250409,dodson,MC_withKanga,0.7866666666666666,20,follower,0.36470588235294116,1.3076923076923077,85.0,65.0,0.5387700534759358,41,4.533333333333333,3.829694731821393,1.212893530626239,3.15748632103269,0.03218230867076801,0.12167491819838928,0.3717853570477801,0.04770648437712054,0.6312065893935227,2.5614505911611447,0.17108474088052072,0.10972084214772534,0.08772340616695734
20250409,dodson,MC_withKanga,0.7866666666666666,20,follower,0.36470588235294116,1.3076923076923077,85.0,65.0,0.5387700534759358,42,3.7,3.4521820442401188,0.782306658114552,4.412824572604649,0.029009933144874947,0.11957902300555315,0.34145128585462386,0.06689316719745014,0.771219460414356,2.9467616010655022,0.17108474088052072,0.10972084214772534,0.08772340616695734
20250409,dodson,MC_withKanga,0.7866666666666666,20,follower,0.36470588235294116,1.3076923076923077,85.0,65.0,0.5387700534759358,43,1.5,3.7082411709666956,1.0181439691624454,3.642157969090758,0.031161690512325174,0.1294041778909875,0.31010035777868816,0.04880059836899714,0.7201212761760633,3.1297248178664447,0.17108474088052072,0.10972084214772534,0.08772340616695734
20250409,dodson,MC_withKanga,0.7866666666666666,20,follower,0.36470588235294116,1.3076923076923077,85.0,65.0,0.5387700534759358,44,3.1666666666666665,3.6675623524718812,0.8105282562504822,4.524903757751875,0.03081985170144438,0.12445324831939612,0.33373120520851196,0.03573928498185453,0.6519454979948774,2.880639360003966,0.17108474088052072,0.10972084214772534,0.08772340616695734
20250409,dodson,MC_withKanga,0.7866666666666666,20,follower,0.36470588235294116,1.3076923076923077,85.0,65.0,0.5387700534759358,45,2.8,3.1471593558685726,0.7534264259251865,4.17712897713131,0.026446717276206493,0.101837742824185,0.315293887271915,0.043469619517940136,0.5376652408292093,3.0613971399726516,0.17108474088052072,0.10972084214772534,0.08772340616695734
20250409,dodson,MC_withKanga,0.7866666666666666,20,follower,0.36470588235294116,1.3076923076923077,85.0,65.0,0.5387700534759358,46,5.1,3.544687199254904,1.222567680879104,2.899379113887624,0.02978728738869667,0.08023102659922302,0.36059992611881275,0.06340570644732837,0.7341475472590507,2.5818726924023014,0.17108474088052072,0.10972084214772534,0.08772340616695734
20250409,dodson,MC_withKanga,0.7866666666666666,20,follower,0.36470588235294116,1.3076923076923077,85.0,65.0,0.5387700534759358,47,4.633333333333334,4.356332342303097,1.2805808671361154,3.4018408786987244,0.036607834809269726,0.09690587743895927,0.46295858083583147,0.12423656729257682,0.6215677954901832,2.1260204919468837,0.17108474088052072,0.10972084214772534,0.08772340616695734
20250409,dodson,MC_withKanga,0.7866666666666666,20,follower,0.36470588235294116,1.3076923076923077,85.0,65.0,0.5387700534759358,48,4.066666666666666,5.7446702225086375,1.5721520977162626,3.654016828812843,0.048274539684946535,0.09350623678362296,0.5534536458425022,0.23524182104403735,0.45222854687755054,1.668169748140079,0.17108474088052072,0.10972084214772534,0.08772340616695734
20250409,dodson,MC_withKanga,0.7866666666666666,20,follower,0.36470588235294116,1.3076923076923077,85.0,65.0,0.5387700534759358,49,1.6,4.199408977684442,0.38837278315117085,10.812830249358274,0.0352891510729785,0.1325524342574406,0.36728096548165434,0.10079271138104651,0.39927832856111983,2.827462091213358,0.17108474088052072,0.10972084214772534,0.08772340616695734
20250409,dodson,MC_withKanga,0.7866666666666666,20,follower,0.36470588235294116,1.3076923076923077,85.0,65.0,0.5387700534759358,50,3.433333333333333,5.090350139077969,0.6940735530422809,7.334021180847212,0.042776051588890494,0.12423480524571055,0.4498189725005261,0.1635321898583761,0.2912129143254295,2.1835369176522645,0.17108474088052072,0.10972084214772534,0.08772340616695734
20250409,dodson,MC_withKanga,0.7866666666666666,20,follower,0.36470588235294116,1.3076923076923077,85.0,65.0,0.5387700534759358,51,4.366666666666666,5.042807400365864,1.2435453343293674,4.055185815228364,0.04237653277618373,0.1304834011621184,0.4305685474068081,0.06318385620277663,0.5119751801780846,2.4657559071274124,0.17108474088052072,0.10972084214772534,0.08772340616695734
20250409,dodson,MC_withKanga,0.7866666666666666,20,follower,0.36470588235294116,1.3076923076923077,85.0,65.0,0.5387700534759358,52,4.266666666666667,3.92584826102714,0.17016219373060312,23.071213263990078,0.032990321521236474,0.11560122834739979,0.39305015955213796,0.0573254057832399,0.17937076444953498,2.4701234091174196,0.17108474088052072,0.10972084214772534,0.08772340616695734
20250409,dodson,MC_withKanga,0.7866666666666666,20,follower,0.36470588235294116,1.3076923076923077,85.0,65.0,0.5387700534759358,53,3.933333333333333,4.211631243275137,0.34235962549200943,12.301775471399546,0.03539185918718602,0.10191134283160284,0.431458454649979,0.08907423434491253,0.3403101479578835,2.1521728614002047,0.17108474088052072,0.10972084214772534,0.08772340616695734
20250409,dodson,MC_withKanga,0.7866666666666666,20,follower,0.36470588235294116,1.3076923076923077,85.0,65.0,0.5387700534759358,54,2.6333333333333333,3.657225475358541,0.924851034591229,3.9543941008564505,0.030732987187886897,0.11600787618551478,0.35906842957102386,0.10192746848748503,0.6361275568670782,2.805202664332749,0.17108474088052072,0.10972084214772534,0.08772340616695734
20250409,dodson,MC_withKanga,0.7866666666666666,20,follower,0.36470588235294116,1.3076923076923077,85.0,65.0,0.5387700534759358,55,1.7666666666666666,4.449891960306702,1.1777293807051061,3.778365415017967,0.03739405008661094,0.08696285536452536,0.47316844853057755,0.06507739816390316,0.6059380222648754,2.2511922940084284,0.17108474088052072,0.10972084214772534,0.08772340616695734
20250409,dodson,MC_withKanga,0.7866666666666666,20,follower,0.36470588235294116,1.3076923076923077,85.0,65.0,0.5387700534759358,56,3.1666666666666665,4.475737589984178,0.3266473492329406,13.70204779097232,0.03761124025196788,0.10105638048765257,0.4351909222702627,0.0793430337716674,0.30228052816557144,2.2602825318678557,0.17108474088052072,0.10972084214772534,0.08772340616695734
20250409,dodson,MC_withKanga,0.7866666666666666,20,follower,0.36470588235294116,1.3076923076923077,85.0,65.0,0.5387700534759358,57,5.1,5.725907317557377,1.2125402897167266,4.722240874070306,0.04811686821476788,0.12409223341903135,0.4749890489242617,0.1224997680285215,0.46481286513946285,1.999154593656641,0.17108474088052072,0.10972084214772534,0.08772340616695734
20250409,dodson,MC_withKanga,0.7866666666666666,20,follower,0.36470588235294116,1.3076923076923077,85.0,65.0,0.5387700534759358,58,4.533333333333333,3.704525018930899,0.6922494579564586,5.3514307253728575,0.031130462343957135,0.1039498426894514,0.3429958512855464,0.06651406576972539,0.5313335189876569,2.8144423606146205,0.17108474088052072,0.10972084214772534,0.08772340616695734
20250409,dodson,MC_withKanga,0.7866666666666666,20,follower,0.36470588235294116,1.3076923076923077,85.0,65.0,0.5387700534759358,59,2.8,3.5805128730881193,0.861043111080923,4.158343324520964,0.030088343471328733,0.07617452556684434,0.3896834256291084,0.09469953183750421,0.7059271143975235,2.388946096068465,0.17108474088052072,0.10972084214772534,0.08772340616695734
20250409,dodson,MC_withKanga,0.7866666666666666,20,follower,0.36470588235294116,1.3076923076923077,85.0,65.0,0.5387700534759358,60,2.8666666666666667,3.031650778494598,0.6620953412039342,4.578873448923437,0.02547605696213948,0.10342055614624725,0.2681059321077685,0.03042741526156365,0.7152539143550425,3.5251521605899336,0.17108474088052072,0.10972084214772534,0.08772340616695734
20250409,dodson,MC_withKanga,0.7866666666666666,20,follower,0.36470588235294116,1.3076923076923077,85.0,65.0,0.5387700534759358,61,2.433333333333333,2.8085851496001517,0.3144078551941445,8.932935685928939,0.02360155587899287,0.11725187424148918,0.2506477449419218,0.035445711029614975,0.3750459258376277,3.847972209906041,0.17108474088052072,0.10972084214772534,0.08772340616695734
20250409,dodson,MC_withKanga,0.7866666666666666,20,follower,0.36470588235294116,1.3076923076923077,85.0,65.0,0.5387700534759358,62,2.6333333333333333,2.823282797540713,0.4546157777608664,6.210261358385575,0.02372506552555221,0.12258582024343916,0.22070437694019615,0.023794392884876933,0.8618153413351305,4.5958368925644795,0.17108474088052072,0.10972084214772534,0.08772340616695734
20250409,dodson,MC_withKanga,0.7866666666666666,20,follower,0.36470588235294116,1.3076923076923077,85.0,65.0,0.5387700534759358,63,3.466666666666667,3.479898119622495,0.440710900836602,7.896101759717312,0.029242841341365504,0.10909065050142319,0.35859129619923014,0.044952296217411813,0.41719374742508863,2.6317954343519867,0.17108474088052072,0.10972084214772534,0.08772340616695734
20250409,dodson,MC_withKanga,0.7866666666666666,20,follower,0.36470588235294116,1.3076923076923077,85.0,65.0,0.5387700534759358,64,4.5,3.7768310184805056,0.41811665923563474,9.032959904981988,0.03173807578555047,0.10949938926875616,0.38057301707784175,0.05765385889165442,0.5377132593635926,2.655911688584649,0.17108474088052072,0.10972084214772534,0.08772340616695734
20250409,dodson,MC_withKanga,0.7866666666666666,20,follower,0.36470588235294116,1.3076923076923077,85.0,65.0,0.5387700534759358,65,1.5333333333333334,3.253491079892825,0.5317641902176158,6.118296680642199,0.02734026117556996,0.09943262029232482,0.29126990139188536,0.03883614877031045,0.46746028339146733,3.241289613060735,0.17108474088052072,0.10972084214772534,0.08772340616695734
20250409,dodson,MC_withKanga,0.7866666666666666,20,follower,0.36470588235294116,1.3076923076923077,85.0,65.0,0.5387700534759358,66,2.6,4.083280459672066,1.1041307453241498,3.6981856333266943,0.03431328117371484,0.11693095111940399,0.37224699714394777,0.06850986306518542,0.4440048109610936,2.656888675256368,0.17108474088052072,0.10972084214772534,0.08772340616695734
20250409,dodson,MC_withKanga,0.7866666666666666,20,follower,0.36470588235294116,1.3076923076923077,85.0,65.0,0.5387700534759358,67,4.533333333333333,4.168026593953251,1.006080015070527,4.14283807601632,0.035025433562632366,0.10058734993146459,0.4351446257474393,0.05093717129739032,0.5091140350138942,2.1729925839287176,0.17108474088052072,0.10972084214772534,0.08772340616695734
20250409,dodson,MC_withKanga,0.7866666666666666,20,follower,0.36470588235294116,1.3076923076923077,85.0,65.0,0.5387700534759358,68,1.7666666666666666,3.9275596601521197,0.6477536859285365,6.063353625725918,0.0330047030264884,0.11401016986679444,0.39000150972840647,0.0903300412900368,0.6646467971998196,2.779380943915511,0.17108474088052072,0.10972084214772534,0.08772340616695734
20250409,dodson,MC_withKanga,0.7866666666666666,20,follower,0.36470588235294116,1.3076923076923077,85.0,65.0,0.5387700534759358,69,3.4,3.436641425166836,0.8233784257084521,4.173829818542886,0.028879339707284336,0.11348769257376265,0.33101965400785915,0.043997682315822614,0.7738680780581502,2.9084952363051113,0.17108474088052072,0.10972084214772534,0.08772340616695734
20250409,dodson,MC_withKanga,0.7866666666666666,20,follower,0.36470588235294116,1.3076923076923077,85.0,65.0,0.5387700534759358,70,4.366666666666666,3.0131785810713336,0.83837401811571,3.594074382032511,0.02532082841236415,0.10361667284722123,0.27718188078131656,0.02647663245226526,0.8154905091934839,3.5119560219724724,0.17108474088052072,0.10972084214772534,0.08772340616695734
20250409,dodson,MC_withKanga,0.7866666666666666,20,follower,0.36470588235294116,1.3076923076923077,85.0,65.0,0.5387700534759358,71,4.1,3.2243677229516803,0.47264091954516463,6.822024055925116,0.027095527083627564,0.09729422108341063,0.329123165926556,0.021637912589401145,0.8450897475814253,3.0028035144824923,0.17108474088052072,0.10972084214772534,0.08772340616695734
20250409,dodson,MC_withKanga,0.7866666666666666,20,follower,0.36470588235294116,1.3076923076923077,85.0,65.0,0.5387700534759358,72,4.0,3.7666114992289588,0.6304615633390392,5.97437134673254,0.03165219747251226,0.10238317609853476,0.32506363776913777,0.05694554643665881,0.5089489699390759,2.7565341810011192,0.17108474088052072,0.10972084214772534,0.08772340616695734
20250409,dodson,MC_withKanga,0.7866666666666666,20,follower,0.36470588235294116,1.3076923076923077,85.0,65.0,0.5387700534759358,73,2.566666666666667,3.3119180274867537,0.6356185400513729,5.210543460892556,0.027831243928460116,0.11601674634859147,0.31678852538240737,0.015279792617554511,0.27719122640616684,2.540000497606351,0.17108474088052072,0.10972084214772534,0.08772340616695734
20250409,dodson,MC_withKanga,0.7866666666666666,20,follower,0.36470588235294116,1.3076923076923077,85.0,65.0,0.5387700534759358,74,2.6,4.309868310015976,1.1960850516104664,3.603312577322961,0.036217380756436775,0.10401129321068278,0.42597774555551776,0.05260727588313892,0.6096411750458212,2.260021260738255,0.17108474088052072,0.10972084214772534,0.08772340616695734
20250409,dodson,MC_withKanga,0.7866666666666666,20,follower,0.36470588235294116,1.3076923076923077,85.0,65.0,0.5387700534759358,75,1.9666666666666666,3.767326637525921,1.4781188607374418,2.5487305098362527,0.03165820703803295,0.107962272059886,0.34605449194320764,0.04468210664513885,0.7639673029187304,2.5995963512727154,0.17108474088052072,0.10972084214772534,0.08772340616695734
20250409,dodson,MC_withKanga,0.7866666666666666,20,follower,0.36470588235294116,1.3076923076923077,85.0,65.0,0.5387700534759358,76,3.3666666666666667,3.430079920836414,0.28402526208563744,12.076671968010361,0.02882420101543205,0.09975343434022618,0.2847809727513696,0.022552014187754727,0.3624422487220361,3.4422130574707026,0.17108474088052072,0.10972084214772534,0.08772340616695734
20250409,dodson,MC_withKanga,0.7866666666666666,20,follower,0.36470588235294116,1.3076923076923077,85.0,65.0,0.5387700534759358,77,5.133333333333334,4.330129923270681,0.8547132024437756,5.066178819854516,0.03638764641403933,0.09614963707089869,0.4093886863321939,0.0810261509485509,0.5787982869351314,2.323373028500086,0.17108474088052072,0.10972084214772534,0.08772340616695734
20250409,dodson,MC_withKanga,0.7866666666666666,20,follower,0.36470588235294116,1.3076923076923077,85.0,65.0,0.5387700534759358,78,1.8333333333333333,3.1576212602363465,0.46108538334866,6.848235433758352,0.026534632438960894,0.12971390220244947,0.26205030568613635,0.030721215022932957,0.47433439829577656,4.049186779260704,0.17108474088052072,0.10972084214772534,0.08772340616695734
20250409,dodson,MC_withKanga,0.7866666666666666,20,follower,0.36470588235294116,1.3076923076923077,85.0,65.0,0.5387700534759358,79,3.3,3.131142782095433,0.6779876559506647,4.618288776519078,0.026312124219289353,0.12753541369703658,0.2826907095736479,0.01808371768998038,0.8296434474624532,3.312157531250579,0.17108474088052072,0.10972084214772534,0.08772340616695734
20250409,dodson,MC_withKanga,0.7866666666666666,20,follower,0.36470588235294116,1.3076923076923077,85.0,65.0,0.5387700534759358,80,3.2,3.354157510957308,0.13512174600218393,24.823225055892156,0.028186197571069813,0.11685813076578712,0.28278096033510697,0.046805317166755664,0.8577077405586365,3.511976739708821,0.17108474088052072,0.10972084214772534,0.08772340616695734
20250409,dodson,MC_withKanga,0.7866666666666666,20,follower,0.36470588235294116,1.3076923076923077,85.0,65.0,0.5387700534759358,81,1.8666666666666667,3.9905447267095746,0.8882004901494616,4.492842292890502,0.03353398930008046,0.09761420849404072,0.4156403738528052,0.04602902286321345,0.5466588479590845,2.2733318271419756,0.17108474088052072,0.10972084214772534,0.08772340616695734
20250409,dodson,MC_withKanga,0.7866666666666666,20,follower,0.36470588235294116,1.3076923076923077,85.0,65.0,0.5387700534759358,82,5.833333333333333,2.910353095633672,0.3909587929976097,7.444142829782742,0.024456748702803965,0.10915436456215688,0.30779053056399314,0.030277218131704756,0.37873293786141826,3.311660310311294,0.17108474088052072,0.10972084214772534,0.08772340616695734
20250415,dodson,MC_withKanga,0.6666666666666666,26,leader,0.24561403508771928,1.1875,57.0,48.0,0.3022941970310391,0,2.4,2.980279011388524,0.49795065614374223,5.985089033657611,0.025044361440239696,0.10484281275606795,0.24851566181493526,0.01659058036751414,0.4798694602860922,3.9370030074937903,0.1503073020745357,0.13416801996050773,0.09020756665411078
20250415,dodson,MC_withKanga,0.6666666666666666,26,leader,0.24561403508771928,1.1875,57.0,48.0,0.3022941970310391,1,2.1,3.7717677092057853,0.5643628542253935,6.6832316850170095,0.031695526968115846,0.1174426946233753,0.28318930508823875,0.039927032882114,0.22151115568588553,3.507212086353298,0.1503073020745357,0.13416801996050773,0.09020756665411078
20250415,dodson,MC_withKanga,0.6666666666666666,26,leader,0.24561403508771928,1.1875,57.0,48.0,0.3022941970310391,2,1.2333333333333334,3.59323956823131,0.6062930017718511,5.926572725943242,0.03019529048933874,0.12192243239015121,0.3101733309175669,0.06360573770752305,0.44571486903046237,3.190760199469888,0.1503073020745357,0.13416801996050773,0.09020756665411078
20250415,dodson,MC_withKanga,0.6666666666666666,26,leader,0.24561403508771928,1.1875,57.0,48.0,0.3022941970310391,3,1.8333333333333333,4.267028128814138,0.7972520579536777,5.352169475443439,0.03585737923373225,0.10461224287206448,0.40905472613118604,0.06902310808928226,0.3939553000932694,2.4259741473541534,0.1503073020745357,0.13416801996050773,0.09020756665411078
20250415,dodson,MC_withKanga,0.6666666666666666,26,leader,0.24561403508771928,1.1875,57.0,48.0,0.3022941970310391,4,1.9,3.627192013966314,0.2479602517284269,14.628118775822657,0.030480605159380787,0.11973893864073049,0.2741950574424029,0.039922589712299394,0.36484975894640015,3.512199908267872,0.1503073020745357,0.13416801996050773,0.09020756665411078
20250415,dodson,MC_withKanga,0.6666666666666666,26,leader,0.24561403508771928,1.1875,57.0,48.0,0.3022941970310391,5,4.1,4.892198183154581,0.16641585679606455,29.39742808973882,0.04111090910213933,0.11632344124377932,0.3867717756274799,0.0772794919978406,0.0810763930133097,2.578562177307052,0.1503073020745357,0.13416801996050773,0.09020756665411078
20250415,dodson,MC_withKanga,0.6666666666666666,26,leader,0.24561403508771928,1.1875,57.0,48.0,0.3022941970310391,6,4.266666666666667,4.885451397681093,0.3230963298304626,15.120726998801324,0.041054213425891536,0.11974345771403518,0.3780879672767257,0.05006607548556139,0.41673753205703634,2.4697690093914058,0.1503073020745357,0.13416801996050773,0.09020756665411078
20250415,dodson,MC_withKanga,0.6666666666666666,26,leader,0.24561403508771928,1.1875,57.0,48.0,0.3022941970310391,7,2.1666666666666665,4.0532182891724755,0.6902382262303481,5.872201995112083,0.03406065789220568,0.09648545345683968,0.3461341407390016,0.054391491130001766,0.19412373385281084,2.9850710061224066,0.1503073020745357,0.13416801996050773,0.09020756665411078
20250415,dodson,MC_withKanga,0.6666666666666666,26,leader,0.24561403508771928,1.1875,57.0,48.0,0.3022941970310391,8,3.6333333333333333,3.938547024560983,0.4697745165789596,8.383909483304194,0.033097033819840194,0.1120599445967926,0.328696273151549,0.04836391714565191,0.3028262924723974,2.8995057942266733,0.1503073020745357,0.13416801996050773,0.09020756665411078
20250415,dodson,MC_withKanga,0.6666666666666666,26,leader,0.24561403508771928,1.1875,57.0,48.0,0.3022941970310391,9,3.3,4.2246874904861675,0.9209243444316106,4.587442514719948,0.03550157555030393,0.14538187331204455,0.32767755233306695,0.10010791760066802,0.48898612406570235,2.947055775480282,0.1503073020745357,0.13416801996050773,0.09020756665411078
20250415,dodson,MC_withKanga,0.6666666666666666,26,leader,0.24561403508771928,1.1875,57.0,48.0,0.3022941970310391,10,3.933333333333333,5.116474138734902,0.41457658954052845,12.341444905042623,0.04299558099777229,0.10984818860629046,0.39533655805270523,0.07654865383622504,0.19650635551561013,2.487509759682137,0.1503073020745357,0.13416801996050773,0.09020756665411078
20250415,dodson,MC_withKanga,0.6666666666666666,26,leader,0.24561403508771928,1.1875,57.0,48.0,0.3022941970310391,11,2.2333333333333334,3.5666431727432273,0.5427632118308084,6.571269192531476,0.029971791367590147,0.1012344199907105,0.3297600185161912,0.065251868530693,0.3891159621077151,3.083511947831359,0.1503073020745357,0.13416801996050773,0.09020756665411078
20250415,dodson,MC_withKanga,0.6666666666666666,26,leader,0.24561403508771928,1.1875,57.0,48.0,0.3022941970310391,12,2.3333333333333335,2.5808941162615744,0.4868158010878561,5.30158246814137,0.0216881858509376,0.12910730819837068,0.24352735333294975,0.022034598006904375,0.7386266374892726,4.118727177550625,0.1503073020745357,0.13416801996050773,0.09020756665411078
20250415,dodson,MC_withKanga,0.6666666666666666,26,leader,0.24561403508771928,1.1875,57.0,48.0,0.3022941970310391,13,3.1666666666666665,3.5781649477394937,0.403700920144962,8.863405479617526,0.03006861300621423,0.11626488863812214,0.28926457906341707,0.05931797835284514,0.28130995232255823,3.4650112066644443,0.1503073020745357,0.13416801996050773,0.09020756665411078
20250415,dodson,MC_withKanga,0.6666666666666666,26,leader,0.24561403508771928,1.1875,57.0,48.0,0.3022941970310391,14,2.4,4.135403650353986,1.1834133758603826,3.49447093865016,0.03475129117944526,0.1002411579111729,0.4062345878906346,0.09281933435261605,0.42116373346608865,2.642698884746421,0.1503073020745357,0.13416801996050773,0.09020756665411078
20250415,dodson,MC_withKanga,0.6666666666666666,26,leader,0.24561403508771928,1.1875,57.0,48.0,0.3022941970310391,15,2.3666666666666667,5.851957999868598,0.9581519993203462,6.107546614753834,0.04917611764595461,0.09823058217771412,0.4561320202239855,0.2115395246532083,0.27062418466570876,2.140633138100755,0.1503073020745357,0.13416801996050773,0.09020756665411078
20250415,dodson,MC_withKanga,0.6666666666666666,26,leader,0.24561403508771928,1.1875,57.0,48.0,0.3022941970310391,16,3.3333333333333335,4.117341776350665,0.981494566314792,4.1949715440708015,0.03459951072563584,0.11464264206354342,0.37709405321721606,0.04908187144429094,0.5649010745779784,2.7568643792394467,0.1503073020745357,0.13416801996050773,0.09020756665411078
20250415,dodson,MC_withKanga,0.6666666666666666,26,leader,0.24561403508771928,1.1875,57.0,48.0,0.3022941970310391,17,1.4333333333333333,3.559989609297297,0.3098398485569248,11.489773267957313,0.029915879069725183,0.12923357094716043,0.2740343454809463,0.032095222668418494,0.19198003606137765,3.7494137592225627,0.1503073020745357,0.13416801996050773,0.09020756665411078
20250415,dodson,MC_withKanga,0.6666666666666666,26,leader,0.24561403508771928,1.1875,57.0,48.0,0.3022941970310391,18,3.8666666666666667,6.892035904915101,0.7228800757283694,9.53413454917917,0.05791626810853026,0.10833736932026947,0.5556011831661818,0.22079112669199333,0.15327973969730338,1.798362196978242,0.1503073020745357,0.13416801996050773,0.09020756665411078
20250415,dodson,MC_withKanga,0.6666666666666666,26,leader,0.24561403508771928,1.1875,57.0,48.0,0.3022941970310391,19,4.133333333333334,6.497975301327703,0.9402247898032241,6.911086978133855,0.054604834464938676,0.10654938958654714,0.5936316359538171,0.051004295657475156,0.10384462243220786,1.8902391688812261,0.1503073020745357,0.13416801996050773,0.09020756665411078
20250415,dodson,MC_withKanga,0.6666666666666666,26,leader,0.24561403508771928,1.1875,57.0,48.0,0.3022941970310391,20,3.3666666666666667,7.159064165510006,1.2697533605346945,5.638153351683445,0.06016020307151265,0.12336419117313896,0.6054786878200488,0.22193937036079642,0.18254437636474372,1.6110285465965803,0.1503073020745357,0.13416801996050773,0.09020756665411078
20250415,dodson,MC_withKanga,0.6666666666666666,26,leader,0.24561403508771928,1.1875,57.0,48.0,0.3022941970310391,21,3.6,7.13316784754061,1.0539331658458886,6.76814059819013,0.05994258695412278,0.09781192846536226,0.5881022249517636,0.2893915954952904,0.10640864584930927,1.7437852082491843,0.1503073020745357,0.13416801996050773,0.09020756665411078
20250415,dodson,MC_withKanga,0.6666666666666666,26,leader,0.24561403508771928,1.1875,57.0,48.0,0.3022941970310391,22,2.3,5.08970914673567,0.5265075104884313,9.66692600835654,0.04277066509861908,0.11739834938607671,0.45493144594674473,0.10672680928879812,0.32173299235160957,2.1385776313232756,0.1503073020745357,0.13416801996050773,0.09020756665411078
20250415,dodson,MC_withKanga,0.6666666666666666,26,leader,0.24561403508771928,1.1875,57.0,48.0,0.3022941970310391,23,3.433333333333333,5.1166994194952045,0.5116557398589477,10.000277571215689,0.04299747411340508,0.10713254223018208,0.3873191311764779,0.13504879468755945,0.15685828345989122,2.6001479624814325,0.1503073020745357,0.13416801996050773,0.09020756665411078
20250415,dodson,MC_withKanga,0.6666666666666666,26,leader,0.24561403508771928,1.1875,57.0,48.0,0.3022941970310391,24,3.433333333333333,9.848436927476099,2.180972145929329,4.515617930223315,0.08275997418047142,0.09254712588432493,0.8999096596476918,0.6430304831844885,0.17424727668352213,1.1325000138815753,0.1503073020745357,0.13416801996050773,0.09020756665411078
20250415,dodson,MC_withKanga,0.6666666666666666,26,leader,0.24561403508771928,1.1875,57.0,48.0,0.3022941970310391,25,2.566666666666667,7.1377358851307315,1.405969843247693,5.076734696274179,0.059980973824628,0.12114338059319091,0.5443169774248986,0.2921744759607237,0.2904022533705872,1.7678472603190998,0.1503073020745357,0.13416801996050773,0.09020756665411078
20250415,dodson,MC_withKanga,0.6666666666666666,26,leader,0.24561403508771928,1.1875,57.0,48.0,0.3022941970310391,26,1.8333333333333333,6.313742608473143,0.5243658332626979,12.040720824978067,0.05305666057540457,0.10241409879907655,0.5289885634327642,0.12274835832603542,0.31222075753269435,1.9135944149673634,0.1503073020745357,0.13416801996050773,0.09020756665411078
20250415,dodson,MC_withKanga,0.6666666666666666,26,leader,0.24561403508771928,1.1875,57.0,48.0,0.3022941970310391,27,1.3666666666666667,2.4409797168017806,0.7849606972940151,3.1096839946465327,0.020512434594972945,0.12193365631343085,0.215258326261574,0.016781185439195163,0.9521946370992994,4.71006838057141,0.1503073020745357,0.13416801996050773,0.09020756665411078
20250415,dodson,MC_withKanga,0.6666666666666666,26,leader,0.24561403508771928,1.1875,57.0,48.0,0.3022941970310391,28,3.2333333333333334,3.4258975534044174,0.6490833155715533,5.278055175994976,0.028789055070625357,0.11234848812174622,0.28395996599629325,0.05591911398821262,0.47742065174521064,3.3999587294921363,0.1503073020745357,0.13416801996050773,0.09020756665411078
20250415,dodson,MC_withKanga,0.6666666666666666,26,leader,0.24561403508771928,1.1875,57.0,48.0,0.3022941970310391,29,1.5333333333333334,3.255173284505623,0.5166315719143499,6.300763370778439,0.02735439734878675,0.10913644259882344,0.32139998702181033,0.031131803925160424,0.659644471358699,3.040363207844021,0.1503073020745357,0.13416801996050773,0.09020756665411078
20250415,dodson,MC_withKanga,0.6666666666666666,26,leader,0.24561403508771928,1.1875,57.0,48.0,0.3022941970310391,30,1.3666666666666667,3.896393628224771,0.2722974425966569,14.309328765883198,0.032742803598527485,0.11183000708248479,0.30015295045432305,0.04691310597533515,0.17933637800049584,3.3456075716262834,0.1503073020745357,0.13416801996050773,0.09020756665411078
20250415,dodson,MC_withKanga,0.6666666666666666,26,leader,0.24561403508771928,1.1875,57.0,48.0,0.3022941970310391,31,2.2,4.617961372312769,0.9463026183037618,4.880004855730421,0.038806398086661927,0.10596671554259195,0.44323774113846437,0.07292915488873533,0.4656391285623416,2.2858386858639395,0.1503073020745357,0.13416801996050773,0.09020756665411078
20250415,dodson,MC_withKanga,0.6666666666666666,26,leader,0.24561403508771928,1.1875,57.0,48.0,0.3022941970310391,32,4.4,4.574676012576075,0.4859091990965184,9.41467257891404,0.03844265556786617,0.10969024996273759,0.37982126555525386,0.11911980060085282,0.24709599136523858,2.645523052225024,0.1503073020745357,0.13416801996050773,0.09020756665411078
20250415,dodson,MC_withKanga,0.6666666666666666,26,leader,0.24561403508771928,1.1875,57.0,48.0,0.3022941970310391,33,1.7,4.520916655539434,0.9925637972852374,4.554786974806657,0.03799089626503726,0.1361553879167475,0.3655822662176154,0.08344502843070926,0.39647838838223703,2.547569418084937,0.1503073020745357,0.13416801996050773,0.09020756665411078
20250415,dodson,MC_withKanga,0.6666666666666666,26,leader,0.24561403508771928,1.1875,57.0,48.0,0.3022941970310391,34,2.4,5.893085819163193,1.1231666475325905,5.24684901577991,0.04952172957279995,0.09582935505120728,0.48407361446635794,0.18061915867908548,0.24734132381829493,2.0727815404617287,0.1503073020745357,0.13416801996050773,0.09020756665411078
20250415,dodson,MC_withKanga,0.6666666666666666,26,leader,0.24561403508771928,1.1875,57.0,48.0,0.3022941970310391,35,1.8333333333333333,6.688611672579343,0.523752055672459,12.770568821904975,0.05620682077797767,0.10534082681004998,0.5374127412922295,0.11313136346671768,0.08776276894388195,1.8719106283801443,0.1503073020745357,0.13416801996050773,0.09020756665411078
20250415,dodson,MC_withKanga,0.6666666666666666,26,leader,0.24561403508771928,1.1875,57.0,48.0,0.3022941970310391,36,3.533333333333333,7.466115888145713,1.1932605486776602,6.25690331958051,0.0627404696482833,0.1055367647753473,0.6294882328114352,0.3915428144557644,0.1846715555948634,1.5761187972305224,0.1503073020745357,0.13416801996050773,0.09020756665411078
20250415,dodson,MC_withKanga,0.6666666666666666,26,leader,0.24561403508771928,1.1875,57.0,48.0,0.3022941970310391,37,1.7666666666666666,6.252995894292707,0.9006208902421009,6.942983404051181,0.052546183985653,0.11274370166134738,0.5550714134978318,0.33104048583531404,0.28409304643762984,1.765626944712713,0.1503073020745357,0.13416801996050773,0.09020756665411078
20250415,dodson,MC_withKanga,0.6666666666666666,26,leader,0.24561403508771928,1.1875,57.0,48.0,0.3022941970310391,38,2.8666666666666667,6.2912480308954395,1.3270692050443724,4.740708327027363,0.05286763051172638,0.1020289784904907,0.5043408097017382,0.29512761051782516,0.2833002707816893,1.9326368214844551,0.1503073020745357,0.13416801996050773,0.09020756665411078
20250415,dodson,MC_withKanga,0.6666666666666666,26,leader,0.24561403508771928,1.1875,57.0,48.0,0.3022941970310391,39,2.433333333333333,6.476993307703837,1.0481865240410193,6.179237339107757,0.05442851519078855,0.10956580187316058,0.5337116796469458,0.17355315255715428,0.2780037010947379,1.8498074020601138,0.1503073020745357,0.13416801996050773,0.09020756665411078
20250415,dodson,MC_withKanga,0.6666666666666666,26,leader,0.24561403508771928,1.1875,57.0,48.0,0.3022941970310391,40,2.566666666666667,4.955804798688647,1.4470215813560956,3.424831296603226,0.041645418476375186,0.10643242583680418,0.4346844639250981,0.11398585661337156,0.48537190440497546,2.368472078502279,0.1503073020745357,0.13416801996050773,0.09020756665411078
20250415,dodson,MC_withKanga,0.6666666666666666,26,leader,0.24561403508771928,1.1875,57.0,48.0,0.3022941970310391,41,2.033333333333333,3.7147975445222885,1.082487232235644,3.4317241200620674,0.031216786088422592,0.1434613259324769,0.33803406116471724,0.05501157184152706,0.708036123992108,3.0694339137692475,0.1503073020745357,0.13416801996050773,0.09020756665411078
20250415,dodson,MC_withKanga,0.6666666666666666,26,leader,0.24561403508771928,1.1875,57.0,48.0,0.3022941970310391,42,3.2,5.425748490735496,0.4712220949257084,11.514206462646674,0.04559452513223106,0.10591047983107636,0.47786044446418985,0.11869668062929899,0.1047308101473781,2.1524952828260537,0.1503073020745357,0.13416801996050773,0.09020756665411078
20250415,dodson,MC_withKanga,0.6666666666666666,26,leader,0.24561403508771928,1.1875,57.0,48.0,0.3022941970310391,43,3.5,3.970765379745472,0.17642544255053288,22.506761623160674,0.03336777630038212,0.12187506773849531,0.3105327517811363,0.022609536947355107,0.08691930737293593,3.2893082497731743,0.1503073020745357,0.13416801996050773,0.09020756665411078
20250415,dodson,MC_withKanga,0.6666666666666666,26,leader,0.24561403508771928,1.1875,57.0,48.0,0.3022941970310391,44,2.9,4.115969807463298,0.7508996255970776,5.481384817831659,0.03458798157532183,0.11644297493936982,0.3565757065592274,0.08772475027256438,0.503021630023602,2.894006469995294,0.1503073020745357,0.13416801996050773,0.09020756665411078
20250415,dodson,MC_withKanga,0.6666666666666666,26,leader,0.24561403508771928,1.1875,57.0,48.0,0.3022941970310391,45,2.3333333333333335,3.18542392620148,0.6200757913529404,5.137152539452022,0.026768268287407394,0.11263892019838045,0.3032992093362557,0.03793555155023399,0.5757235825980656,3.493174809865268,0.1503073020745357,0.13416801996050773,0.09020756665411078
20250415,dodson,MC_withKanga,0.6666666666666666,26,leader,0.24561403508771928,1.1875,57.0,48.0,0.3022941970310391,46,2.1333333333333333,6.835003346832377,0.3432044987528108,19.915249863187874,0.05743700291455779,0.1081190801022957,0.5074347487492282,0.1232433377722216,0.09656220944497304,1.93631488099919,0.1503073020745357,0.13416801996050773,0.09020756665411078
20250415,dodson,MC_withKanga,0.6666666666666666,26,leader,0.24561403508771928,1.1875,57.0,48.0,0.3022941970310391,47,2.433333333333333,5.100260777605177,0.7845301799404666,6.501038338629887,0.04285933426558972,0.10686705337329577,0.42203500310483383,0.09112839442053584,0.24925508027999127,2.4027091977176895,0.1503073020745357,0.13416801996050773,0.09020756665411078
20250415,dodson,MC_withKanga,0.6666666666666666,26,leader,0.24561403508771928,1.1875,57.0,48.0,0.3022941970310391,48,3.2666666666666666,5.687283760099481,0.6179801448338496,9.203020206464023,0.04779230050503765,0.1033050041381074,0.5085456485748232,0.1527433469573128,0.19660840166260987,2.0081923404423105,0.1503073020745357,0.13416801996050773,0.09020756665411078
20250415,dodson,MC_withKanga,0.6666666666666666,26,leader,0.24561403508771928,1.1875,57.0,48.0,0.3022941970310391,49,3.7666666666666666,4.037044937880998,0.47419530232927853,8.513464637989383,0.03392474737715124,0.12207448339678602,0.35655540287615345,0.05648955772014952,0.5367395867855348,2.762732187656936,0.1503073020745357,0.13416801996050773,0.09020756665411078
20250415,dodson,MC_withKanga,0.6666666666666666,26,leader,0.24561403508771928,1.1875,57.0,48.0,0.3022941970310391,50,2.533333333333333,5.095676785387942,0.583576075312173,8.731812356533132,0.04282081332258775,0.11334710019969681,0.39346461498862184,0.127427144926624,0.16279710168446648,2.5558031570759283,0.1503073020745357,0.13416801996050773,0.09020756665411078
20250415,dodson,MC_withKanga,0.6666666666666666,26,leader,0.24561403508771928,1.1875,57.0,48.0,0.3022941970310391,51,2.433333333333333,6.405864357583639,1.2554340093437408,5.102509817248147,0.05383079292087092,0.10628882224546793,0.5481843915017934,0.0859324116126015,0.30757753919520386,1.8031427624145153,0.1503073020745357,0.13416801996050773,0.09020756665411078
20250415,dodson,MC_withKanga,0.6666666666666666,26,leader,0.24561403508771928,1.1875,57.0,48.0,0.3022941970310391,52,3.8666666666666667,4.504511567747428,0.681492322080117,6.60977596049552,0.037853038384432165,0.11266636957711039,0.4148889683991444,0.03883348546048554,0.25056017165471534,2.5855012335276517,0.1503073020745357,0.13416801996050773,0.09020756665411078
20250415,dodson,MC_withKanga,0.6666666666666666,26,leader,0.24561403508771928,1.1875,57.0,48.0,0.3022941970310391,53,2.7666666666666666,3.935233447159676,0.49617621466177786,7.931120700419219,0.033069188631593915,0.11743826694943334,0.32713934752968055,0.026574501808399306,0.266408095388487,2.7440409053209764,0.1503073020745357,0.13416801996050773,0.09020756665411078
20250415,dodson,MC_withKanga,0.6666666666666666,26,leader,0.24561403508771928,1.1875,57.0,48.0,0.3022941970310391,54,2.033333333333333,5.4293541441066955,0.9030070336105878,6.012526970468811,0.0456248247403924,0.11717871631440767,0.47853541105639225,0.11057930673024463,0.3096376672019414,2.0644431508934225,0.1503073020745357,0.13416801996050773,0.09020756665411078
20250415,dodson,MC_withKanga,0.6666666666666666,26,leader,0.24561403508771928,1.1875,57.0,48.0,0.3022941970310391,55,5.4,7.5288144958250545,0.9974892327995434,7.547765177068387,0.06326734870441222,0.11550703094250517,0.5873553991750081,0.06742046151958704,0.0723700956453142,1.7003999511838825,0.1503073020745357,0.13416801996050773,0.09020756665411078
20250415,dodson,MC_withKanga,0.6666666666666666,26,leader,0.24561403508771928,1.1875,57.0,48.0,0.3022941970310391,56,2.1666666666666665,4.469516864573533,0.8664886507002308,5.158194352530304,0.03755896524851709,0.10940323701628868,0.42419497727280425,0.04913363694141992,0.5149199099403969,2.3797309907848243,0.1503073020745357,0.13416801996050773,0.09020756665411078
20250417,dodson,MC_withKanga,0.4881889763779528,25,leader,0.421875,1.0158730158730158,64.0,63.0,0.857358870967742,0,4.0,3.7918420690587427,1.0409840067202494,3.642555548000604,0.03186421906772053,0.0926045161601866,0.3802832292743343,0.039613015517964915,0.6164029030595637,2.753959612431398,0.12359794359846633,0.10539749916986889,0.0830095062569564
20250417,dodson,MC_withKanga,0.4881889763779528,25,leader,0.421875,1.0158730158730158,64.0,63.0,0.857358870967742,1,2.0,3.9508954970128007,0.7404024143938397,5.336146155394916,0.03320080249590589,0.10352962582566838,0.3585530119434902,0.10006821881559685,0.33187781076943407,2.8577198872069944,0.12359794359846633,0.10539749916986889,0.0830095062569564
20250417,dodson,MC_withKanga,0.4881889763779528,25,leader,0.421875,1.0158730158730158,64.0,63.0,0.857358870967742,2,2.3333333333333335,5.04270119002963,0.7772016248302871,6.4882792687557425,0.042375640252349835,0.10651431961774338,0.4638685314130831,0.1302664050851619,0.31565370286729744,2.2123059719748666,0.12359794359846633,0.10539749916986889,0.0830095062569564
20250417,dodson,MC_withKanga,0.4881889763779528,25,leader,0.421875,1.0158730158730158,64.0,63.0,0.857358870967742,3,1.3,3.4899267927925797,0.8365813269093519,4.171652749752006,0.029327115905819996,0.14244856406728015,0.2636707167561542,0.04198696470142123,0.5776437507588638,3.79833510525354,0.12359794359846633,0.10539749916986889,0.0830095062569564
20250417,dodson,MC_withKanga,0.4881889763779528,25,leader,0.421875,1.0158730158730158,64.0,63.0,0.857358870967742,4,2.8333333333333335,3.5577666539747996,1.0295592304240313,3.455621152082244,0.029897198772897475,0.13029095955179293,0.31557187106692425,0.047545231316179104,0.6605505344191744,3.171793877780699,0.12359794359846633,0.10539749916986889,0.0830095062569564
20250417,dodson,MC_withKanga,0.4881889763779528,25,leader,0.421875,1.0158730158730158,64.0,63.0,0.857358870967742,5,1.8666666666666667,5.829058895805464,0.8094832703148164,7.200962774114508,0.04898368820004592,0.11074902816689612,0.44068157534064967,0.13430055445945682,0.2571942572506221,2.240199373579931,0.12359794359846633,0.10539749916986889,0.0830095062569564
20250417,dodson,MC_withKanga,0.4881889763779528,25,leader,0.421875,1.0158730158730158,64.0,63.0,0.857358870967742,6,2.2666666666666666,3.909763405340588,1.0635688727730097,3.676079194708646,0.03285515466672763,0.11400681014502452,0.4114610011602165,0.04522007674398589,0.6541888459506857,2.585080839538105,0.12359794359846633,0.10539749916986889,0.0830095062569564
20250417,dodson,MC_withKanga,0.4881889763779528,25,leader,0.421875,1.0158730158730158,64.0,63.0,0.857358870967742,7,1.8666666666666667,3.8693881073455323,1.188200670026241,3.256510625650529,0.032515866448281784,0.09668509706622558,0.3585170436275496,0.03492815927122698,0.6128882186917699,2.8409775528027605,0.12359794359846633,0.10539749916986889,0.0830095062569564
20250417,dodson,MC_withKanga,0.4881889763779528,25,leader,0.421875,1.0158730158730158,64.0,63.0,0.857358870967742,8,2.4,3.406169975077776,0.9430751657871812,3.6117693463327063,0.028623277101493916,0.09254024340286449,0.327312813784798,0.032717053944522796,0.5406066246919415,3.144786219848653,0.12359794359846633,0.10539749916986889,0.0830095062569564
20250417,dodson,MC_withKanga,0.4881889763779528,25,leader,0.421875,1.0158730158730158,64.0,63.0,0.857358870967742,9,3.466666666666667,4.512733416674588,0.6630224381734392,6.806305724896308,0.03792212955188729,0.0984518952997148,0.3807103785945084,0.028939118019735074,0.14820085641267944,2.689999055805815,0.12359794359846633,0.10539749916986889,0.0830095062569564
20250417,dodson,MC_withKanga,0.4881889763779528,25,leader,0.421875,1.0158730158730158,64.0,63.0,0.857358870967742,10,2.966666666666667,4.786870004925951,0.7458071443572059,6.418375100243434,0.04022579836072227,0.10596648880682528,0.42021280684234597,0.03829605801670545,0.3103202293972485,2.3717212275024266,0.12359794359846633,0.10539749916986889,0.0830095062569564
20250417,dodson,MC_withKanga,0.4881889763779528,25,leader,0.421875,1.0158730158730158,64.0,63.0,0.857358870967742,11,4.133333333333334,5.292822930496334,1.1105531428419604,4.765933953373667,0.04447750361761626,0.09584524266947486,0.47933161279697634,0.14915258036561094,0.33327230382953366,2.0446325832233163,0.12359794359846633,0.10539749916986889,0.0830095062569564
20250417,dodson,MC_withKanga,0.4881889763779528,25,leader,0.421875,1.0158730158730158,64.0,63.0,0.857358870967742,12,1.5,3.861738884535021,0.49692012144816605,7.77134738130712,0.03245158726500018,0.10786540414663522,0.31354524793225497,0.04706504777925943,0.2202113142365128,3.1150420647734895,0.12359794359846633,0.10539749916986889,0.0830095062569564
20250417,dodson,MC_withKanga,0.4881889763779528,25,leader,0.421875,1.0158730158730158,64.0,63.0,0.857358870967742,13,3.2666666666666666,4.712958259840986,0.303545349495904,15.526372806131828,0.03960469125916795,0.10450671191208569,0.38062651994555596,0.06033428508950202,0.04320047873653648,2.6888148628067183,0.12359794359846633,0.10539749916986889,0.0830095062569564
20250417,dodson,MC_withKanga,0.4881889763779528,25,leader,0.421875,1.0158730158730158,64.0,63.0,0.857358870967742,14,3.7666666666666666,4.662185583555269,0.9153970284176032,5.093074850389819,0.03917803011390982,0.10468110569914961,0.4236187149717363,0.06019224550046593,0.46041345861506905,2.3236869299679905,0.12359794359846633,0.10539749916986889,0.0830095062569564
20250417,dodson,MC_withKanga,0.4881889763779528,25,leader,0.421875,1.0158730158730158,64.0,63.0,0.857358870967742,15,2.2666666666666666,5.137517289399592,0.8242478473391335,6.232976289819512,0.04317241419663523,0.11679743921131376,0.42870771529188956,0.09955062140484715,0.3282465410988516,2.4816045625721674,0.12359794359846633,0.10539749916986889,0.0830095062569564
20250417,dodson,MC_withKanga,0.4881889763779528,25,leader,0.421875,1.0158730158730158,64.0,63.0,0.857358870967742,16,1.8,4.958189094271525,0.7466376829521445,6.640689597486226,0.04166545457371029,0.11339826054065079,0.4109601380317746,0.06099732685661707,0.2668974634123681,2.3332146057340735,0.12359794359846633,0.10539749916986889,0.0830095062569564
20250417,dodson,MC_withKanga,0.4881889763779528,25,leader,0.421875,1.0158730158730158,64.0,63.0,0.857358870967742,17,3.3333333333333335,4.265076748338228,0.8744719509774989,4.877316812243842,0.03584098107847251,0.11015798741056629,0.3460113764304429,0.05330527176896615,0.29977033852403223,3.0064519215099614,0.12359794359846633,0.10539749916986889,0.0830095062569564
20250417,dodson,MC_withKanga,0.4881889763779528,25,leader,0.421875,1.0158730158730158,64.0,63.0,0.857358870967742,18,3.6,4.668795387732709,0.9734054427730577,4.79635225218399,0.03923357468682949,0.10639029975281658,0.4336278049447577,0.06546636678955878,0.4531867316108209,2.3545116381192637,0.12359794359846633,0.10539749916986889,0.0830095062569564
20250417,dodson,MC_withKanga,0.4881889763779528,25,leader,0.421875,1.0158730158730158,64.0,63.0,0.857358870967742,19,3.9,5.28172139307825,0.8515411166421013,6.202544175325045,0.044384213387212185,0.10928438069609263,0.43626738748603644,0.06348124943497446,0.20497261819045035,2.5001390933373395,0.12359794359846633,0.10539749916986889,0.0830095062569564
20250417,dodson,MC_withKanga,0.4881889763779528,25,leader,0.421875,1.0158730158730158,64.0,63.0,0.857358870967742,20,4.8,5.236951869366934,1.0906644088060455,4.801616177335286,0.04400799890224315,0.11902792808569981,0.5101900236639424,0.11005429528742912,0.5721710716878031,1.9314177384673008,0.12359794359846633,0.10539749916986889,0.0830095062569564
20250417,dodson,MC_withKanga,0.4881889763779528,25,leader,0.421875,1.0158730158730158,64.0,63.0,0.857358870967742,21,3.6,9.50208597465733,1.5849588233225684,5.995162672262988,0.07984946197191034,0.08981080411298556,0.8351739956496412,0.3530581011105863,0.20548631009919285,1.1272786414722633,0.12359794359846633,0.10539749916986889,0.0830095062569564
20250417,dodson,MC_withKanga,0.4881889763779528,25,leader,0.421875,1.0158730158730158,64.0,63.0,0.857358870967742,22,2.3,4.64363851213858,0.881966696055216,5.2650950800163345,0.039022172370912434,0.10600495764253402,0.43747442406145226,0.04367506683461586,0.49863945494724676,2.263559167962957,0.12359794359846633,0.10539749916986889,0.0830095062569564
20250417,dodson,MC_withKanga,0.4881889763779528,25,leader,0.421875,1.0158730158730158,64.0,63.0,0.857358870967742,23,4.9,6.128592959605919,1.3999136192350745,4.377836514623408,0.05150078117315899,0.10506642847776403,0.547584818249644,0.135607530356411,0.36805620165023567,1.7645863726391053,0.12359794359846633,0.10539749916986889,0.0830095062569564
20250417,dodson,MC_withKanga,0.4881889763779528,25,leader,0.421875,1.0158730158730158,64.0,63.0,0.857358870967742,24,2.433333333333333,5.138956831954812,1.613690127981328,3.184599535465631,0.04318451119289758,0.09394962716872228,0.5455786413084774,0.08110522238181218,0.4820182302896969,1.9729830800431043,0.12359794359846633,0.10539749916986889,0.0830095062569564
20250417,dodson,MC_withKanga,0.4881889763779528,25,leader,0.421875,1.0158730158730158,64.0,63.0,0.857358870967742,25,3.6,3.3489132648467193,0.514877134500665,6.504295958092103,0.02814212827602285,0.10596110848987746,0.2814083234856543,0.024822577271818275,0.4089666985717147,3.4517939271814977,0.12359794359846633,0.10539749916986889,0.0830095062569564
20250417,dodson,MC_withKanga,0.4881889763779528,25,leader,0.421875,1.0158730158730158,64.0,63.0,0.857358870967742,26,4.266666666666667,3.040178202272227,0.8253740748818134,3.683394347838651,0.0255477159854809,0.11309808680472018,0.29789468039376377,0.016113270742859526,0.8698406644988417,3.4876551465920214,0.12359794359846633,0.10539749916986889,0.0830095062569564
20250417,dodson,MC_withKanga,0.4881889763779528,25,leader,0.421875,1.0158730158730158,64.0,63.0,0.857358870967742,27,3.8,2.5706583502149027,0.6660056446160383,3.8598146592239826,0.021602171010209267,0.12288466100743935,0.22728796031154114,0.02101381099101603,0.7051264386403351,4.356073539566769,0.12359794359846633,0.10539749916986889,0.0830095062569564
20250417,dodson,MC_withKanga,0.4881889763779528,25,leader,0.421875,1.0158730158730158,64.0,63.0,0.857358870967742,28,1.6,3.4642199008492653,0.525962673927372,6.586436780735557,0.029111091603775337,0.11836498166396035,0.29658692253674096,0.032155172878884496,0.5001669021220858,3.331445744009657,0.12359794359846633,0.10539749916986889,0.0830095062569564
20250417,dodson,MC_withKanga,0.4881889763779528,25,leader,0.421875,1.0158730158730158,64.0,63.0,0.857358870967742,29,2.533333333333333,2.725578795653236,0.38353624085272436,7.106443942802897,0.022904023492884333,0.11591828816515368,0.21072338873333746,0.018594082607535388,0.48784321933977604,4.6264680560197675,0.12359794359846633,0.10539749916986889,0.0830095062569564
20250417,dodson,MC_withKanga,0.4881889763779528,25,leader,0.421875,1.0158730158730158,64.0,63.0,0.857358870967742,30,4.0,3.9009204747020565,0.8033525350751254,4.855801537163585,0.03278084432522736,0.10995541245799921,0.3760637850823514,0.04460977956247856,0.5720780073133689,2.74355249390122,0.12359794359846633,0.10539749916986889,0.0830095062569564
20250417,dodson,MC_withKanga,0.4881889763779528,25,leader,0.421875,1.0158730158730158,64.0,63.0,0.857358870967742,31,2.2666666666666666,2.384738316624708,0.363646508707356,6.557847413692132,0.02003981778676225,0.12380619692752483,0.21398824994981844,0.015257218192039596,0.5711391116865733,4.94298330203433,0.12359794359846633,0.10539749916986889,0.0830095062569564
20250417,dodson,MC_withKanga,0.4881889763779528,25,leader,0.421875,1.0158730158730158,64.0,63.0,0.857358870967742,32,3.9,2.5936185639869187,0.4302948501455202,6.027538008204816,0.02179511398308335,0.1198578415317251,0.22380592809070976,0.010423289033454458,0.46704392691116325,4.6131095536458275,0.12359794359846633,0.10539749916986889,0.0830095062569564
20250417,dodson,MC_withKanga,0.4881889763779528,25,leader,0.421875,1.0158730158730158,64.0,63.0,0.857358870967742,33,3.9,3.306610809077061,1.1770745846117843,2.8091769649139335,0.027786645454429083,0.09691771834352682,0.3133309705229675,0.042623103558578616,0.8571175746839116,3.093473186750695,0.12359794359846633,0.10539749916986889,0.0830095062569564
20250417,dodson,MC_withKanga,0.4881889763779528,25,leader,0.421875,1.0158730158730158,64.0,63.0,0.857358870967742,34,9.466666666666667,3.3771309648799517,0.9767382699553027,3.4575597872647044,0.02837925180571388,0.09535474125331629,0.3459428629610071,0.020620763126124965,0.6611653670201831,2.9590731756872537,0.12359794359846633,0.10539749916986889,0.0830095062569564
20250417,dodson,MC_withKanga,0.4881889763779528,25,leader,0.421875,1.0158730158730158,64.0,63.0,0.857358870967742,35,5.833333333333333,4.153879821099343,0.5156871467277212,8.055038500489443,0.03490655311848188,0.09749006977441078,0.3936966108863685,0.06875744016095058,0.46489453890538784,2.455163078789944,0.12359794359846633,0.10539749916986889,0.0830095062569564
20250417,dodson,MC_withKanga,0.4881889763779528,25,leader,0.421875,1.0158730158730158,64.0,63.0,0.857358870967742,36,7.933333333333334,3.7916300180200855,0.8033079583540396,4.72002048353791,0.03186243712621921,0.11599386103311073,0.3832835190832938,0.08190332044195928,0.7228229968074072,2.416964000598553,0.12359794359846633,0.10539749916986889,0.0830095062569564
20250417,dodson,MC_withKanga,0.4881889763779528,25,leader,0.421875,1.0158730158730158,64.0,63.0,0.857358870967742,37,3.933333333333333,6.521217462311908,1.1805743455298794,5.52376687415224,0.054800146742116876,0.09526705377938093,0.5849017259418109,0.11373824187635555,0.27319424676852194,1.6677500083799919,0.12359794359846633,0.10539749916986889,0.0830095062569564
20250417,dodson,MC_withKanga,0.4881889763779528,25,leader,0.421875,1.0158730158730158,64.0,63.0,0.857358870967742,38,4.3,6.592126750955698,1.5420045327937189,4.2750372069350835,0.055396023117274776,0.08657236852785015,0.6297600027811777,0.12004072448278,0.27308578246219756,1.6325627588221683,0.12359794359846633,0.10539749916986889,0.0830095062569564
20250417,dodson,MC_withKanga,0.4881889763779528,25,leader,0.421875,1.0158730158730158,64.0,63.0,0.857358870967742,39,7.933333333333334,4.361471299859503,0.5609433141628399,7.775244288932523,0.036651019326550446,0.10272295617800598,0.36980513814088595,0.03884670202437248,0.3082368871716047,2.693838352991181,0.12359794359846633,0.10539749916986889,0.0830095062569564
20250417,dodson,MC_withKanga,0.4881889763779528,25,leader,0.421875,1.0158730158730158,64.0,63.0,0.857358870967742,40,4.866666666666666,3.9181814559631887,0.5662857819144468,6.9190885257916275,0.032925894587925955,0.09018947390270939,0.33994653543879394,0.026966405340667913,0.27142749491824564,2.9256172656018173,0.12359794359846633,0.10539749916986889,0.0830095062569564
20250417,dodson,MC_withKanga,0.4881889763779528,25,leader,0.421875,1.0158730158730158,64.0,63.0,0.857358870967742,41,2.466666666666667,4.369918354778762,0.2501560086841732,17.468772298393475,0.036722002981334136,0.09420076755466948,0.33547224518971497,0.037779370747967556,0.13582885755929783,2.867218627255776,0.12359794359846633,0.10539749916986889,0.0830095062569564
20250417,dodson,MC_withKanga,0.4881889763779528,25,leader,0.421875,1.0158730158730158,64.0,63.0,0.857358870967742,42,3.566666666666667,2.725115925310696,0.5585417075128639,4.878983769082156,0.0229001338261403,0.10427612898877328,0.25692533064822104,0.012611151961531586,0.9260117843328965,3.7007749110023274,0.12359794359846633,0.10539749916986889,0.0830095062569564
20250417,dodson,MC_withKanga,0.4881889763779528,25,leader,0.421875,1.0158730158730158,64.0,63.0,0.857358870967742,43,1.9666666666666666,4.63615010054098,0.7370702157096776,6.289970754112115,0.038959244542361174,0.09335075961446439,0.4201170383220583,0.05165136592872854,0.31586789719712766,2.415128700694664,0.12359794359846633,0.10539749916986889,0.0830095062569564
20250417,dodson,MC_withKanga,0.4881889763779528,25,leader,0.421875,1.0158730158730158,64.0,63.0,0.857358870967742,44,2.8333333333333335,4.933306658248956,0.9160801369003169,5.385234827753691,0.0414563584726803,0.08662371321913587,0.4084486175688647,0.03599348296918773,0.18539454234902497,2.3948693903344993,0.12359794359846633,0.10539749916986889,0.0830095062569564
20250417,dodson,MC_withKanga,0.4881889763779528,25,leader,0.421875,1.0158730158730158,64.0,63.0,0.857358870967742,45,3.8666666666666667,3.7607000737466847,0.750238102715575,5.012675389498865,0.0316025216281234,0.11009883596318558,0.34260593343744067,0.014008096779265573,0.6374547668489462,3.112305077173166,0.12359794359846633,0.10539749916986889,0.0830095062569564
20250417,dodson,MC_withKanga,0.4881889763779528,25,leader,0.421875,1.0158730158730158,64.0,63.0,0.857358870967742,46,1.6,3.6096715288149936,0.9665176806424493,3.7347185686407998,0.030333374191722634,0.1083879103295191,0.3511876573508622,0.026087372418082348,0.7038749887673831,2.8743557348764623,0.12359794359846633,0.10539749916986889,0.0830095062569564
20250417,dodson,MC_withKanga,0.4881889763779528,25,leader,0.421875,1.0158730158730158,64.0,63.0,0.857358870967742,47,2.1333333333333333,2.5696946895144843,0.5344811850772387,4.807830025191875,0.02159407302113012,0.10015797380270594,0.2395643735015728,0.0031066925821699536,0.7540708009348673,4.35220136339891,0.12359794359846633,0.10539749916986889,0.0830095062569564
20250417,dodson,MC_withKanga,0.4881889763779528,25,leader,0.421875,1.0158730158730158,64.0,63.0,0.857358870967742,48,2.8666666666666667,4.584522960321729,0.5299201415096803,8.651346875136621,0.038525403027913685,0.08916001059408832,0.38838021743370027,0.03642745293680461,0.2064592406138155,2.545336732473237,0.12359794359846633,0.10539749916986889,0.0830095062569564
20250417,dodson,MC_withKanga,0.4881889763779528,25,leader,0.421875,1.0158730158730158,64.0,63.0,0.857358870967742,49,3.8666666666666667,3.2091733890091256,0.44169169850214646,7.265641169829526,0.026967843605118703,0.11020124620674918,0.2987769298290759,0.015529954290646943,0.4823815067716125,3.5593819878566366,0.12359794359846633,0.10539749916986889,0.0830095062569564
20250417,dodson,MC_withKanga,0.4881889763779528,25,leader,0.421875,1.0158730158730158,64.0,63.0,0.857358870967742,50,1.2666666666666666,3.395844044062127,0.38480753015158026,8.82478584222212,0.028536504571950647,0.10963620062186388,0.273489253070129,0.014672775935850426,0.29457877414236583,3.6386712066788287,0.12359794359846633,0.10539749916986889,0.0830095062569564
20250417,dodson,MC_withKanga,0.4881889763779528,25,leader,0.421875,1.0158730158730158,64.0,63.0,0.857358870967742,51,5.9,3.51313505335374,0.5358499913040647,6.556191304219381,0.029522143305493614,0.08873091161520634,0.3275073848845379,0.010396767738766945,0.31839759955346003,3.1475327010426026,0.12359794359846633,0.10539749916986889,0.0830095062569564
20250417,dodson,MC_withKanga,0.4881889763779528,25,leader,0.421875,1.0158730158730158,64.0,63.0,0.857358870967742,52,5.033333333333333,4.886501193007183,0.6776187514643008,7.211283900346166,0.04106303523535448,0.08831450242451103,0.416524270465261,0.03825635883867929,0.24325500961472765,2.367432500915824,0.12359794359846633,0.10539749916986889,0.0830095062569564
20250417,dodson,MC_withKanga,0.4881889763779528,25,leader,0.421875,1.0158730158730158,64.0,63.0,0.857358870967742,53,12.8,4.597131846691402,0.4343716505189866,10.583406723709423,0.038631360056230274,0.09482162680724024,0.4021201937158079,0.025835946453199005,0.29082244093082166,2.4546151034498176,0.12359794359846633,0.10539749916986889,0.0830095062569564
20250417,dodson,MC_withKanga,0.4881889763779528,25,leader,0.421875,1.0158730158730158,64.0,63.0,0.857358870967742,54,3.033333333333333,3.2208740933513362,0.6280692632500432,5.128214803387156,0.027066168851691903,0.13202711556424426,0.2811532888266572,0.017693495698734307,0.6869192480595763,3.5335787025030134,0.12359794359846633,0.10539749916986889,0.0830095062569564
20250417,dodson,MC_withKanga,0.4881889763779528,25,leader,0.421875,1.0158730158730158,64.0,63.0,0.857358870967742,55,2.533333333333333,3.9269522381821957,0.6546365615458452,5.99867540075851,0.03299959864018652,0.09667188179117675,0.33715461766333205,0.036437581991270326,0.4032675727951607,3.0254951931813654,0.12359794359846633,0.10539749916986889,0.0830095062569564
20250417,dodson,MC_withKanga,0.4881889763779528,25,leader,0.421875,1.0158730158730158,64.0,63.0,0.857358870967742,56,2.6333333333333333,3.5466707129440156,1.048964195792107,3.3811170363787384,0.029803955570958114,0.10295517325945767,0.342275331752788,0.03194771316336149,0.6862037238628667,2.972795790988859,0.12359794359846633,0.10539749916986889,0.0830095062569564
20250417,dodson,MC_withKanga,0.4881889763779528,25,leader,0.421875,1.0158730158730158,64.0,63.0,0.857358870967742,57,3.9,4.416908501503135,0.6443479610663331,6.854849814677123,0.03711687816389189,0.09413711597453696,0.3744134042910975,0.04374488611752672,0.2554282261965357,2.6457300323495776,0.12359794359846633,0.10539749916986889,0.0830095062569564
20250417,dodson,MC_withKanga,0.4881889763779528,25,leader,0.421875,1.0158730158730158,64.0,63.0,0.857358870967742,58,8.066666666666666,3.1359532226749613,0.45761733279313255,6.852785062869503,0.02635254808970556,0.094664964757265,0.2877893183137663,0.007738814126539154,0.5348833588062315,3.4950061694386942,0.12359794359846633,0.10539749916986889,0.0830095062569564
20250417,dodson,MC_withKanga,0.4881889763779528,25,leader,0.421875,1.0158730158730158,64.0,63.0,0.857358870967742,59,1.5666666666666667,3.442474841715178,0.5999843327069503,5.737607890832346,0.02892836001441326,0.09857441680985754,0.32328254960973657,0.05611986248130202,0.5269571224448905,3.0480061070460374,0.12359794359846633,0.10539749916986889,0.0830095062569564
20250417,dodson,MC_withKanga,0.4881889763779528,25,leader,0.421875,1.0158730158730158,64.0,63.0,0.857358870967742,60,10.133333333333333,3.6205361298071304,0.4089018090512907,8.85429227668931,0.030424673359723785,0.10613007112702522,0.28736738088551966,0.028497153761412222,0.08766759341186338,3.426031399129373,0.12359794359846633,0.10539749916986889,0.0830095062569564
20250417,dodson,MC_withKanga,0.4881889763779528,25,leader,0.421875,1.0158730158730158,64.0,63.0,0.857358870967742,61,8.133333333333333,3.6876891509965053,0.8676398367314053,4.250253382658017,0.030988984462155506,0.10750478096328916,0.38159875016536166,0.02399666436204717,0.7818449116920055,2.7643309528893503,0.12359794359846633,0.10539749916986889,0.0830095062569564
20250417,dodson,MC_withKanga,0.4881889763779528,25,leader,0.421875,1.0158730158730158,64.0,63.0,0.857358870967742,62,7.633333333333334,3.4547333625384797,0.536584240448422,6.43838022460624,0.029031372794441006,0.09444931394030984,0.2846949344136634,0.02576337986030094,0.2642443767704171,3.404380892912166,0.12359794359846633,0.10539749916986889,0.0830095062569564
20250417,dodson,MC_withKanga,0.4881889763779528,25,leader,0.421875,1.0158730158730158,64.0,63.0,0.857358870967742,63,2.466666666666667,3.1270178320067257,0.8377754508835397,3.732525020527746,0.026277460773165763,0.1098046276288292,0.29750632560835377,0.025526812367776944,0.7120823134189357,3.427021700704901,0.12359794359846633,0.10539749916986889,0.0830095062569564
20250422,dodson,MC_withKanga,0.688,7,leader,0.25,1.1929824561403508,68.0,57.0,0.3313953488372093,0,2.8333333333333335,1.8110749940197302,0.5282514097826554,3.428433811023584,0.015219117596804456,0.1584579607507065,0.16923643679270925,0.00958889077340318,1.4470306854035322,5.948956995513331,0.44297589679493166,0.1874880069400782,0.1601724830292822
20250422,dodson,MC_withKanga,0.688,7,leader,0.25,1.1929824561403508,68.0,57.0,0.3313953488372093,1,3.3666666666666667,3.8574257315585325,0.498544720324981,7.737371542203945,0.032415342282004475,0.09924109980065027,0.34094373305063846,0.04131549787447959,0.40961589621647004,2.9223347073406707,0.44297589679493166,0.1874880069400782,0.1601724830292822
20250422,dodson,MC_withKanga,0.688,7,leader,0.25,1.1929824561403508,68.0,57.0,0.3313953488372093,2,1.8,2.9423773143288647,0.6550792850197298,4.491635412101675,0.024725859784276175,0.08547739354895527,0.3008100261194309,0.022418567574468043,0.8683215002890277,3.327965644023736,0.44297589679493166,0.1874880069400782,0.1601724830292822
20250422,dodson,MC_withKanga,0.688,7,leader,0.25,1.1929824561403508,68.0,57.0,0.3313953488372093,3,4.666666666666667,2.6965473940430233,0.7365086247022401,3.661257049275151,0.022660062134815324,0.08712955616851986,0.2676867549143065,0.023356601223549846,0.8165182229869832,3.7804361388224046,0.44297589679493166,0.1874880069400782,0.1601724830292822
20250422,dodson,MC_withKanga,0.688,7,leader,0.25,1.1929824561403508,68.0,57.0,0.3313953488372093,4,2.033333333333333,1.4912486802395186,0.31233772198713017,4.774475112234331,0.012531501514617804,0.09255184293111661,0.14411022117588468,0.00597554914953075,1.194319012791296,6.824700566882296,0.44297589679493166,0.1874880069400782,0.1601724830292822
20250422,dodson,MC_withKanga,0.688,7,leader,0.25,1.1929824561403508,68.0,57.0,0.3313953488372093,5,1.5666666666666667,2.275417523024163,0.34339662501320745,6.626208172362346,0.019121155655665235,0.09917320697343039,0.2175357678207863,0.011903357219557006,1.0165883926741102,4.445716151450575,0.44297589679493166,0.1874880069400782,0.1601724830292822
20250422,dodson,MC_withKanga,0.688,7,leader,0.25,1.1929824561403508,68.0,57.0,0.3313953488372093,6,2.8666666666666667,3.0005821645063637,0.659783935750047,4.547825434845244,0.025214976172322386,0.10568758857481697,0.2798522462364519,0.03966864040850642,0.6955241077425854,3.516474713757689,0.44297589679493166,0.1874880069400782,0.1601724830292822
20250422,dodson,MC_withKanga,0.688,7,leader,0.25,1.1929824561403508,68.0,57.0,0.3313953488372093,7,2.8666666666666667,2.8515842929188113,0.6294744101070612,4.530103602517873,0.023962893217805138,0.1089227341156607,0.30013396863132985,0.014372135018261985,1.0499604143161818,3.305422957401294,0.44297589679493166,0.1874880069400782,0.1601724830292822
20250422,dodson,MC_withKanga,0.688,7,leader,0.25,1.1929824561403508,68.0,57.0,0.3313953488372093,8,3.2,5.067492392146341,1.3821808840781358,3.6663018932765614,0.04258396968190203,0.0872032153032189,0.5340502164753548,0.027292993195445966,0.5677199454116371,1.934314810896987,0.44297589679493166,0.1874880069400782,0.1601724830292822
20250422,dodson,MC_withKanga,0.688,7,leader,0.25,1.1929824561403508,68.0,57.0,0.3313953488372093,9,2.9,5.250646347679078,1.4607269268209881,3.5945434093600057,0.04412307855192503,0.09026915151838008,0.5114063139898133,0.026991285461110376,0.5001210189615629,2.018082060508021,0.44297589679493166,0.1874880069400782,0.1601724830292822
20250422,dodson,MC_withKanga,0.688,7,leader,0.25,1.1929824561403508,68.0,57.0,0.3313953488372093,10,1.6666666666666667,3.9827977187942927,0.8830393315927677,4.510328788651335,0.03346888839322935,0.09923054440083931,0.38193268707619416,0.017603119684706316,0.6764495624997322,2.618262408491629,0.44297589679493166,0.1874880069400782,0.1601724830292822
20250422,dodson,MC_withKanga,0.688,7,leader,0.25,1.1929824561403508,68.0,57.0,0.3313953488372093,11,5.466666666666667,5.618132078122599,0.801416408236236,7.010253371885699,0.04721119393380335,0.08320434560959603,0.5114677644700658,0.04811658333414883,0.17282517169048348,2.0559207039613607,0.44297589679493166,0.1874880069400782,0.1601724830292822
20250422,dodson,MC_withKanga,0.688,7,leader,0.25,1.1929824561403508,68.0,57.0,0.3313953488372093,12,4.1,4.770964534261734,0.670030000222057,7.120523756668464,0.04009213894337591,0.08941636306296026,0.4305312677055858,0.03559322934543465,0.21681791787584473,2.369217596011991,0.44297589679493166,0.1874880069400782,0.1601724830292822
20250422,dodson,MC_withKanga,0.688,7,leader,0.25,1.1929824561403508,68.0,57.0,0.3313953488372093,13,2.466666666666667,3.7449862370471108,0.7005795105652762,5.345554902148645,0.03147047258022782,0.0865515400936926,0.3586854082135068,0.05923372187856601,0.5116045115129668,2.789716834261351,0.44297589679493166,0.1874880069400782,0.1601724830292822
20250422,dodson,MC_withKanga,0.688,7,leader,0.25,1.1929824561403508,68.0,57.0,0.3313953488372093,14,3.8,4.789884763920745,0.24049223324709515,19.917003968270983,0.04025113246992223,0.08801140235609498,0.39755810706129113,0.00656722593676329,0.04065981498909307,2.620529204528164,0.44297589679493166,0.1874880069400782,0.1601724830292822
20250422,dodson,MC_withKanga,0.688,7,leader,0.25,1.1929824561403508,68.0,57.0,0.3313953488372093,15,4.5,5.406653504687825,0.9114087655556791,5.932193883818343,0.045434063064603576,0.09462681661134062,0.4512101419394701,0.024763504388687883,0.12512339096348835,2.2450027765289504,0.44297589679493166,0.1874880069400782,0.1601724830292822
20250422,dodson,MC_withKanga,0.688,7,leader,0.25,1.1929824561403508,68.0,57.0,0.3313953488372093,16,2.8,4.228573072272721,0.3620861115482948,11.678363067258152,0.03553422749809009,0.10832269106329323,0.35927475080534166,0.03128486026289476,0.36560004677813496,2.795690147283847,0.44297589679493166,0.1874880069400782,0.1601724830292822
20250422,dodson,MC_withKanga,0.688,7,leader,0.25,1.1929824561403508,68.0,57.0,0.3313953488372093,17,4.666666666666667,3.941782824501845,0.6535287450213199,6.031537028066383,0.03312422541598189,0.08320758424011195,0.35778033726098585,0.05292733592358828,0.4855289766385861,2.6784541062426874,0.44297589679493166,0.1874880069400782,0.1601724830292822
20250422,dodson,MC_withKanga,0.688,7,leader,0.25,1.1929824561403508,68.0,57.0,0.3313953488372093,18,3.6333333333333333,3.7493768114129984,0.6836587578790533,5.4842811098403335,0.03150736816313444,0.09219095992117451,0.3402697211138118,0.03131809582479459,0.49666937799543176,2.820481588712959,0.44297589679493166,0.1874880069400782,0.1601724830292822
20250422,dodson,MC_withKanga,0.688,7,leader,0.25,1.1929824561403508,68.0,57.0,0.3313953488372093,19,4.133333333333334,2.8877434423935306,0.46582200448440697,6.199242231138945,0.024266751616752357,0.10583003963420655,0.25669916973909584,0.02911095157443529,0.5382202467372226,3.7874324203518848,0.44297589679493166,0.1874880069400782,0.1601724830292822
20250422,dodson,MC_withKanga,0.688,7,leader,0.25,1.1929824561403508,68.0,57.0,0.3313953488372093,20,3.4,3.9798026437205225,0.7063444159265608,5.634365550267627,0.03344371969513044,0.09934148858085629,0.3663217914631215,0.03889552512978052,0.5570942395380434,2.751189843592099,0.44297589679493166,0.1874880069400782,0.1601724830292822
20250422,dodson,MC_withKanga,0.688,7,leader,0.25,1.1929824561403508,68.0,57.0,0.3313953488372093,21,3.966666666666667,3.459479226049375,1.1031307959992314,3.136055342300303,0.029071254000414916,0.09004721985955119,0.33508332556665354,0.05536749085868715,0.7970671934376781,3.054637093784722,0.44297589679493166,0.1874880069400782,0.1601724830292822
20250422,dodson,MC_withKanga,0.688,7,leader,0.25,1.1929824561403508,68.0,57.0,0.3313953488372093,22,2.2666666666666666,4.505362108691746,0.5748134774963527,7.837954893325085,0.0378601857873256,0.10644693906686332,0.39322737675284536,0.0585492939189502,0.4350244549639189,2.419665920241516,0.44297589679493166,0.1874880069400782,0.1601724830292822
20250422,dodson,MC_withKanga,0.688,7,leader,0.25,1.1929824561403508,68.0,57.0,0.3313953488372093,23,2.3666666666666667,4.9839144255510535,1.5365415380242822,3.2435923808213327,0.04188163382816011,0.08457036361993601,0.5056513492157882,0.04083875582907535,0.5446096257775825,2.010789449144731,0.44297589679493166,0.1874880069400782,0.1601724830292822
20250422,dodson,MC_withKanga,0.688,7,leader,0.25,1.1929824561403508,68.0,57.0,0.3313953488372093,24,2.566666666666667,8.854429377080796,1.3049605199361198,6.7852086264757165,0.07440696955530081,0.08564454040232683,0.8103008344035291,0.14873529462611623,0.17927276060641828,1.2426277240560801,0.44297589679493166,0.1874880069400782,0.1601724830292822
20250422,dodson,MC_withKanga,0.688,7,leader,0.25,1.1929824561403508,68.0,57.0,0.3313953488372093,25,1.3666666666666667,6.776882177718348,0.8794042278515282,7.706219691796279,0.056948589728725615,0.0882193437630752,0.6056159706783408,0.14460938357596895,0.22092816178761515,1.6493053147170624,0.44297589679493166,0.1874880069400782,0.1601724830292822
20250422,dodson,MC_withKanga,0.688,7,leader,0.25,1.1929824561403508,68.0,57.0,0.3313953488372093,26,1.7333333333333334,6.005689934857782,0.3752788221086244,16.00327431511559,0.05046798264586371,0.10504016965656232,0.5186879480659438,0.060736830672313745,0.10745922561847633,2.0326699053198696,0.44297589679493166,0.1874880069400782,0.1601724830292822
20250422,dodson,MC_withKanga,0.688,7,leader,0.25,1.1929824561403508,68.0,57.0,0.3313953488372093,27,1.9,3.815359144143832,0.22709562166304403,16.80067240488202,0.03206184154742716,0.11675794859421218,0.32351743607054395,0.0393679018202564,0.1845830067056131,3.2016830012456183,0.44297589679493166,0.1874880069400782,0.1601724830292822
20250422,dodson,MC_withKanga,0.688,7,leader,0.25,1.1929824561403508,68.0,57.0,0.3313953488372093,28,2.6333333333333333,3.135149352059789,0.7385310169271653,4.245115344111514,0.02634579287445201,0.11254228980569723,0.30916588498124364,0.04278581232895827,0.6423261186885117,3.3076614773809183,0.44297589679493166,0.1874880069400782,0.1601724830292822
20250422,dodson,MC_withKanga,0.688,7,leader,0.25,1.1929824561403508,68.0,57.0,0.3313953488372093,29,3.7666666666666666,4.690902011159874,1.087639210264629,4.312921019111245,0.03941934463159558,0.09353108352471755,0.43567524545069924,0.08317601093119709,0.39465825686593725,2.3613438826739674,0.44297589679493166,0.1874880069400782,0.1601724830292822
20250422,dodson,MC_withKanga,0.688,7,leader,0.25,1.1929824561403508,68.0,57.0,0.3313953488372093,30,2.566666666666667,5.70964366120385,0.59507118868431,9.594891787363716,0.04798019883364579,0.08516409102591713,0.4844030980390642,0.11978407391227075,0.16091620188104822,2.019955622082238,0.44297589679493166,0.1874880069400782,0.1601724830292822
20250422,dodson,MC_withKanga,0.688,7,leader,0.25,1.1929824561403508,68.0,57.0,0.3313953488372093,31,3.3333333333333335,2.4760866608361276,0.9036829811693671,2.739994790686517,0.02080745093139603,0.11758711736817568,0.3140582849514162,0.02896799772779494,1.064164862891532,3.0520280827720385,0.44297589679493166,0.1874880069400782,0.1601724830292822
20250422,dodson,MC_withKanga,0.688,7,leader,0.25,1.1929824561403508,68.0,57.0,0.3313953488372093,32,4.3,4.341236045346182,1.0617632604592846,4.088704334588017,0.03648097517097632,0.08640097309494646,0.45155214731464444,0.07345291105777783,0.6192965629377,2.283194822731427,0.44297589679493166,0.1874880069400782,0.1601724830292822
20250422,dodson,MC_withKanga,0.688,7,leader,0.25,1.1929824561403508,68.0,57.0,0.3313953488372093,33,4.233333333333333,2.988583071220361,0.5089966056433453,5.871518666500629,0.025114143455633287,0.11471095922313913,0.2540823518581394,0.025882965042672176,0.6445557642573824,4.093104619160968,0.44297589679493166,0.1874880069400782,0.1601724830292822
20250422,dodson,MC_withKanga,0.688,7,leader,0.25,1.1929824561403508,68.0,57.0,0.3313953488372093,34,2.4,3.5806277861640154,0.8271725132195185,4.328755766106766,0.0300893091274287,0.08509012335225645,0.3673081161294113,0.10949771768751819,0.5494481326566139,2.589606657550782,0.44297589679493166,0.1874880069400782,0.1601724830292822
20250422,dodson,MC_withKanga,0.688,7,leader,0.25,1.1929824561403508,68.0,57.0,0.3313953488372093,35,2.3,3.403272902179861,0.5638442110854184,6.0358390407670415,0.02859893195109127,0.10797655237463455,0.31352184001853495,0.028632639010239238,0.6147960331672658,3.222502685999757,0.44297589679493166,0.1874880069400782,0.1601724830292822
20250422,dodson,MC_withKanga,0.688,7,leader,0.25,1.1929824561403508,68.0,57.0,0.3313953488372093,36,1.6666666666666667,4.365119222214494,0.6345974396081666,6.878564188518858,0.036681674136256254,0.09043751821950158,0.38272647679285227,0.09785288787153618,0.43368186114392715,2.456387967573914,0.44297589679493166,0.1874880069400782,0.1601724830292822
20250422,dodson,MC_withKanga,0.688,7,leader,0.25,1.1929824561403508,68.0,57.0,0.3313953488372093,37,2.8333333333333335,4.997382948458292,0.7007832417813333,7.131139345962891,0.041994814692926825,0.09590389019516567,0.43614893823566614,0.06931581735194046,0.2706681288231942,2.2444234647669523,0.44297589679493166,0.1874880069400782,0.1601724830292822
20250422,dodson,MC_withKanga,0.688,7,leader,0.25,1.1929824561403508,68.0,57.0,0.3313953488372093,38,1.5666666666666667,2.253878757375032,0.44070731859165924,5.114230379875721,0.018940157625000266,0.11047117619333612,0.19084203448182738,0.012653230343537084,1.0234784779383228,5.382621091734215,0.44297589679493166,0.1874880069400782,0.1601724830292822
20250422,dodson,MC_withKanga,0.688,7,leader,0.25,1.1929824561403508,68.0,57.0,0.3313953488372093,39,1.4,3.092994083924732,0.4407030845972681,7.018317302569444,0.025991546923737244,0.1485973947961522,0.22376390915650546,0.025756766389190323,0.5328948172171164,4.619261504669283,0.44297589679493166,0.1874880069400782,0.1601724830292822
20250422,dodson,MC_withKanga,0.688,7,leader,0.25,1.1929824561403508,68.0,57.0,0.3313953488372093,40,2.1333333333333333,4.105979155888738,0.8544958195416241,4.805148324881568,0.03450402652007343,0.07820591532610252,0.3683052028513759,0.03638130677505903,0.4678038186501011,2.6025416196447235,0.44297589679493166,0.1874880069400782,0.1601724830292822
20250422,dodson,MC_withKanga,0.688,7,leader,0.25,1.1929824561403508,68.0,57.0,0.3313953488372093,41,3.6333333333333333,5.5074259333282995,0.9331759400134185,5.901808755644843,0.04628089019603613,0.08120255159501573,0.5203765237602533,0.10448740669032205,0.3430796835130956,1.9184323358822755,0.44297589679493166,0.1874880069400782,0.1601724830292822
20250422,dodson,MC_withKanga,0.688,7,leader,0.25,1.1929824561403508,68.0,57.0,0.3313953488372093,42,3.6333333333333333,5.470550561992805,0.33787622974930487,16.19098971848895,0.04597101312598996,0.0893333271889059,0.4524987042384681,0.049446698773834404,0.09090364916813612,2.1848560157833186,0.44297589679493166,0.1874880069400782,0.1601724830292822
20250422,dodson,MC_withKanga,0.688,7,leader,0.25,1.1929824561403508,68.0,57.0,0.3313953488372093,43,2.0,7.835415776091348,1.6945052027971153,4.624013997217269,0.0658438300511878,0.08155418191030256,0.7020238615871868,0.10972295968753079,0.20660427859222502,1.4000498250524072,0.44297589679493166,0.1874880069400782,0.1601724830292822
20250422,dodson,MC_withKanga,0.688,7,leader,0.25,1.1929824561403508,68.0,57.0,0.3313953488372093,44,2.6333333333333333,4.946581350386199,0.623231191127374,7.93699259730284,0.041567910507447056,0.09624680001659633,0.43052435416731055,0.07014655636405537,0.16408364748132273,2.3586337579711487,0.44297589679493166,0.1874880069400782,0.1601724830292822
20250422,dodson,MC_withKanga,0.688,7,leader,0.25,1.1929824561403508,68.0,57.0,0.3313953488372093,45,2.6,4.30735139957531,0.970313343502321,4.439134459419095,0.03619623024853202,0.12522584613694704,0.37009163615290397,0.04077889693238966,0.6657677537247286,2.926522976222607,0.44297589679493166,0.1874880069400782,0.1601724830292822
20250422,dodson,MC_withKanga,0.688,7,leader,0.25,1.1929824561403508,68.0,57.0,0.3313953488372093,46,1.1,2.6651615919710454,0.5518030196120111,4.829914837807519,0.022396315898916348,0.12697583824203318,0.24020670376906822,0.016226170161017375,0.8550689670314291,4.540758565687419,0.44297589679493166,0.1874880069400782,0.1601724830292822
20250422,dodson,MC_withKanga,0.688,7,leader,0.25,1.1929824561403508,68.0,57.0,0.3313953488372093,47,3.1,2.912779351067502,0.8685050485123228,3.353785169190268,0.02447713740392859,0.12434179568555467,0.2459270797536156,0.028309068824374922,0.9042076391562307,4.143499815889277,0.44297589679493166,0.1874880069400782,0.1601724830292822
20250422,dodson,MC_withKanga,0.688,7,leader,0.25,1.1929824561403508,68.0,57.0,0.3313953488372093,48,1.8333333333333333,4.190863525210003,0.6216038475825328,6.742016706474078,0.035217340547983214,0.11628851433249862,0.33090718049628715,0.0730029903044529,0.3832939181778084,2.9748203692651467,0.44297589679493166,0.1874880069400782,0.1601724830292822
20250422,dodson,MC_withKanga,0.688,7,leader,0.25,1.1929824561403508,68.0,57.0,0.3313953488372093,49,3.7,3.0372610718451356,0.8383140584907491,3.62305873447147,0.025523202284412905,0.10164477718567552,0.32483672484267206,0.012270992250775015,0.8553689241009829,3.3466222464176707,0.44297589679493166,0.1874880069400782,0.1601724830292822
20250422,dodson,MC_withKanga,0.688,7,leader,0.25,1.1929824561403508,68.0,57.0,0.3313953488372093,50,4.533333333333333,2.7228719633410763,0.6711724617858972,4.056888681183209,0.02288127700286619,0.10834145208946953,0.26209108471950826,0.009257516267685157,0.8966236654417598,3.7676579652762547,0.44297589679493166,0.1874880069400782,0.1601724830292822
20250422,dodson,MC_withKanga,0.688,7,leader,0.25,1.1929824561403508,68.0,57.0,0.3313953488372093,51,4.466666666666667,2.7276792980927045,0.7999837117327185,3.4096685446066255,0.022921674773888272,0.1037664754067071,0.29033307877162257,0.03936355506378944,1.085036065245828,3.486506154068525,0.44297589679493166,0.1874880069400782,0.1601724830292822
20250422,dodson,MC_withKanga,0.688,7,leader,0.25,1.1929824561403508,68.0,57.0,0.3313953488372093,52,1.7666666666666666,2.850695766129876,0.5679612537742956,5.019172957989711,0.023955426606133413,0.11429812003140932,0.29532510903608866,0.019308171757800127,0.7773658792820372,3.4119998118576556,0.44297589679493166,0.1874880069400782,0.1601724830292822
20250422,dodson,MC_withKanga,0.688,7,leader,0.25,1.1929824561403508,68.0,57.0,0.3313953488372093,53,3.2666666666666666,2.8730242181529553,0.7111017356383881,4.040243574393349,0.024143060656747522,0.08830798936496893,0.2712868702438038,0.018718234759410476,0.8844259264046765,3.5500926654861606,0.44297589679493166,0.1874880069400782,0.1601724830292822
20250422,dodson,MC_withKanga,0.688,7,leader,0.25,1.1929824561403508,68.0,57.0,0.3313953488372093,54,4.066666666666666,3.600766747371765,0.7068622269753704,5.09401494373136,0.03025854409556105,0.08862485058732524,0.35341391236020164,0.02399268240568586,0.6006971301911602,2.899634444311059,0.44297589679493166,0.1874880069400782,0.1601724830292822
20250422,dodson,MC_withKanga,0.688,7,leader,0.25,1.1929824561403508,68.0,57.0,0.3313953488372093,55,3.033333333333333,4.1513211006078565,1.2033968323383561,3.4496692936620925,0.03488505126561224,0.08805942600418297,0.4015263840510946,0.10254751663837829,0.5781723966950432,2.4512804205452805,0.44297589679493166,0.1874880069400782,0.1601724830292822
20250422,dodson,MC_withKanga,0.688,7,leader,0.25,1.1929824561403508,68.0,57.0,0.3313953488372093,56,3.3333333333333335,3.9533248606470264,0.6130705679256158,6.448400995701829,0.033221217316361566,0.08632562245770513,0.36523665397467553,0.03354787831427715,0.35871460497000907,2.8027260526883575,0.44297589679493166,0.1874880069400782,0.1601724830292822
20250422,dodson,MC_withKanga,0.688,7,leader,0.25,1.1929824561403508,68.0,57.0,0.3313953488372093,57,1.5666666666666667,3.013974279263561,0.3145021746764778,9.583317769945397,0.025327514951794628,0.14650072571038633,0.2086398428189475,0.02756645003243101,0.13557280622430445,4.998172897333742,0.44297589679493166,0.1874880069400782,0.1601724830292822
20250422,dodson,MC_withKanga,0.688,7,leader,0.25,1.1929824561403508,68.0,57.0,0.3313953488372093,58,2.2666666666666666,3.6783325087186047,0.9374243116618851,3.9238714666974883,0.03091035721612273,0.0954050327438941,0.32933318095746417,0.02687958602724864,0.5128328128814308,2.9402087216396016,0.44297589679493166,0.1874880069400782,0.1601724830292822
20250422,dodson,MC_withKanga,0.688,7,leader,0.25,1.1929824561403508,68.0,57.0,0.3313953488372093,59,2.2,4.885901292935169,1.3130579731597138,3.7210095767347147,0.04105799405827873,0.09002138600001801,0.4732188434538099,0.07543433573221696,0.596359754366116,2.0685585747147224,0.44297589679493166,0.1874880069400782,0.1601724830292822
20250422,dodson,MC_withKanga,0.688,7,leader,0.25,1.1929824561403508,68.0,57.0,0.3313953488372093,60,1.9666666666666666,3.0290040113402403,0.7481523630426544,4.048645918889583,0.025453815221346557,0.11601603325641283,0.28025320333514203,0.009251336734143968,0.9720309177225525,3.6510006800574937,0.44297589679493166,0.1874880069400782,0.1601724830292822
20250422,dodson,MC_withKanga,0.688,7,leader,0.25,1.1929824561403508,68.0,57.0,0.3313953488372093,61,2.533333333333333,4.471356849145272,1.1762880388127483,3.8012431493040637,0.03757442730374178,0.10018728422842337,0.418687962809462,0.05511290304114658,0.5883107096220573,2.337705916630307,0.44297589679493166,0.1874880069400782,0.1601724830292822
20250422,dodson,MC_withKanga,0.688,7,leader,0.25,1.1929824561403508,68.0,57.0,0.3313953488372093,62,2.7666666666666666,4.132448888414101,0.9934555162814935,4.159671792735992,0.034726461247177313,0.0974016257932065,0.4016948322407056,0.054053128829612,0.5186388792426353,2.6177087871202014,0.44297589679493166,0.1874880069400782,0.1601724830292822
20250422,dodson,MC_withKanga,0.688,7,leader,0.25,1.1929824561403508,68.0,57.0,0.3313953488372093,63,1.6333333333333333,3.661733018054405,0.649102037612758,5.641228660321855,0.030770865697936176,0.09551059729536679,0.3298858638846356,0.05540955222278247,0.47814462109540573,3.0464298127950387,0.44297589679493166,0.1874880069400782,0.1601724830292822
20250422,dodson,MC_withKanga,0.688,7,leader,0.25,1.1929824561403508,68.0,57.0,0.3313953488372093,64,2.0,3.648791436672111,0.514032564560508,7.098366306406649,0.030662112913211016,0.09611022551041407,0.33520264672090694,0.036673780308558585,0.594861890410086,2.9212606614961505,0.44297589679493166,0.1874880069400782,0.1601724830292822
20250422,dodson,MC_withKanga,0.688,7,leader,0.25,1.1929824561403508,68.0,57.0,0.3313953488372093,65,2.7,4.123175729134973,0.33843385762617717,12.183106495477459,0.03464853553894935,0.09693878240241834,0.34869459879765013,0.03292825936162568,0.26714361528710334,2.7965085749086733,0.44297589679493166,0.1874880069400782,0.1601724830292822
20250422,dodson,MC_withKanga,0.688,7,leader,0.25,1.1929824561403508,68.0,57.0,0.3313953488372093,66,4.066666666666666,2.6583916846682287,0.5017443581000343,5.298299107407636,0.022339425921581755,0.08813343394640795,0.23918307827346336,0.021110614421247367,0.7310558290619936,4.107389346151171,0.44297589679493166,0.1874880069400782,0.1601724830292822
20250422,dodson,MC_withKanga,0.688,7,leader,0.25,1.1929824561403508,68.0,57.0,0.3313953488372093,67,3.033333333333333,3.047284989209597,0.3535456307665296,8.619212695692816,0.02560743688411426,0.09735309602014826,0.258284811941655,0.013068260541497855,0.3899689637125566,3.7822919559962727,0.44297589679493166,0.1874880069400782,0.1601724830292822
20250423,dodson,MC_withKanga,0.6211180124223602,13,follower,0.6024096385542169,1.064102564102564,83.0,78.0,1.566265060240964,0,2.066666666666667,3.2192663172257503,0.7772043398989922,4.142110577565915,0.027052658127947483,0.08817009231443028,0.3201026822963755,0.05127535408246785,0.6789490680948559,3.123975244872593,0.282615728003801,0.12345973128262826,0.10468158539316126
20250423,dodson,MC_withKanga,0.6211180124223602,13,follower,0.6024096385542169,1.064102564102564,83.0,78.0,1.566265060240964,1,1.4666666666666666,2.712396454604526,0.7580397662246341,3.5781717206122754,0.022793247517685092,0.09034157577181362,0.2778120549907736,0.02624108450963574,0.8615958379874857,3.3176371362810944,0.282615728003801,0.12345973128262826,0.10468158539316126
20250423,dodson,MC_withKanga,0.6211180124223602,13,follower,0.6024096385542169,1.064102564102564,83.0,78.0,1.566265060240964,2,3.7,3.3890405922404305,0.2769542391702041,12.236825124592777,0.028479332707902778,0.10937511895296527,0.30800887056955323,0.05145701011739046,0.45748606448992646,2.8350900666369045,0.282615728003801,0.12345973128262826,0.10468158539316126
20250423,dodson,MC_withKanga,0.6211180124223602,13,follower,0.6024096385542169,1.064102564102564,83.0,78.0,1.566265060240964,3,2.2666666666666666,3.139351166201586,0.5681928945492345,5.525150342987187,0.026381102236988117,0.1295583723135564,0.302158201919247,0.0130519582589521,0.7261859232705105,3.5782700805721057,0.282615728003801,0.12345973128262826,0.10468158539316126
20250423,dodson,MC_withKanga,0.6211180124223602,13,follower,0.6024096385542169,1.064102564102564,83.0,78.0,1.566265060240964,4,3.5,2.7418879158935474,0.619425454350496,4.426501843984727,0.023041074923475187,0.0886147878728604,0.252376030308877,0.025448301543771198,0.8052065679776068,3.685901874191998,0.282615728003801,0.12345973128262826,0.10468158539316126
20250423,dodson,MC_withKanga,0.6211180124223602,13,follower,0.6024096385542169,1.064102564102564,83.0,78.0,1.566265060240964,5,1.7666666666666666,2.606931147037819,0.6577790429446303,3.963232296619797,0.021906984428889237,0.12317084096874585,0.23942989973200302,0.012468025736679085,1.0254996334999813,4.19105313575812,0.282615728003801,0.12345973128262826,0.10468158539316126
20250423,dodson,MC_withKanga,0.6211180124223602,13,follower,0.6024096385542169,1.064102564102564,83.0,78.0,1.566265060240964,6,3.7333333333333334,1.8783301469764546,0.3202642968166921,5.864937695666851,0.01578428694938197,0.13012698740983827,0.18259051093221687,0.0030417557558884262,1.4759986927509532,5.5095734713746545,0.282615728003801,0.12345973128262826,0.10468158539316126
20250423,dodson,MC_withKanga,0.6211180124223602,13,follower,0.6024096385542169,1.064102564102564,83.0,78.0,1.566265060240964,7,3.7333333333333334,3.5287691726955854,0.3427175960986432,10.296434186238608,0.02965352245962677,0.11065872330942447,0.31084725682482656,0.025586605889689928,0.7546915009975015,3.3154244339211734,0.282615728003801,0.12345973128262826,0.10468158539316126
20250423,dodson,MC_withKanga,0.6211180124223602,13,follower,0.6024096385542169,1.064102564102564,83.0,78.0,1.566265060240964,8,3.1,2.3480051274694222,0.33963895259116916,6.913238630481137,0.019731135524953126,0.13592830966373595,0.1932820521819956,0.007046615939075723,1.2136896348810617,4.985539141442527,0.282615728003801,0.12345973128262826,0.10468158539316126
20250423,dodson,MC_withKanga,0.6211180124223602,13,follower,0.6024096385542169,1.064102564102564,83.0,78.0,1.566265060240964,9,1.7666666666666666,2.6556540209616144,0.3774528048382987,7.035724697023514,0.022316420344215247,0.13494872871572988,0.23305229362383356,0.019996055709357176,0.8590015699280448,4.19153963869714,0.282615728003801,0.12345973128262826,0.10468158539316126
20250423,dodson,MC_withKanga,0.6211180124223602,13,follower,0.6024096385542169,1.064102564102564,83.0,78.0,1.566265060240964,10,1.7,2.7703681521970984,0.6078576401019938,4.557593701927069,0.023280404640311753,0.11843841499692345,0.22611444774067443,0.014307112852705793,0.880336843647061,4.632600186244074,0.282615728003801,0.12345973128262826,0.10468158539316126
20250423,dodson,MC_withKanga,0.6211180124223602,13,follower,0.6024096385542169,1.064102564102564,83.0,78.0,1.566265060240964,11,2.033333333333333,2.7278006166408693,0.4881202339071229,5.588378491926851,0.022922694257486297,0.12242105187752308,0.2296327580799794,0.02266801772282575,0.639595715387241,4.41230741296636,0.282615728003801,0.12345973128262826,0.10468158539316126
20250423,dodson,MC_withKanga,0.6211180124223602,13,follower,0.6024096385542169,1.064102564102564,83.0,78.0,1.566265060240964,12,1.3,3.0325297621289757,0.5764075656273223,5.261085979724397,0.02548344337923509,0.13687366591295289,0.23761343016054517,0.025198346185979086,0.6309433159349517,4.176826832821076,0.282615728003801,0.12345973128262826,0.10468158539316126
20250423,dodson,MC_withKanga,0.6211180124223602,13,follower,0.6024096385542169,1.064102564102564,83.0,78.0,1.566265060240964,13,3.066666666666667,2.90384742763989,0.9406910252485754,3.0869300861805873,0.02440207922386462,0.12424192033624491,0.2504923755270806,0.015404836283903775,0.989719479385378,3.784666797720471,0.282615728003801,0.12345973128262826,0.10468158539316126
20250423,dodson,MC_withKanga,0.6211180124223602,13,follower,0.6024096385542169,1.064102564102564,83.0,78.0,1.566265060240964,14,1.7666666666666666,3.21256000578784,0.7846551862094364,4.09423153284347,0.026996302569645712,0.09864572216689568,0.32695790692531784,0.02721496750949707,0.7247584610629291,2.9074688004708706,0.282615728003801,0.12345973128262826,0.10468158539316126
20250423,dodson,MC_withKanga,0.6211180124223602,13,follower,0.6024096385542169,1.064102564102564,83.0,78.0,1.566265060240964,15,2.8,3.6303015603771356,0.7318548517953466,4.9604119607480595,0.030506735801488535,0.12356414223161494,0.37122564143328535,0.04420226646725866,0.6120551396138089,2.6160824486273095,0.282615728003801,0.12345973128262826,0.10468158539316126
20250423,dodson,MC_withKanga,0.6211180124223602,13,follower,0.6024096385542169,1.064102564102564,83.0,78.0,1.566265060240964,16,2.7333333333333334,3.945831688257646,0.30149433884926596,13.087581356644941,0.03315824948115669,0.12178221777028136,0.3488385642268669,0.05604593743055772,0.6265301734730975,2.6015549588126046,0.282615728003801,0.12345973128262826,0.10468158539316126
20250423,dodson,MC_withKanga,0.6211180124223602,13,follower,0.6024096385542169,1.064102564102564,83.0,78.0,1.566265060240964,17,2.7,3.4616573280251233,0.38279728982353933,9.043055998700687,0.02908955737836238,0.12221572313840828,0.2803804778856442,0.02984313795863432,0.5664098870240106,3.58415606827578,0.282615728003801,0.12345973128262826,0.10468158539316126
20250423,dodson,MC_withKanga,0.6211180124223602,13,follower,0.6024096385542169,1.064102564102564,83.0,78.0,1.566265060240964,18,4.733333333333333,3.965307890767102,1.4172428326516686,2.797902941832481,0.03332191504846304,0.09377762698263511,0.3986956664364287,0.10449958890349824,0.691875379924496,2.385974734107109,0.282615728003801,0.12345973128262826,0.10468158539316126
20250423,dodson,MC_withKanga,0.6211180124223602,13,follower,0.6024096385542169,1.064102564102564,83.0,78.0,1.566265060240964,19,3.533333333333333,2.7951777823118973,0.5098017444486815,5.482872141472772,0.023488888926990734,0.1305526197512005,0.2313441774028036,0.0318265873932628,0.9509567232657841,4.335384514744802,0.282615728003801,0.12345973128262826,0.10468158539316126
20250423,dodson,MC_withKanga,0.6211180124223602,13,follower,0.6024096385542169,1.064102564102564,83.0,78.0,1.566265060240964,20,3.8333333333333335,3.6468483200169954,0.4560570179180479,7.996474512474936,0.03064578420182349,0.1422990410596533,0.22934995766605998,0.025831236604698028,0.31689845431138414,4.580563290137404,0.282615728003801,0.12345973128262826,0.10468158539316126
20250423,dodson,MC_withKanga,0.6211180124223602,13,follower,0.6024096385542169,1.064102564102564,83.0,78.0,1.566265060240964,21,4.533333333333333,3.409243350649247,0.5159539932433946,6.607649897654693,0.02864910378696846,0.13548889192787003,0.2594609860580454,0.022713317866326254,0.2346222913311754,4.2736651004648545,0.282615728003801,0.12345973128262826,0.10468158539316126
20250423,dodson,MC_withKanga,0.6211180124223602,13,follower,0.6024096385542169,1.064102564102564,83.0,78.0,1.566265060240964,22,4.966666666666667,4.912327321165381,1.2667911284761446,3.8777721210240435,0.04128006152239816,0.10440691339986563,0.4356868792740338,0.14561362296224392,0.35136275051404486,2.375755532091736,0.282615728003801,0.12345973128262826,0.10468158539316126
20250423,dodson,MC_withKanga,0.6211180124223602,13,follower,0.6024096385542169,1.064102564102564,83.0,78.0,1.566265060240964,23,4.2,3.1802123952732946,0.8676758442551251,3.665207941801602,0.026724473909859617,0.12930385008661163,0.24773964206369684,0.027617657960122798,0.7103298765268565,4.180282596562579,0.282615728003801,0.12345973128262826,0.10468158539316126
20250423,dodson,MC_withKanga,0.6211180124223602,13,follower,0.6024096385542169,1.064102564102564,83.0,78.0,1.566265060240964,24,3.5,4.23815843562001,0.4117942510646141,10.291932013774048,0.03561477676991605,0.12473926479665476,0.3558479702456693,0.06730399255860436,0.559436134115179,2.528128724869656,0.282615728003801,0.12345973128262826,0.10468158539316126
20250423,dodson,MC_withKanga,0.6211180124223602,13,follower,0.6024096385542169,1.064102564102564,83.0,78.0,1.566265060240964,25,3.033333333333333,5.431479170492004,0.9756951649987974,5.5667788109810905,0.045642682104974824,0.13889658990676113,0.4568949279484184,0.09723772005784662,0.478066054911294,2.0452824432263426,0.282615728003801,0.12345973128262826,0.10468158539316126
20250423,dodson,MC_withKanga,0.6211180124223602,13,follower,0.6024096385542169,1.064102564102564,83.0,78.0,1.566265060240964,26,2.8,5.30968886410073,1.9151194934381806,2.772510479003239,0.044619234152106974,0.13553388966160215,0.47061940335391683,0.07980734979143286,0.45328494156224186,2.2133115115097985,0.282615728003801,0.12345973128262826,0.10468158539316126
20250423,dodson,MC_withKanga,0.6211180124223602,13,follower,0.6024096385542169,1.064102564102564,83.0,78.0,1.566265060240964,27,3.2666666666666666,6.391666117256186,0.2846330516057332,22.45581137256599,0.05371147997694274,0.10915393505419452,0.5137565399466066,0.07413395101763065,0.08622340745439867,1.980894376988441,0.282615728003801,0.12345973128262826,0.10468158539316126
20250423,dodson,MC_withKanga,0.6211180124223602,13,follower,0.6024096385542169,1.064102564102564,83.0,78.0,1.566265060240964,28,1.7333333333333334,4.887823324603017,1.5870575869904162,3.0798021222858964,0.04107414558489931,0.09737463519204474,0.5080402516880901,0.08309064039533719,0.5516816672322533,2.2328956281798185,0.282615728003801,0.12345973128262826,0.10468158539316126
20250423,dodson,MC_withKanga,0.6211180124223602,13,follower,0.6024096385542169,1.064102564102564,83.0,78.0,1.566265060240964,29,3.466666666666667,3.922512149258849,0.6425164548965613,6.104920923605504,0.03296228696856176,0.10812470238981824,0.345259086473078,0.06157136894627487,0.4604286359867893,2.737087851822926,0.282615728003801,0.12345973128262826,0.10468158539316126
20250423,dodson,MC_withKanga,0.6211180124223602,13,follower,0.6024096385542169,1.064102564102564,83.0,78.0,1.566265060240964,30,3.7,2.813744017344166,0.6451710874919734,4.361236998828116,0.023644907708774504,0.1149105924387628,0.2774447765656606,0.022898524047173647,0.7594469722030026,3.415609250038296,0.282615728003801,0.12345973128262826,0.10468158539316126
20250423,dodson,MC_withKanga,0.6211180124223602,13,follower,0.6024096385542169,1.064102564102564,83.0,78.0,1.566265060240964,31,1.7,3.599292271641786,1.46036485170562,2.4646527663535758,0.030246153543208285,0.08323703200508378,0.3647240585942271,0.017800612859792175,0.8541786057246485,2.8187830756377945,0.282615728003801,0.12345973128262826,0.10468158539316126
20250423,dodson,MC_withKanga,0.6211180124223602,13,follower,0.6024096385542169,1.064102564102564,83.0,78.0,1.566265060240964,32,3.066666666666667,2.5799070475656336,0.8441301079746976,3.056290758015428,0.02167989115601373,0.08904284745918432,0.2547095587898339,0.00960014090495176,1.1403112559186837,3.8060297167297303,0.282615728003801,0.12345973128262826,0.10468158539316126
20250423,dodson,MC_withKanga,0.6211180124223602,13,follower,0.6024096385542169,1.064102564102564,83.0,78.0,1.566265060240964,33,3.1666666666666665,2.810225309041172,1.05000075888759,2.6764031218591025,0.023615338731438423,0.09856728697321747,0.2579935618637996,0.01631008493435739,0.963711492023128,3.5267746332569523,0.282615728003801,0.12345973128262826,0.10468158539316126
20250423,dodson,MC_withKanga,0.6211180124223602,13,follower,0.6024096385542169,1.064102564102564,83.0,78.0,1.566265060240964,34,3.7666666666666666,2.53865231809867,0.7313703149568196,3.4710901798749556,0.02133321275713168,0.1517044985975063,0.2089614912618861,0.009729778356566755,1.1552195010573771,4.634419674730909,0.282615728003801,0.12345973128262826,0.10468158539316126
20250423,dodson,MC_withKanga,0.6211180124223602,13,follower,0.6024096385542169,1.064102564102564,83.0,78.0,1.566265060240964,35,2.933333333333333,2.50384698266957,0.9225868643704394,2.713941721225525,0.02104073094680311,0.12676737027598395,0.2996223282358178,0.03679067279513901,0.9442227727237179,2.890383360059402,0.282615728003801,0.12345973128262826,0.10468158539316126
20250423,dodson,MC_withKanga,0.6211180124223602,13,follower,0.6024096385542169,1.064102564102564,83.0,78.0,1.566265060240964,36,3.033333333333333,2.5655023241104398,0.7290394969381854,3.5190169186786413,0.021558843059751594,0.10008584765475584,0.2302873069706441,0.011076126660165136,0.9859125819801811,4.38523120912032,0.282615728003801,0.12345973128262826,0.10468158539316126
20250423,dodson,MC_withKanga,0.6211180124223602,13,follower,0.6024096385542169,1.064102564102564,83.0,78.0,1.566265060240964,37,4.0,3.1518690889350585,0.32582862199720897,9.67339538686094,0.026486294865000492,0.10407199790100634,0.30840206512348767,0.024787171565078755,0.8866827325265677,3.247364746632069,0.282615728003801,0.12345973128262826,0.10468158539316126
20250423,dodson,MC_withKanga,0.6211180124223602,13,follower,0.6024096385542169,1.064102564102564,83.0,78.0,1.566265060240964,38,1.8333333333333333,2.761186994188411,0.5322532751989525,5.187731335530625,0.023203252052003454,0.09668690006528158,0.3093855161061227,0.02107483203372016,0.7596223820969961,3.445986480861917,0.282615728003801,0.12345973128262826,0.10468158539316126
20250423,dodson,MC_withKanga,0.6211180124223602,13,follower,0.6024096385542169,1.064102564102564,83.0,78.0,1.566265060240964,39,2.7,2.203779605752881,0.433583962628992,5.082705532719635,0.018519156350864548,0.11125744273419295,0.19499804047153793,0.017971820409975806,0.8816604501228268,5.093186742549395,0.282615728003801,0.12345973128262826,0.10468158539316126
20250423,dodson,MC_withKanga,0.6211180124223602,13,follower,0.6024096385542169,1.064102564102564,83.0,78.0,1.566265060240964,40,5.4,2.371379711763964,0.5732523741006,4.136711540854099,0.01992756060305852,0.12010456309252072,0.21241431697172605,0.02253341831284867,0.5239353188268602,5.1929579715919765,0.282615728003801,0.12345973128262826,0.10468158539316126
20250423,dodson,MC_withKanga,0.6211180124223602,13,follower,0.6024096385542169,1.064102564102564,83.0,78.0,1.566265060240964,41,2.7,3.597368500012048,1.2085104310246169,2.976696276392149,0.030229987395059228,0.11310177822089666,0.342812591094291,0.04814831823930695,0.7976278989232629,3.018286606268493,0.282615728003801,0.12345973128262826,0.10468158539316126
20250423,dodson,MC_withKanga,0.6211180124223602,13,follower,0.6024096385542169,1.064102564102564,83.0,78.0,1.566265060240964,42,3.0,3.5387420448924627,0.3049203044670027,11.60546540538894,0.02973732810834002,0.09815800625185916,0.3282138332271827,0.023832992917681387,0.39852493541371964,2.866023928600864,0.282615728003801,0.12345973128262826,0.10468158539316126
20250423,dodson,MC_withKanga,0.6211180124223602,13,follower,0.6024096385542169,1.064102564102564,83.0,78.0,1.566265060240964,43,4.633333333333334,2.863592667478122,0.5607865088736536,5.106386516376227,0.024063803928387577,0.1194814477364611,0.25419951812936453,0.03978586416776446,0.6572620381310751,4.050337837367172,0.282615728003801,0.12345973128262826,0.10468158539316126
20250423,dodson,MC_withKanga,0.6211180124223602,13,follower,0.6024096385542169,1.064102564102564,83.0,78.0,1.566265060240964,44,3.433333333333333,5.107375963508467,0.6738877269605692,7.578971628618652,0.04291912574376863,0.08551412559238732,0.5186592501098116,0.14235411622120853,0.4380244144580117,1.9370347282114553,0.282615728003801,0.12345973128262826,0.10468158539316126
20250423,dodson,MC_withKanga,0.6211180124223602,13,follower,0.6024096385542169,1.064102564102564,83.0,78.0,1.566265060240964,45,3.1666666666666665,4.3375376962456285,0.19202662919304975,22.588209325306547,0.036449896607106125,0.08569545070065714,0.5433360194829245,0.08880855305161099,0.04695677857682949,1.7203091499461103,0.282615728003801,0.12345973128262826,0.10468158539316126
20250423,dodson,MC_withKanga,0.6211180124223602,13,follower,0.6024096385542169,1.064102564102564,83.0,78.0,1.566265060240964,46,3.7666666666666666,2.995049181027501,0.6889792676668536,4.347081721587761,0.02516848051283614,0.09567424693107117,0.3300248559811877,0.03514426199434011,0.9168191836413062,3.3008707644483453,0.282615728003801,0.12345973128262826,0.10468158539316126
20250423,dodson,MC_withKanga,0.6211180124223602,13,follower,0.6024096385542169,1.064102564102564,83.0,78.0,1.566265060240964,47,2.7333333333333334,3.7410761152839886,0.6595966970285351,5.671762960817471,0.03143761441415117,0.1147177617497608,0.3305498976005327,0.0651841106674898,0.35536139749328877,2.9882564705652377,0.282615728003801,0.12345973128262826,0.10468158539316126
20250423,dodson,MC_withKanga,0.6211180124223602,13,follower,0.6024096385542169,1.064102564102564,83.0,78.0,1.566265060240964,48,4.066666666666666,3.289962733012975,0.2631723171105749,12.501173258396545,0.027646745655571216,0.12470038662633935,0.3201359541773209,0.04295708103401872,0.4681500535295727,2.8010392383452962,0.282615728003801,0.12345973128262826,0.10468158539316126
20250423,dodson,MC_withKanga,0.6211180124223602,13,follower,0.6024096385542169,1.064102564102564,83.0,78.0,1.566265060240964,49,3.1,4.07762050719973,0.5005938664101657,8.145566258014632,0.03426571854789689,0.1348440558964483,0.35120937829746274,0.021221360161531838,0.6457711368051818,2.687666143560525,0.282615728003801,0.12345973128262826,0.10468158539316126
20250423,dodson,MC_withKanga,0.6211180124223602,13,follower,0.6024096385542169,1.064102564102564,83.0,78.0,1.566265060240964,50,4.266666666666667,4.532518606281083,0.9039527507420225,5.014110087679362,0.038088391649420864,0.09295460063280446,0.48871064717930623,0.02507001862928418,0.6442397284671213,2.195976936533273,0.282615728003801,0.12345973128262826,0.10468158539316126
20250423,dodson,MC_withKanga,0.6211180124223602,13,follower,0.6024096385542169,1.064102564102564,83.0,78.0,1.566265060240964,51,4.333333333333333,3.75267603001535,1.0176047545553881,3.687754025535159,0.03153509268920462,0.08860980160018808,0.4021360149697412,0.03299554750969914,0.689128791193411,2.5881687706095287,0.282615728003801,0.12345973128262826,0.10468158539316126
20250423,dodson,MC_withKanga,0.6211180124223602,13,follower,0.6024096385542169,1.064102564102564,83.0,78.0,1.566265060240964,52,3.1666666666666665,5.0961535467724275,1.666168592066988,3.058606176491615,0.0428248197207767,0.09167394207056004,0.5021447271892012,0.10558874822108266,0.541656483203658,2.0103185003387063,0.282615728003801,0.12345973128262826,0.10468158539316126
20250423,dodson,MC_withKanga,0.6211180124223602,13,follower,0.6024096385542169,1.064102564102564,83.0,78.0,1.566265060240964,53,3.3333333333333335,5.340489001400438,1.4571508178165848,3.6650214487767996,0.044878058835297795,0.09843681569060861,0.539468361031096,0.043054657919445294,0.5455612147183647,1.9711211086576483,0.282615728003801,0.12345973128262826,0.10468158539316126
20250423,dodson,MC_withKanga,0.6211180124223602,13,follower,0.6024096385542169,1.064102564102564,83.0,78.0,1.566265060240964,54,2.6666666666666665,3.8567694487902076,1.1003193091246242,3.5051365697276724,0.032409827300758046,0.09120271129996076,0.38239360912726084,0.04287340583324743,0.7154745337644561,2.4129765778268855,0.282615728003801,0.12345973128262826,0.10468158539316126
20250423,dodson,MC_withKanga,0.6211180124223602,13,follower,0.6024096385542169,1.064102564102564,83.0,78.0,1.566265060240964,55,2.6333333333333333,3.2767741360417975,0.8256856749978078,3.9685490923050075,0.027535917109594937,0.10664566968519829,0.31059231996313247,0.023633856865682996,0.7423584970694389,3.1746414193610866,0.282615728003801,0.12345973128262826,0.10468158539316126
20250423,dodson,MC_withKanga,0.6211180124223602,13,follower,0.6024096385542169,1.064102564102564,83.0,78.0,1.566265060240964,56,1.3666666666666667,2.946296687485722,0.7011632579829331,4.202012375778876,0.024758795693157327,0.11102780092235709,0.28369337560701263,0.019191611252560973,0.820620655987646,3.7113808255778533,0.282615728003801,0.12345973128262826,0.10468158539316126
20250423,dodson,MC_withKanga,0.6211180124223602,13,follower,0.6024096385542169,1.064102564102564,83.0,78.0,1.566265060240964,57,3.533333333333333,1.7907562843314622,0.20841448211638836,8.592283348771419,0.015048372137239177,0.1601375856819155,0.12293242343303144,0.004212480057032891,0.9791959429620483,7.556144267397522,0.282615728003801,0.12345973128262826,0.10468158539316126
20250423,dodson,MC_withKanga,0.6211180124223602,13,follower,0.6024096385542169,1.064102564102564,83.0,78.0,1.566265060240964,58,3.1666666666666665,2.976254524891131,0.7690745869021063,3.869916618724487,0.02501054222597589,0.1169132559180676,0.27869149844427654,0.0367905172348477,0.7852888120394339,3.637225628918281,0.282615728003801,0.12345973128262826,0.10468158539316126
20250423,dodson,MC_withKanga,0.6211180124223602,13,follower,0.6024096385542169,1.064102564102564,83.0,78.0,1.566265060240964,59,2.9,2.953825628417259,0.22194589227646314,13.30876457374519,0.024822064104346713,0.10247571421703265,0.2542775798056429,0.022927906956016708,0.38632837218496424,3.92443075606033,0.282615728003801,0.12345973128262826,0.10468158539316126
20250423,dodson,MC_withKanga,0.6211180124223602,13,follower,0.6024096385542169,1.064102564102564,83.0,78.0,1.566265060240964,60,2.8666666666666667,3.3515893439082456,0.6885178694714451,4.867832038231865,0.028164616335363407,0.0792421160439645,0.33349512614207916,0.020930408620584727,0.7475491819225979,3.0202316283049444,0.282615728003801,0.12345973128262826,0.10468158539316126
20250423,dodson,MC_withKanga,0.6211180124223602,13,follower,0.6024096385542169,1.064102564102564,83.0,78.0,1.566265060240964,61,3.2666666666666666,3.8388402662794627,1.2196942643457753,3.147379124832202,0.03225916190150809,0.07839567602073097,0.39883804565755354,0.025158650385271743,0.7615015209215674,2.476351643019908,0.282615728003801,0.12345973128262826,0.10468158539316126
20250423,dodson,MC_withKanga,0.6211180124223602,13,follower,0.6024096385542169,1.064102564102564,83.0,78.0,1.566265060240964,62,2.2666666666666666,3.3440429457669976,0.8475800362812934,3.9454007912205973,0.028101201224932752,0.08463731792613782,0.36603685851645945,0.035131947010669067,0.7807513838655029,2.786404595336596,0.282615728003801,0.12345973128262826,0.10468158539316126
20250423,dodson,MC_withKanga,0.6211180124223602,13,follower,0.6024096385542169,1.064102564102564,83.0,78.0,1.566265060240964,63,4.533333333333333,3.4125949651376764,0.7284570901362581,4.684689065898651,0.028677268614602323,0.10514282910185772,0.3180081079493482,0.01829328198365592,0.7258471272388035,3.0982735024285453,0.282615728003801,0.12345973128262826,0.10468158539316126
20250423,dodson,MC_withKanga,0.6211180124223602,13,follower,0.6024096385542169,1.064102564102564,83.0,78.0,1.566265060240964,64,3.3666666666666667,3.4078100630752086,1.1076459991496113,3.0766238181617003,0.02863705935357318,0.08245940106786756,0.3452483766127601,0.02709845171755669,0.8186031903485981,2.933499945562396,0.282615728003801,0.12345973128262826,0.10468158539316126
20250423,dodson,MC_withKanga,0.6211180124223602,13,follower,0.6024096385542169,1.064102564102564,83.0,78.0,1.566265060240964,65,1.7,2.845209383139631,0.7956213485338888,3.576084764923124,0.023909322547391854,0.09482053763878986,0.29430467668533206,0.010092737935630208,0.9768194007409917,3.4032905563379887,0.282615728003801,0.12345973128262826,0.10468158539316126
20250423,dodson,MC_withKanga,0.6211180124223602,13,follower,0.6024096385542169,1.064102564102564,83.0,78.0,1.566265060240964,66,2.7333333333333334,2.477991206469498,0.27211409022188016,9.106442097316458,0.020823455516550404,0.10898816872743515,0.26991839423293446,0.020596869341976572,0.7246112367524158,3.5715745245898605,0.282615728003801,0.12345973128262826,0.10468158539316126
20250423,dodson,MC_withKanga,0.6211180124223602,13,follower,0.6024096385542169,1.064102564102564,83.0,78.0,1.566265060240964,67,3.1333333333333333,4.858038817486727,1.656236172442156,2.9331800007262516,0.04082385560913216,0.07327998237377728,0.5026676151460676,0.08366978603997638,0.5907358251305215,1.9892420890568663,0.282615728003801,0.12345973128262826,0.10468158539316126
20250423,dodson,MC_withKanga,0.6211180124223602,13,follower,0.6024096385542169,1.064102564102564,83.0,78.0,1.566265060240964,68,3.6333333333333333,4.8596649721226095,1.607481081849026,3.023155312367793,0.040837520774139574,0.1052538231959915,0.5217930901528388,0.05185708357460822,0.5886690367632081,1.961455727711204,0.282615728003801,0.12345973128262826,0.10468158539316126
20250423,dodson,MC_withKanga,0.6211180124223602,13,follower,0.6024096385542169,1.064102564102564,83.0,78.0,1.566265060240964,69,5.433333333333334,2.8069076039400684,1.0413261570495704,2.6955124337728997,0.02358745885663923,0.09979336844880997,0.28101393631060084,0.010939666977721555,0.8968979965422245,3.7877598578634504,0.282615728003801,0.12345973128262826,0.10468158539316126
20250423,dodson,MC_withKanga,0.6211180124223602,13,follower,0.6024096385542169,1.064102564102564,83.0,78.0,1.566265060240964,70,5.133333333333334,2.712951460277731,0.3742622469313201,7.248798088832021,0.0227979114309053,0.1001736824135272,0.2925878766939365,0.028929346228293212,0.47791908581161835,3.3062167400847717,0.282615728003801,0.12345973128262826,0.10468158539316126
20250423,dodson,MC_withKanga,0.6211180124223602,13,follower,0.6024096385542169,1.064102564102564,83.0,78.0,1.566265060240964,71,1.8,3.5400897708178682,0.8952462158966958,3.9543197256321783,0.029748653536284607,0.09998068340585001,0.3821254270908725,0.023875064168952347,0.7970127037856722,2.7706858940019523,0.282615728003801,0.12345973128262826,0.10468158539316126
20250423,dodson,MC_withKanga,0.6211180124223602,13,follower,0.6024096385542169,1.064102564102564,83.0,78.0,1.566265060240964,72,2.2333333333333334,3.8580171017087252,0.568967127178879,6.780738143586622,0.03242031177906492,0.09132404551790141,0.36894505202282146,0.023656845202087294,0.5307738570532651,2.8085518194964054,0.282615728003801,0.12345973128262826,0.10468158539316126
20250423,dodson,MC_withKanga,0.6211180124223602,13,follower,0.6024096385542169,1.064102564102564,83.0,78.0,1.566265060240964,73,4.066666666666666,4.300103704888475,0.9919553201842659,4.334977208539681,0.036135325251163655,0.07630492924891022,0.4889660173030393,0.060984830755159765,0.5762292592485164,2.13594600495376,0.282615728003801,0.12345973128262826,0.10468158539316126
20250423,dodson,MC_withKanga,0.6211180124223602,13,follower,0.6024096385542169,1.064102564102564,83.0,78.0,1.566265060240964,74,3.5,4.24241121196887,1.0387628907641364,4.084099701374642,0.03565051438629302,0.08299430733512439,0.42721866578892287,0.0407156729664267,0.6273438340408418,2.185178153150779,0.282615728003801,0.12345973128262826,0.10468158539316126
20250423,dodson,MC_withKanga,0.6211180124223602,13,follower,0.6024096385542169,1.064102564102564,83.0,78.0,1.566265060240964,75,3.3333333333333335,4.047242838230441,1.1789346881133407,3.4329661168145615,0.0340104440187432,0.08165907566912985,0.398623085221047,0.01872821594650086,0.7005837881992875,2.610459105444955,0.282615728003801,0.12345973128262826,0.10468158539316126
20250423,dodson,MC_withKanga,0.6211180124223602,13,follower,0.6024096385542169,1.064102564102564,83.0,78.0,1.566265060240964,76,3.3,4.211127112726324,0.8158945983002441,5.161361677720846,0.03538762279601953,0.10112181796533838,0.4388738930056815,0.03867820539648528,0.5948455526898418,2.350496392546567,0.282615728003801,0.12345973128262826,0.10468158539316126
20250423,dodson,MC_withKanga,0.6211180124223602,13,follower,0.6024096385542169,1.064102564102564,83.0,78.0,1.566265060240964,77,3.3666666666666667,4.408420603526087,1.5297121540000416,2.88186283412766,0.03704555129013519,0.07718802227973938,0.41373236578764705,0.023891362062484447,0.6845522811372134,2.2711379282266217,0.282615728003801,0.12345973128262826,0.10468158539316126
20250423,dodson,MC_withKanga,0.6211180124223602,13,follower,0.6024096385542169,1.064102564102564,83.0,78.0,1.566265060240964,78,3.966666666666667,5.106331862050717,1.459373247319179,3.49898963231708,0.0429103517819388,0.09482104575814791,0.47551616317609224,0.06770140296704981,0.5204646547214223,2.157403229357243,0.282615728003801,0.12345973128262826,0.10468158539316126
20250428_MC,dodson,MC_withKanga,0.5769230769230769,9,follower,0.6086956521739131,0.7931034482758621,46.0,58.0,1.961352657004831,0,1.8333333333333333,4.371181048321117,0.44750311489034633,9.767934351456317,0.03673261385143796,0.14623106226038657,0.2640188893169614,0.007885297877774295,0.31883235452998904,3.7195215257194114,0.32882502896586685,0.17024246583912228,0.12692873390727646
20250428_MC,dodson,MC_withKanga,0.5769230769230769,9,follower,0.6086956521739131,0.7931034482758621,46.0,58.0,1.961352657004831,1,1.7333333333333334,2.250235903890468,0.5050361087489317,4.455594094974161,0.018909545410844268,0.12319905078703179,0.17899994594630916,0.012854440714255776,1.15226206920216,5.727327688058472,0.32882502896586685,0.17024246583912228,0.12692873390727646
20250428_MC,dodson,MC_withKanga,0.5769230769230769,9,follower,0.6086956521739131,0.7931034482758621,46.0,58.0,1.961352657004831,2,3.8333333333333335,1.7536196685482244,0.3801537734312012,4.612921904523954,0.014736299735699364,0.13941478967799276,0.1476438790599873,0.006089564757058675,1.564436924615129,7.018529919229678,0.32882502896586685,0.17024246583912228,0.12692873390727646
20250428_MC,dodson,MC_withKanga,0.5769230769230769,9,follower,0.6086956521739131,0.7931034482758621,46.0,58.0,1.961352657004831,3,4.5,2.380931946093799,0.6269150339193775,3.797854282116309,0.020007831479779824,0.1350133807442581,0.18360351092197386,0.017417931496414994,0.8750375628585717,5.444627813462932,0.32882502896586685,0.17024246583912228,0.12692873390727646
20250428_MC,dodson,MC_withKanga,0.5769230769230769,9,follower,0.6086956521739131,0.7931034482758621,46.0,58.0,1.961352657004831,4,1.2666666666666666,3.1567321324214945,0.36724552744948763,8.595699325039933,0.026527160776651213,0.14351434783317024,0.20940066447074426,0.008448525564902032,0.5386011146629464,4.7236212983023655,0.32882502896586685,0.17024246583912228,0.12692873390727646
20250428_MC,dodson,MC_withKanga,0.5769230769230769,9,follower,0.6086956521739131,0.7931034482758621,46.0,58.0,1.961352657004831,5,2.3666666666666667,5.714973781290671,0.15291037784945746,37.374662607381346,0.04802498975874513,0.1344751268171323,0.31154943181566813,0.010895289708140745,0.06633181500447288,3.150152804329407,0.32882502896586685,0.17024246583912228,0.12692873390727646
20250428_MC,dodson,MC_withKanga,0.5769230769230769,9,follower,0.6086956521739131,0.7931034482758621,46.0,58.0,1.961352657004831,6,2.9,4.1452394665985715,0.8563289871742805,4.840709036695181,0.034833945097466984,0.1389350564566666,0.2747242277351564,0.024769753866469783,0.5144728398520622,3.9587561213419145,0.32882502896586685,0.17024246583912228,0.12692873390727646
20250428_MC,dodson,MC_withKanga,0.5769230769230769,9,follower,0.6086956521739131,0.7931034482758621,46.0,58.0,1.961352657004831,7,4.766666666666667,3.6107965097585395,0.4521606478366952,7.985649629249989,0.03034282781309697,0.13956641676959225,0.24313032646018887,0.013276007181097307,0.7271598531530936,4.274977593451945,0.32882502896586685,0.17024246583912228,0.12692873390727646
20250428_MC,dodson,MC_withKanga,0.5769230769230769,9,follower,0.6086956521739131,0.7931034482758621,46.0,58.0,1.961352657004831,8,2.533333333333333,2.9063459638811246,0.588860052971607,4.935546144138359,0.02442307532673214,0.12519236768543318,0.20298833449699683,0.011400368277164438,0.6612629847037069,5.269208089463507,0.32882502896586685,0.17024246583912228,0.12692873390727646
20250428_MC,dodson,MC_withKanga,0.5769230769230769,9,follower,0.6086956521739131,0.7931034482758621,46.0,58.0,1.961352657004831,9,4.866666666666666,2.642875428236406,0.5759852732954813,4.588442709854852,0.02220903721207064,0.13180409571417281,0.17818504531112472,0.012343010520377328,0.7809507076024431,6.041822165235004,0.32882502896586685,0.17024246583912228,0.12692873390727646
20250428_MC,dodson,MC_withKanga,0.5769230769230769,9,follower,0.6086956521739131,0.7931034482758621,46.0,58.0,1.961352657004831,10,1.7,2.777949961288849,0.3858903102185042,7.198807245810032,0.023344117321755033,0.13302843313012513,0.21368471627792934,0.02320388230462356,0.6585381943547541,4.793553361873993,0.32882502896586685,0.17024246583912228,0.12692873390727646
20250428_MC,dodson,MC_withKanga,0.5769230769230769,9,follower,0.6086956521739131,0.7931034482758621,46.0,58.0,1.961352657004831,11,1.8333333333333333,2.718785190518087,0.3358355464075503,8.095584936142313,0.022846934374101572,0.1355541421398714,0.15878382796524992,0.007154037557657756,0.42360748103891366,6.32577747476858,0.32882502896586685,0.17024246583912228,0.12692873390727646
20250428_MC,dodson,MC_withKanga,0.5769230769230769,9,follower,0.6086956521739131,0.7931034482758621,46.0,58.0,1.961352657004831,12,5.266666666666667,2.901559494756932,0.4204691653650602,6.900766414673326,0.024382852897117075,0.14075765683955085,0.19125707484066015,0.017629685201049308,0.740603176564518,5.2511725123076225,0.32882502896586685,0.17024246583912228,0.12692873390727646
20250428_MC,dodson,MC_withKanga,0.5769230769230769,9,follower,0.6086956521739131,0.7931034482758621,46.0,58.0,1.961352657004831,13,3.3,4.658174993684252,0.6641845312372503,7.013374709294949,0.039144327678018925,0.13527662346539532,0.28671735203333787,0.03269975439465981,0.3629994862896056,3.4855394713242007,0.32882502896586685,0.17024246583912228,0.12692873390727646
20250428_MC,dodson,MC_withKanga,0.5769230769230769,9,follower,0.6086956521739131,0.7931034482758621,46.0,58.0,1.961352657004831,14,1.9333333333333333,4.161822058580987,0.8622180691775228,4.826878729821778,0.03497329460992426,0.14042937371902328,0.27130946405201045,0.009751070350690678,0.562839498107149,3.958146182300355,0.32882502896586685,0.17024246583912228,0.12692873390727646
20250428_MC,dodson,MC_withKanga,0.5769230769230769,9,follower,0.6086956521739131,0.7931034482758621,46.0,58.0,1.961352657004831,15,4.4,5.957869496344275,0.7223794713487361,8.24756202611972,0.050066130221380456,0.13096135408628795,0.35891305156580106,0.038361333792890626,0.2214717779848012,2.9178065971426124,0.32882502896586685,0.17024246583912228,0.12692873390727646
20250428_MC,dodson,MC_withKanga,0.5769230769230769,9,follower,0.6086956521739131,0.7931034482758621,46.0,58.0,1.961352657004831,16,4.433333333333334,7.976436049779553,0.9020928941723808,8.842144862583671,0.0670288743678954,0.13201930488890323,0.5067656692802848,0.05562570704295847,0.29350732150897174,2.064689719611539,0.32882502896586685,0.17024246583912228,0.12692873390727646
20250428_MC,dodson,MC_withKanga,0.5769230769230769,9,follower,0.6086956521739131,0.7931034482758621,46.0,58.0,1.961352657004831,17,4.4,6.559932019877472,1.131829136451274,5.795867775983766,0.055125479158634215,0.14484238357719043,0.42728043066534677,0.052758974931838794,0.3608298306393731,2.5126607593079204,0.32882502896586685,0.17024246583912228,0.12692873390727646
20250428_MC,dodson,MC_withKanga,0.5769230769230769,9,follower,0.6086956521739131,0.7931034482758621,46.0,58.0,1.961352657004831,18,3.1666666666666665,7.3428925445689215,1.0282045253461523,7.141470751742593,0.061704979366125394,0.1379019130346733,0.5008576060932259,0.05938647983191663,0.2622680725649541,2.0304830437235943,0.32882502896586685,0.17024246583912228,0.12692873390727646
20250428_MC,dodson,MC_withKanga,0.5769230769230769,9,follower,0.6086956521739131,0.7931034482758621,46.0,58.0,1.961352657004831,19,2.0,3.4173687263206554,0.46512490782965743,7.3472064574365845,0.028717384254795423,0.13914828966280735,0.27176694799521617,0.05030254785956259,0.517301211102739,3.8085621789434705,0.32882502896586685,0.17024246583912228,0.12692873390727646
20250428_MC,dodson,MC_withKanga,0.5769230769230769,9,follower,0.6086956521739131,0.7931034482758621,46.0,58.0,1.961352657004831,20,3.6333333333333333,3.2665805170913798,0.6647026712739819,4.914348412096177,0.02745025644614605,0.1414977877262222,0.24782255207651846,0.025071154460021942,0.8155257277443012,4.066725548673534,0.32882502896586685,0.17024246583912228,0.12692873390727646
20250428_MC,dodson,MC_withKanga,0.5769230769230769,9,follower,0.6086956521739131,0.7931034482758621,46.0,58.0,1.961352657004831,21,4.5,4.8361777199136675,0.6284852272679127,7.694974376624586,0.040640148906837543,0.1345759252340026,0.3166498778215882,0.047166535720950725,0.2630066197048933,3.2253442936450836,0.32882502896586685,0.17024246583912228,0.12692873390727646
20250428_MC,dodson,MC_withKanga,0.5769230769230769,9,follower,0.6086956521739131,0.7931034482758621,46.0,58.0,1.961352657004831,22,3.2,3.7690631234842042,0.9240652633651996,4.0787845544137005,0.03167279935701012,0.13115361561057187,0.2719166202099382,0.031134124426389524,0.6549892469879794,3.704020449013282,0.32882502896586685,0.17024246583912228,0.12692873390727646
20250428_MC,dodson,MC_withKanga,0.5769230769230769,9,follower,0.6086956521739131,0.7931034482758621,46.0,58.0,1.961352657004831,23,1.7666666666666666,4.570512072035713,1.384686471762032,3.300755922183363,0.03840766447088835,0.12948459373089008,0.34751613371483514,0.10834832542638251,0.43692561760716125,3.084116974451167,0.32882502896586685,0.17024246583912228,0.12692873390727646
20250428_MC,dodson,MC_withKanga,0.5769230769230769,9,follower,0.6086956521739131,0.7931034482758621,46.0,58.0,1.961352657004831,24,2.5,3.0294237130805564,0.6370085122343212,4.755703659994726,0.025457342126727366,0.12492836596919593,0.24458578720158014,0.0490196283132515,0.5230418769166483,4.2003624070476855,0.32882502896586685,0.17024246583912228,0.12692873390727646
20250428_MC,dodson,MC_withKanga,0.5769230769230769,9,follower,0.6086956521739131,0.7931034482758621,46.0,58.0,1.961352657004831,25,3.433333333333333,3.6531611638219306,0.43024621375792316,8.490861853062981,0.03069883330942799,0.13811029007597594,0.23451321396263058,0.01950128011845209,0.5744088046444249,4.496323307189365,0.32882502896586685,0.17024246583912228,0.12692873390727646
20250428_MC,dodson,MC_withKanga,0.5769230769230769,9,follower,0.6086956521739131,0.7931034482758621,46.0,58.0,1.961352657004831,26,3.1666666666666665,3.9659215894884188,0.5989701699612536,6.621233891739496,0.03332707218057495,0.1349930087781509,0.28516740995691536,0.019154928350600196,0.5785992761542729,3.499995088922159,0.32882502896586685,0.17024246583912228,0.12692873390727646
20250428_MC,dodson,MC_withKanga,0.5769230769230769,9,follower,0.6086956521739131,0.7931034482758621,46.0,58.0,1.961352657004831,27,3.466666666666667,3.9965608932677923,1.0243776767770274,3.901452544184745,0.033584545321578084,0.13710153607700235,0.28716086928864043,0.012205711798185446,0.7035503451176166,3.779648530252297,0.32882502896586685,0.17024246583912228,0.12692873390727646
20250428_MC,dodson,MC_withKanga,0.5769230769230769,9,follower,0.6086956521739131,0.7931034482758621,46.0,58.0,1.961352657004831,28,4.966666666666667,1.936129980818137,0.3495429562071708,5.539033032811599,0.016269999838807874,0.1292766377446428,0.14934488721515507,0.006268326513854909,1.228852892619188,6.706570865478863,0.32882502896586685,0.17024246583912228,0.12692873390727646
20250428_MC,dodson,MC_withKanga,0.5769230769230769,9,follower,0.6086956521739131,0.7931034482758621,46.0,58.0,1.961352657004831,29,4.366666666666666,3.9409306177399466,0.8592085681399305,4.586698461668655,0.0331170640146214,0.12954225842190303,0.26986655399787385,0.038262886545565256,0.5797480389019477,4.031884215425225,0.32882502896586685,0.17024246583912228,0.12692873390727646
20250428_MC,dodson,MC_withKanga,0.5769230769230769,9,follower,0.6086956521739131,0.7931034482758621,46.0,58.0,1.961352657004831,30,4.6,3.1219303857532115,0.5431405187623239,5.747923931116904,0.026234709123976567,0.13765945282346997,0.19762705456285345,0.01978367686597074,0.6825755835602499,5.398362635330761,0.32882502896586685,0.17024246583912228,0.12692873390727646
20250428_MC,dodson,MC_withKanga,0.5769230769230769,9,follower,0.6086956521739131,0.7931034482758621,46.0,58.0,1.961352657004831,31,4.366666666666666,3.757542032291993,0.6500686261646659,5.780223627251606,0.03157598346463859,0.13562474587932583,0.23283170364109515,0.013263191687911907,0.5319550733264458,4.426728280845451,0.32882502896586685,0.17024246583912228,0.12692873390727646
20250428_MC,dodson,MC_withKanga,0.5769230769230769,9,follower,0.6086956521739131,0.7931034482758621,46.0,58.0,1.961352657004831,32,3.033333333333333,3.5108263829059574,0.6339611142395851,5.537920708460289,0.029502742713495442,0.14088101533469632,0.24156671475695113,0.029143940004686862,0.6665336532440639,4.2518897549732415,0.32882502896586685,0.17024246583912228,0.12692873390727646
20250428_MC,dodson,MC_withKanga,0.5769230769230769,9,follower,0.6086956521739131,0.7931034482758621,46.0,58.0,1.961352657004831,33,3.1666666666666665,4.064201491229614,0.6192618796982484,6.562977028732986,0.034152953707811885,0.14064426175169162,0.262888112950892,0.036493347472472876,0.5795154230979046,3.8289407916720557,0.32882502896586685,0.17024246583912228,0.12692873390727646
20250428_MC,dodson,MC_withKanga,0.5769230769230769,9,follower,0.6086956521739131,0.7931034482758621,46.0,58.0,1.961352657004831,34,4.433333333333334,3.2507165383367203,0.6438756971501295,5.048670966655177,0.027316945700308574,0.1422517958005405,0.22267200831137698,0.019410215784054195,0.6916757241776841,4.757872698045798,0.32882502896586685,0.17024246583912228,0.12692873390727646
20250428_MC,dodson,MC_withKanga,0.5769230769230769,9,follower,0.6086956521739131,0.7931034482758621,46.0,58.0,1.961352657004831,35,6.7,4.617938302697448,0.9246392047655911,4.994313759244244,0.0388062042243483,0.1386687727336414,0.30271895748787175,0.009597325717155514,0.5944038752689405,3.301767473167191,0.32882502896586685,0.17024246583912228,0.12692873390727646
20250428_MC,dodson,MC_withKanga,0.5769230769230769,9,follower,0.6086956521739131,0.7931034482758621,46.0,58.0,1.961352657004831,36,3.433333333333333,3.980952500103099,0.8124297243815759,4.900057667305825,0.033453382353807556,0.13240583944288997,0.26365032684068157,0.02556063118986167,0.4935527254349092,4.028727788857731,0.32882502896586685,0.17024246583912228,0.12692873390727646
20250428_MC,dodson,MC_withKanga,0.5769230769230769,9,follower,0.6086956521739131,0.7931034482758621,46.0,58.0,1.961352657004831,37,3.2666666666666666,3.921690355484056,1.0868784329493832,3.6082143472495347,0.03295538113852148,0.13114152555208589,0.27782354565827927,0.04120204251152621,0.5599992350321005,3.9091832817455265,0.32882502896586685,0.17024246583912228,0.12692873390727646
20250428_MC,dodson,MC_withKanga,0.5769230769230769,9,follower,0.6086956521739131,0.7931034482758621,46.0,58.0,1.961352657004831,38,3.2333333333333334,4.366421634136766,0.9914498211110784,4.40407728274487,0.036692618774258536,0.13162555807575138,0.2965319273642855,0.048451346129093555,0.46904544539397314,3.5625330182071497,0.32882502896586685,0.17024246583912228,0.12692873390727646
20250428_MC,dodson,MC_withKanga,0.5769230769230769,9,follower,0.6086956521739131,0.7931034482758621,46.0,58.0,1.961352657004831,39,5.366666666666666,3.107687352439816,0.5826238813790076,5.333951202076126,0.026115019768401814,0.13386660117482452,0.2141388879610482,0.010093205934784551,0.9269079538359656,4.958371335800234,0.32882502896586685,0.17024246583912228,0.12692873390727646
20250428_MC,dodson,MC_withKanga,0.5769230769230769,9,follower,0.6086956521739131,0.7931034482758621,46.0,58.0,1.961352657004831,40,2.2666666666666666,3.3656679129648728,0.30545658015057714,11.018482271050575,0.028282923638360276,0.13882155064857876,0.2004271573371724,0.01963752121023082,0.34728759815855664,5.126498024443719,0.32882502896586685,0.17024246583912228,0.12692873390727646
20250428_MC,dodson,MC_withKanga,0.5769230769230769,9,follower,0.6086956521739131,0.7931034482758621,46.0,58.0,1.961352657004831,41,4.166666666666667,2.157359063274844,0.3910718557275866,5.5165285654757525,0.018129067758612134,0.1354120583855758,0.14545553920864052,0.00165652108922387,1.1530768457138427,6.821469810546426,0.32882502896586685,0.17024246583912228,0.12692873390727646
20250429_MC,dodson,MC_withKanga,0.7536231884057971,7,leader,0.5555555555555556,1.0909090909090908,36.0,33.0,1.0784313725490198,0,4.7,1.463042408544657,0.45428292665692743,3.220553365963367,0.012294474021383672,0.1498864422572598,0.1313153516316795,0.0024695105240241434,1.7994885585021227,7.834217126678476,0.3212906638174351,0.310499167825727,0.202122910643841
20250429_MC,dodson,MC_withKanga,0.7536231884057971,7,leader,0.5555555555555556,1.0909090909090908,36.0,33.0,1.0784313725490198,1,2.033333333333333,1.8694410756247635,0.48637919397806567,3.843587675563832,0.01570958887079633,0.14074831490302897,0.16525647549926495,0.013230315391192944,0.9078056692140205,5.974528494622051,0.3212906638174351,0.310499167825727,0.202122910643841
20250429_MC,dodson,MC_withKanga,0.7536231884057971,7,leader,0.5555555555555556,1.0909090909090908,36.0,33.0,1.0784313725490198,2,5.0,2.8088043531757356,0.5756708072970088,4.879184974419894,0.02360339792584652,0.14825413961270045,0.18321170757810182,0.0073454912509228676,0.37627478679632165,5.731597897058354,0.3212906638174351,0.310499167825727,0.202122910643841
20250429_MC,dodson,MC_withKanga,0.7536231884057971,7,leader,0.5555555555555556,1.0909090909090908,36.0,33.0,1.0784313725490198,3,2.2666666666666666,1.9156045171353193,0.5289478893905559,3.621537311250913,0.01609751695071697,0.15836801575943463,0.1789691746948508,0.010636568232539764,1.0245163489560818,5.649543617645823,0.3212906638174351,0.310499167825727,0.202122910643841
20250429_MC,dodson,MC_withKanga,0.7536231884057971,7,leader,0.5555555555555556,1.0909090909090908,36.0,33.0,1.0784313725490198,4,2.6,2.48242559544394,0.5048924022802049,4.916741832978197,0.020860719289444874,0.14201619371046761,0.19672019114656908,0.02528191313963592,0.6964902147427241,5.202837417103767,0.3212906638174351,0.310499167825727,0.202122910643841
20250429_MC,dodson,MC_withKanga,0.7536231884057971,7,leader,0.5555555555555556,1.0909090909090908,36.0,33.0,1.0784313725490198,5,2.433333333333333,2.333931703461041,0.6214100935690958,3.755863845171879,0.01961287145765581,0.14741607571320123,0.18208116059067947,0.017305196325917895,0.8589006987664871,6.023792907845008,0.3212906638174351,0.310499167825727,0.202122910643841
20250429_MC,dodson,MC_withKanga,0.7536231884057971,7,leader,0.5555555555555556,1.0909090909090908,36.0,33.0,1.0784313725490198,6,2.7,2.023192381706247,0.6170447244553491,3.278842361859704,0.01700161665299367,0.1506546253106289,0.18165217606310577,0.012353787737915858,1.036824470546431,5.316596826623045,0.3212906638174351,0.310499167825727,0.202122910643841
20250429_MC,dodson,MC_withKanga,0.7536231884057971,7,leader,0.5555555555555556,1.0909090909090908,36.0,33.0,1.0784313725490198,7,2.533333333333333,2.52184348918416,0.4937055218824591,5.10799125674871,0.021191962093984537,0.1506591625608767,0.15335292040456688,0.009966809851131408,0.7548888986004599,6.691250922771394,0.3212906638174351,0.310499167825727,0.202122910643841
20250429_MC,dodson,MC_withKanga,0.7536231884057971,7,leader,0.5555555555555556,1.0909090909090908,36.0,33.0,1.0784313725490198,8,2.8333333333333335,1.8406064835832288,0.6412772179242908,2.8702196680882723,0.015467281374648981,0.13821209056109615,0.20388536487847814,0.009181508743501434,1.6793433038015777,5.469637046949918,0.3212906638174351,0.310499167825727,0.202122910643841
20250429_MC,dodson,MC_withKanga,0.7536231884057971,7,leader,0.5555555555555556,1.0909090909090908,36.0,33.0,1.0784313725490198,9,3.3666666666666667,2.9008889850146327,0.45534915772392387,6.370691448107231,0.0243772183614675,0.1506378591560762,0.17407652920738362,0.009355480225416272,0.8266960184384688,5.962839436912283,0.3212906638174351,0.310499167825727,0.202122910643841
20250429_MC,dodson,MC_withKanga,0.7536231884057971,7,leader,0.5555555555555556,1.0909090909090908,36.0,33.0,1.0784313725490198,10,2.7,1.694847158729997,0.3741938717714498,4.529329009869985,0.014242413098571403,0.14744419383101348,0.18278330034873821,0.009708962524480048,0.8738404790335484,5.870606068127775,0.3212906638174351,0.310499167825727,0.202122910643841
20250429_MC,dodson,MC_withKanga,0.7536231884057971,7,leader,0.5555555555555556,1.0909090909090908,36.0,33.0,1.0784313725490198,11,3.0,3.415293401520526,1.554915928543383,2.196448913299069,0.028699944550592653,0.1484347566408627,0.3256198479471852,0.0433128342091013,0.8641729889040443,3.0806060964964823,0.3212906638174351,0.310499167825727,0.202122910643841
20250429_MC,dodson,MC_withKanga,0.7536231884057971,7,leader,0.5555555555555556,1.0909090909090908,36.0,33.0,1.0784313725490198,12,2.7666666666666666,4.778890825446039,0.881233740931903,5.422954890937756,0.040158746432319654,0.14961986362955954,0.37573084795779743,0.07832325542264044,0.38971507821203455,2.75347407770838,0.3212906638174351,0.310499167825727,0.202122910643841
20250429_MC,dodson,MC_withKanga,0.7536231884057971,7,leader,0.5555555555555556,1.0909090909090908,36.0,33.0,1.0784313725490198,13,2.8333333333333335,4.5711597956929335,0.5528976028064411,8.267642638510788,0.03841310752683137,0.16410517836274863,0.3060824322508105,0.0768765694566676,0.4514301950581055,3.327720362035532,0.3212906638174351,0.310499167825727,0.202122910643841
20250429_MC,dodson,MC_withKanga,0.7536231884057971,7,leader,0.5555555555555556,1.0909090909090908,36.0,33.0,1.0784313725490198,14,2.933333333333333,4.269915663242055,0.9443524117576987,4.521527779332476,0.035881644228924835,0.1503937800032387,0.2870145085951048,0.02822612693895888,0.5496596245267803,3.565676203144201,0.3212906638174351,0.310499167825727,0.202122910643841
20250429_MC,dodson,MC_withKanga,0.7536231884057971,7,leader,0.5555555555555556,1.0909090909090908,36.0,33.0,1.0784313725490198,15,2.5,3.0045848438284866,0.17410400589735764,17.257413626656174,0.025248612133012494,0.16322494566098153,0.19445945183903096,0.007703630759435778,0.18468879564258428,5.378416267736215,0.3212906638174351,0.310499167825727,0.202122910643841
20250429_MC,dodson,MC_withKanga,0.7536231884057971,7,leader,0.5555555555555556,1.0909090909090908,36.0,33.0,1.0784313725490198,16,3.533333333333333,1.9393288180511437,0.6070825357474794,3.19450602489053,0.01629688082395919,0.15366082114227916,0.18815229626908594,0.008772777971072768,1.3514087776848536,5.580444578425066,0.3212906638174351,0.310499167825727,0.202122910643841
20250429_MC,dodson,MC_withKanga,0.7536231884057971,7,leader,0.5555555555555556,1.0909090909090908,36.0,33.0,1.0784313725490198,17,3.7666666666666666,2.0390802155364964,0.5800804180222895,3.515168159767367,0.01713512786165123,0.15644644570846797,0.16016908210756806,0.0028699529327782134,1.3870806903906547,6.236373104449959,0.3212906638174351,0.310499167825727,0.202122910643841
20250429_MC,dodson,MC_withKanga,0.7536231884057971,7,leader,0.5555555555555556,1.0909090909090908,36.0,33.0,1.0784313725490198,18,3.466666666666667,2.735306909177596,0.677002342403866,4.040321189237256,0.022985772346030216,0.1529423674525958,0.19439625310873646,0.010163419397572466,0.8886701531698494,5.779849159027062,0.3212906638174351,0.310499167825727,0.202122910643841
20250429_MC,dodson,MC_withKanga,0.7536231884057971,7,leader,0.5555555555555556,1.0909090909090908,36.0,33.0,1.0784313725490198,19,3.1666666666666665,2.685126297063998,0.23264491875395288,11.541736271075877,0.022564086529949564,0.14928258801924169,0.21098898441641298,0.0031807912805034695,0.17869113467100012,4.59724021160972,0.3212906638174351,0.310499167825727,0.202122910643841
20250429_MC,dodson,MC_withKanga,0.7536231884057971,7,leader,0.5555555555555556,1.0909090909090908,36.0,33.0,1.0784313725490198,20,3.6666666666666665,2.661703463188406,0.7475917503986773,3.5603702980523355,0.02236725599317988,0.1502092835923082,0.16687774822817616,0.008662638970126339,0.7386546000434039,6.10291511175397,0.3212906638174351,0.310499167825727,0.202122910643841
20250429_MC,dodson,MC_withKanga,0.7536231884057971,7,leader,0.5555555555555556,1.0909090909090908,36.0,33.0,1.0784313725490198,21,2.933333333333333,2.2407081809669975,0.18993525578635623,11.797220961901882,0.01882948051232771,0.1510099687463231,0.17916629199868578,0.009155919169188355,0.33786020984740167,5.973098027685395,0.3212906638174351,0.310499167825727,0.202122910643841
20250429_MC,dodson,MC_withKanga,0.7536231884057971,7,leader,0.5555555555555556,1.0909090909090908,36.0,33.0,1.0784313725490198,22,3.8,3.4352137571999815,0.1308351054516007,26.256055248648504,0.028867342497478837,0.15999533899267848,0.19080193062409354,0.00498741924109318,0.17233271183754756,5.323143937209469,0.3212906638174351,0.310499167825727,0.202122910643841
20250429_MC,dodson,MC_withKanga,0.7536231884057971,7,leader,0.5555555555555556,1.0909090909090908,36.0,33.0,1.0784313725490198,23,2.6666666666666665,3.3639443668403373,0.09292579464213732,36.20032930355973,0.028268440057481827,0.16142002211794493,0.20736810835063244,0.005054047111450819,0.042359232135508074,5.014371333446453,0.3212906638174351,0.310499167825727,0.202122910643841
20250429_MC,dodson,MC_withKanga,0.7536231884057971,7,leader,0.5555555555555556,1.0909090909090908,36.0,33.0,1.0784313725490198,24,3.7,2.2517143746719737,0.6041787582187641,3.7269009279810885,0.018921969535058602,0.15390247114422312,0.18313107727319552,0.006511181690365351,0.938453757224182,5.337041137567733,0.3212906638174351,0.310499167825727,0.202122910643841
20250429_MC,dodson,MC_withKanga,0.7536231884057971,7,leader,0.5555555555555556,1.0909090909090908,36.0,33.0,1.0784313725490198,25,3.2666666666666666,2.517061575187329,0.2015729087550088,12.48710251161062,0.021151777942750662,0.1422103393324535,0.18168589568499832,0.0025588257662308733,0.07187272576423101,5.277041428987166,0.3212906638174351,0.310499167825727,0.202122910643841
20250429_MC,dodson,MC_withKanga,0.7536231884057971,7,leader,0.5555555555555556,1.0909090909090908,36.0,33.0,1.0784313725490198,26,2.3666666666666667,2.620524189634909,0.29073721473557834,9.013377224578013,0.02202121167760428,0.15966743624348487,0.18948594964922627,0.011182312412408026,0.3369788512867949,5.508673505725646,0.3212906638174351,0.310499167825727,0.202122910643841
20250429_MC,dodson,MC_withKanga,0.7536231884057971,7,leader,0.5555555555555556,1.0909090909090908,36.0,33.0,1.0784313725490198,27,2.1666666666666665,2.119404044019006,0.353551178864557,5.9946173870090105,0.01781011801696644,0.1548587511377527,0.16232683810196064,0.011342006361287604,0.8247773242964663,6.02791153894883,0.3212906638174351,0.310499167825727,0.202122910643841
20250429_MC,dodson,MC_withKanga,0.7536231884057971,7,leader,0.5555555555555556,1.0909090909090908,36.0,33.0,1.0784313725490198,28,4.333333333333333,1.5767974918851626,0.07724468312445457,20.413022982367195,0.013250399091471955,0.14882906385270406,0.12808704736998774,0.001904916836804002,0.2611955077451036,7.085673486169154,0.3212906638174351,0.310499167825727,0.202122910643841
20250429_MC,dodson,MC_withKanga,0.7536231884057971,7,leader,0.5555555555555556,1.0909090909090908,36.0,33.0,1.0784313725490198,29,5.533333333333333,1.8543411022879475,0.35276645996870887,5.256568616110589,0.01558269833855418,0.14658504412778847,0.12892799813227968,0.005252014123746652,0.7074323069920223,7.79099913423912,0.3212906638174351,0.310499167825727,0.202122910643841
20250429_MC,dodson,MC_withKanga,0.7536231884057971,7,leader,0.5555555555555556,1.0909090909090908,36.0,33.0,1.0784313725490198,30,3.0,1.3517907186311777,0.6241448095143742,2.16582866351634,0.011359585870850232,0.13849072440256643,0.1540775916107386,0.004723324602144873,1.6694063596851492,7.391032352386332,0.3212906638174351,0.310499167825727,0.202122910643841
20250429_MC,dodson,MC_withKanga,0.7536231884057971,7,leader,0.5555555555555556,1.0909090909090908,36.0,33.0,1.0784313725490198,31,3.7666666666666666,2.02062940528477,0.7639156070809608,2.6450950688203716,0.01698007903600647,0.1517780298069187,0.1517024820296812,0.0038836204082371008,1.3296570688024247,7.070653315765643,0.3212906638174351,0.310499167825727,0.202122910643841
20250429_MC,dodson,MC_withKanga,0.7536231884057971,7,leader,0.5555555555555556,1.0909090909090908,36.0,33.0,1.0784313725490198,32,2.0,1.7488777127912447,0.15200818797759844,11.505154663438118,0.014696451367993652,0.1424583657717648,0.1380316226183335,0.006024685991681423,0.31020676483813203,7.238775227099999,0.3212906638174351,0.310499167825727,0.202122910643841
20250429_MC,dodson,MC_withKanga,0.7536231884057971,7,leader,0.5555555555555556,1.0909090909090908,36.0,33.0,1.0784313725490198,33,7.5,2.5780450931156538,0.4370584888760886,5.898627206040977,0.021664244479963478,0.15564452797994904,0.21280944485480094,0.009979293924373016,0.7198017016937792,5.007449452295012,0.3212906638174351,0.310499167825727,0.202122910643841
20250429_MC,dodson,MC_withKanga,0.7536231884057971,7,leader,0.5555555555555556,1.0909090909090908,36.0,33.0,1.0784313725490198,34,3.6666666666666665,1.8965370555408463,0.33560795465294696,5.65104917582201,0.015937286181015514,0.15122061695415565,0.1391621914422321,0.006082455960675417,0.5672560283253847,7.138278331288221,0.3212906638174351,0.310499167825727,0.202122910643841
20250429_MC,dodson,MC_withKanga,0.7536231884057971,7,leader,0.5555555555555556,1.0909090909090908,36.0,33.0,1.0784313725490198,35,3.7,3.977383142601818,0.49860249476744845,7.977062257694672,0.03342338775295645,0.15626026690601616,0.26644717222788145,0.03782354122264466,0.39066410078156905,3.7359127472545275,0.3212906638174351,0.310499167825727,0.202122910643841
20240509,kanga,MC,0.7862068965517242,14,follower,0.6075949367088608,1.196969696969697,79.0,66.0,2.227848101265823,0,3.8666666666666667,2.975230812086494,0.6890319606346871,4.317986656737843,0.025001939597365495,0.11240785232093539,0.27952346852464155,0.04357800944116649,0.7683333065948059,3.7220152376166338,0.16849135326687778,0.10704528642534238,0.097742144497345
20240509,kanga,MC,0.7862068965517242,14,follower,0.6075949367088608,1.196969696969697,79.0,66.0,2.227848101265823,1,2.9,3.837094382919411,1.153644591900779,3.3260628185300125,0.032244490612768156,0.08578780331862211,0.4042390644403471,0.03564517175344058,0.7769298378466246,2.499660736288858,0.16849135326687778,0.10704528642534238,0.097742144497345
20240509,kanga,MC,0.7862068965517242,14,follower,0.6075949367088608,1.196969696969697,79.0,66.0,2.227848101265823,2,2.9,4.101454263126169,1.0049323783099806,4.081323630972748,0.03446600221114428,0.09796730108879387,0.38041962853373135,0.07199497277264094,0.5971257620292877,2.536400999533994,0.16849135326687778,0.10704528642534238,0.097742144497345
20240509,kanga,MC,0.7862068965517242,14,follower,0.6075949367088608,1.196969696969697,79.0,66.0,2.227848101265823,3,3.9,3.2935310524115424,1.0411437108389097,3.1633779449695316,0.027676731532870105,0.0903882841865228,0.3207000765785054,0.04092428828052497,0.8571456439364376,2.964588495499275,0.16849135326687778,0.10704528642534238,0.097742144497345
20240509,kanga,MC,0.7862068965517242,14,follower,0.6075949367088608,1.196969696969697,79.0,66.0,2.227848101265823,4,3.7333333333333334,4.197584032937891,0.6707558817105889,6.257990645170403,0.035273815402839415,0.09824107348674357,0.3956889603155949,0.09866548929883122,0.5102648956440149,2.4235482456909874,0.16849135326687778,0.10704528642534238,0.097742144497345
20240509,kanga,MC,0.7862068965517242,14,follower,0.6075949367088608,1.196969696969697,79.0,66.0,2.227848101265823,5,3.1,3.7684935980667396,0.7074423612844276,5.326926692974235,0.031668013429132266,0.1031467099431391,0.3712835706232968,0.0454338082066711,0.7348313068579575,2.5374843183194704,0.16849135326687778,0.10704528642534238,0.097742144497345
20240509,kanga,MC,0.7862068965517242,14,follower,0.6075949367088608,1.196969696969697,79.0,66.0,2.227848101265823,6,3.933333333333333,3.5399909495616804,0.7615617371916088,4.648330892536713,0.029747823105560338,0.0884288803132934,0.35548229021280864,0.03734720600470774,0.7680189453020713,2.8282020963089165,0.16849135326687778,0.10704528642534238,0.097742144497345
20240509,kanga,MC,0.7862068965517242,14,follower,0.6075949367088608,1.196969696969697,79.0,66.0,2.227848101265823,7,1.6666666666666667,2.5180528869568217,0.35817219533918637,7.0302857668006435,0.021160108293754806,0.09327825693157837,0.2775295057133316,0.022526044568674294,0.7499693047476474,3.3950054381284027,0.16849135326687778,0.10704528642534238,0.097742144497345
20240509,kanga,MC,0.7862068965517242,14,follower,0.6075949367088608,1.196969696969697,79.0,66.0,2.227848101265823,8,3.3,3.561811343693328,0.8966711467126764,3.9722604622122986,0.029931187762128806,0.10459657441874641,0.3615080440377472,0.07215911218008202,0.6049239190244621,2.6883718670167576,0.16849135326687778,0.10704528642534238,0.097742144497345
20240509,kanga,MC,0.7862068965517242,14,follower,0.6075949367088608,1.196969696969697,79.0,66.0,2.227848101265823,9,1.1666666666666667,3.0337259059534065,0.13981433208569827,21.698246958644443,0.02549349500801182,0.11581865398464221,0.31973347639978683,0.03703741390222399,0.17919782569924572,2.746354198065251,0.16849135326687778,0.10704528642534238,0.097742144497345
20240509,kanga,MC,0.7862068965517242,14,follower,0.6075949367088608,1.196969696969697,79.0,66.0,2.227848101265823,10,3.433333333333333,2.748503299430268,0.6737482788177708,4.079421626505791,0.02309666638176696,0.11291973615773464,0.24696616797782348,0.02567795004725324,0.9746042546699657,3.9484981776802632,0.16849135326687778,0.10704528642534238,0.097742144497345
20240509,kanga,MC,0.7862068965517242,14,follower,0.6075949367088608,1.196969696969697,79.0,66.0,2.227848101265823,11,4.233333333333333,2.6485114999069257,0.3129078720563519,8.464189419401864,0.022256399158881727,0.1486676263326856,0.2186941747146845,0.010700312483179668,0.5753198730851272,4.120920486971106,0.16849135326687778,0.10704528642534238,0.097742144497345
20240509,kanga,MC,0.7862068965517242,14,follower,0.6075949367088608,1.196969696969697,79.0,66.0,2.227848101265823,12,3.3333333333333335,3.706255636620157,1.0007797196354495,3.703368047835963,0.03114500534974922,0.11197631955433973,0.35093796563642193,0.04893353819989821,0.7322932915321109,3.0798219532696307,0.16849135326687778,0.10704528642534238,0.097742144497345
20240509,kanga,MC,0.7862068965517242,14,follower,0.6075949367088608,1.196969696969697,79.0,66.0,2.227848101265823,13,3.2666666666666666,4.276411257474524,0.8322257027418034,5.138523411840926,0.03593622905440776,0.1062374427707944,0.3724423794366492,0.0760189758919157,0.45242261716367704,2.6802844744743544,0.16849135326687778,0.10704528642534238,0.097742144497345
20240509,kanga,MC,0.7862068965517242,14,follower,0.6075949367088608,1.196969696969697,79.0,66.0,2.227848101265823,14,2.966666666666667,4.135433589012236,0.23273771009301747,17.768644313632894,0.034751542764808706,0.10906473031775822,0.3638917412872872,0.04902204294965361,0.13641393013705505,2.6801071578117552,0.16849135326687778,0.10704528642534238,0.097742144497345
20240509,kanga,MC,0.7862068965517242,14,follower,0.6075949367088608,1.196969696969697,79.0,66.0,2.227848101265823,15,4.066666666666666,4.869952928771436,1.0994432985440914,4.429471656446806,0.040923974191356606,0.09443151227465926,0.4660563081495769,0.07720045123833844,0.5096347490234652,2.1210583964078484,0.16849135326687778,0.10704528642534238,0.097742144497345
20240509,kanga,MC,0.7862068965517242,14,follower,0.6075949367088608,1.196969696969697,79.0,66.0,2.227848101265823,16,4.033333333333333,3.907947559026111,0.6428361098095533,6.079228436908872,0.03283989545400093,0.09581692323517202,0.4071613292971975,0.05253554515213732,0.7912883289448733,2.501512570522736,0.16849135326687778,0.10704528642534238,0.097742144497345
20240509,kanga,MC,0.7862068965517242,14,follower,0.6075949367088608,1.196969696969697,79.0,66.0,2.227848101265823,17,1.2333333333333334,4.865566404758388,0.813502598935031,5.981009047946469,0.04088711264502847,0.09798521810897139,0.45648354461725577,0.04815256876131511,0.5827321341873999,2.170323971721679,0.16849135326687778,0.10704528642534238,0.097742144497345
20240509,kanga,MC,0.7862068965517242,14,follower,0.6075949367088608,1.196969696969697,79.0,66.0,2.227848101265823,18,3.6333333333333333,4.346184341734918,0.8755317032402986,4.964051359476658,0.03652255749357074,0.10534007626784248,0.4547083387263091,0.06957804696205243,0.6620476907607759,2.243545443974345,0.16849135326687778,0.10704528642534238,0.097742144497345
20240509,kanga,MC,0.7862068965517242,14,follower,0.6075949367088608,1.196969696969697,79.0,66.0,2.227848101265823,19,3.933333333333333,4.083520873913892,0.25759522551449615,15.852471123088003,0.03431530146146128,0.11652123758398432,0.34516553298198244,0.04936544973265748,0.3489062687712007,2.906187512603177,0.16849135326687778,0.10704528642534238,0.097742144497345
20240509,kanga,MC,0.7862068965517242,14,follower,0.6075949367088608,1.196969696969697,79.0,66.0,2.227848101265823,20,3.6333333333333333,4.214070064166709,0.8518548774289605,4.9469342441114765,0.03541235348039251,0.09793522111236813,0.39729833336258547,0.07692059541150918,0.5316808856409072,2.588949357726085,0.16849135326687778,0.10704528642534238,0.097742144497345
20240509,kanga,MC,0.7862068965517242,14,follower,0.6075949367088608,1.196969696969697,79.0,66.0,2.227848101265823,21,3.933333333333333,4.558401477840015,1.1416612778109492,3.992779265125302,0.038305894771764826,0.08191754430946172,0.44344010015084606,0.06567162402339385,0.5232969891888744,2.250812437829847,0.16849135326687778,0.10704528642534238,0.097742144497345
20240509,kanga,MC,0.7862068965517242,14,follower,0.6075949367088608,1.196969696969697,79.0,66.0,2.227848101265823,22,3.7,3.957520500561383,1.04053283981635,3.8033595376575238,0.03325647479463347,0.09199368348250136,0.37856866847213155,0.02971351379044969,0.6113788053249624,2.5913575796728265,0.16849135326687778,0.10704528642534238,0.097742144497345
20240509,kanga,MC,0.7862068965517242,14,follower,0.6075949367088608,1.196969696969697,79.0,66.0,2.227848101265823,23,3.8333333333333335,6.050114515321847,1.8552522389793127,3.26107382500742,0.05084129844808275,0.0820812080190382,0.6472004056746387,0.06221100848127812,0.5063544370643926,1.5714770970516456,0.16849135326687778,0.10704528642534238,0.097742144497345
20240509,kanga,MC,0.7862068965517242,14,follower,0.6075949367088608,1.196969696969697,79.0,66.0,2.227848101265823,24,4.5,5.116335266319822,1.604443009136104,3.1888544729766752,0.042994414002687574,0.09185158109152407,0.5466439647409346,0.12834656006105605,0.5568167301078457,1.844510723538867,0.16849135326687778,0.10704528642534238,0.097742144497345
20240509,kanga,MC,0.7862068965517242,14,follower,0.6075949367088608,1.196969696969697,79.0,66.0,2.227848101265823,25,2.7333333333333334,5.262926921772257,1.5309001659593864,3.437798909946606,0.04422627665354838,0.0957319857990334,0.5456654230955377,0.08390463472469868,0.536274421049725,1.891639294527282,0.16849135326687778,0.10704528642534238,0.097742144497345
20240509,kanga,MC,0.7862068965517242,14,follower,0.6075949367088608,1.196969696969697,79.0,66.0,2.227848101265823,26,1.5,5.282037582607658,1.4179426088569065,3.7251420118236265,0.04438687044208116,0.0923525500324643,0.5770714196181855,0.12371733058785654,0.5082102590041674,1.7370784759146034,0.16849135326687778,0.10704528642534238,0.097742144497345
20240509,kanga,MC,0.7862068965517242,14,follower,0.6075949367088608,1.196969696969697,79.0,66.0,2.227848101265823,27,1.7,5.044929902308876,1.027296354160558,4.910880761794658,0.042394368926965346,0.09677038651388535,0.5423380879821901,0.07088106277792493,0.4962882635591039,1.8655797960567215,0.16849135326687778,0.10704528642534238,0.097742144497345
20240509,kanga,MC,0.7862068965517242,14,follower,0.6075949367088608,1.196969696969697,79.0,66.0,2.227848101265823,28,4.333333333333333,4.842182604657839,0.9457703389345609,5.119829207281659,0.04069061012317512,0.09108437700003762,0.5641971899508008,0.1801317890500626,0.40585970067929533,1.717061739770935,0.16849135326687778,0.10704528642534238,0.097742144497345
20240509,kanga,MC,0.7862068965517242,14,follower,0.6075949367088608,1.196969696969697,79.0,66.0,2.227848101265823,29,1.7,4.916911403416658,0.6499655612876148,7.564879889445229,0.041318583221988725,0.0905900058356096,0.5277932398753207,0.08471413586568621,0.5336872229447593,1.886986206140975,0.16849135326687778,0.10704528642534238,0.097742144497345
20240509,kanga,MC,0.7862068965517242,14,follower,0.6075949367088608,1.196969696969697,79.0,66.0,2.227848101265823,30,3.466666666666667,4.895724548873059,0.6800052696971102,7.199539131591917,0.0411405424275047,0.10999191811653848,0.48374741814547184,0.07196265089183965,0.517552204714841,2.1741295556878972,0.16849135326687778,0.10704528642534238,0.097742144497345
20240509,kanga,MC,0.7862068965517242,14,follower,0.6075949367088608,1.196969696969697,79.0,66.0,2.227848101265823,31,4.166666666666667,4.142119571017971,0.6190525172589897,6.691063287099202,0.03480772748754597,0.0849814919941273,0.43717171775260144,0.051498999404245294,0.4405926299188544,1.9772466311305457,0.16849135326687778,0.10704528642534238,0.097742144497345
20240509,kanga,MC,0.7862068965517242,14,follower,0.6075949367088608,1.196969696969697,79.0,66.0,2.227848101265823,32,4.066666666666666,3.395629996490918,0.6481045344371423,5.239324547296852,0.028534705852864856,0.1186611717069725,0.2847153203092772,0.039893870601658665,0.49978017515757034,3.1458637667609266,0.16849135326687778,0.10704528642534238,0.097742144497345
20240509,kanga,MC,0.7862068965517242,14,follower,0.6075949367088608,1.196969696969697,79.0,66.0,2.227848101265823,33,4.3,4.878869509319726,1.1922037139337756,4.092311953316677,0.04099890343966156,0.0933021014408231,0.45651913400772154,0.09714311629037342,0.55577943464877,2.097223859645488,0.16849135326687778,0.10704528642534238,0.097742144497345
20240509,kanga,MC,0.7862068965517242,14,follower,0.6075949367088608,1.196969696969697,79.0,66.0,2.227848101265823,34,3.966666666666667,4.60339448213922,1.001106134910338,4.598308132984834,0.03868398724486739,0.09498655458342851,0.41758240732154767,0.08297866779977676,0.4883559673191236,2.384572497996457,0.16849135326687778,0.10704528642534238,0.097742144497345
20240509,kanga,MC,0.7862068965517242,14,follower,0.6075949367088608,1.196969696969697,79.0,66.0,2.227848101265823,35,5.233333333333333,4.4651499417373355,1.1313958900256011,3.9465849055155204,0.0375222684179608,0.08828151271618856,0.4601035607278808,0.13725631706674157,0.42789548240126546,2.078629320598094,0.16849135326687778,0.10704528642534238,0.097742144497345
20240509,kanga,MC,0.7862068965517242,14,follower,0.6075949367088608,1.196969696969697,79.0,66.0,2.227848101265823,36,2.4,4.12586978815438,0.5854202908844915,7.047705473140919,0.03467117469037294,0.11759605089377144,0.3558239205907038,0.06798317221346022,0.31238568500258684,2.8632925798310596,0.16849135326687778,0.10704528642534238,0.097742144497345
20240509,kanga,MC,0.7862068965517242,14,follower,0.6075949367088608,1.196969696969697,79.0,66.0,2.227848101265823,37,3.9,2.881662896415935,0.5488522275216214,5.250343811900472,0.02421565459173055,0.11961436064971091,0.250948054276997,0.04799612005974854,0.9283484990101022,3.8023621758339172,0.16849135326687778,0.10704528642534238,0.097742144497345
20240509,kanga,MC,0.7862068965517242,14,follower,0.6075949367088608,1.196969696969697,79.0,66.0,2.227848101265823,38,3.7,2.699699253084482,0.7486688682462637,3.6059990839587783,0.022686548345247748,0.0892741518492502,0.30350901815044945,0.01826314126951821,0.8635034006139709,3.3332603996656274,0.16849135326687778,0.10704528642534238,0.097742144497345
20240509,kanga,MC,0.7862068965517242,14,follower,0.6075949367088608,1.196969696969697,79.0,66.0,2.227848101265823,39,2.4,2.7130221497678644,0.38262356329090097,7.0905778160484285,0.022798505460234153,0.1205090516494915,0.2830575830658567,0.03314579878018165,0.8005855904258495,3.357428738828856,0.16849135326687778,0.10704528642534238,0.097742144497345
20240509,kanga,MC,0.7862068965517242,14,follower,0.6075949367088608,1.196969696969697,79.0,66.0,2.227848101265823,40,2.8,4.313403682843656,0.6092283210056316,7.080110254434124,0.03624708977179543,0.11173949695057861,0.38185844738457336,0.0764036150907958,0.5031423265264617,2.474470517239524,0.16849135326687778,0.10704528642534238,0.097742144497345
20240509,kanga,MC,0.7862068965517242,14,follower,0.6075949367088608,1.196969696969697,79.0,66.0,2.227848101265823,41,3.066666666666667,3.2313401181588692,0.46422399015938287,6.960734875096497,0.0271541186399905,0.13179888100306317,0.24949841685318785,0.04299512383730379,0.5445711199297718,3.8256799373184345,0.16849135326687778,0.10704528642534238,0.097742144497345
20240509,kanga,MC,0.7862068965517242,14,follower,0.6075949367088608,1.196969696969697,79.0,66.0,2.227848101265823,42,3.6,3.403812096445657,1.0532660664942424,3.2316735578267712,0.028603462995341656,0.11535013325317774,0.3326335645003339,0.0626301853149112,0.6724389507075861,2.6830855492230126,0.16849135326687778,0.10704528642534238,0.097742144497345
20240509,kanga,MC,0.7862068965517242,14,follower,0.6075949367088608,1.196969696969697,79.0,66.0,2.227848101265823,43,4.2,4.352611937221566,0.5217640906426759,8.34210712327921,0.03657657090102156,0.0925817351444919,0.39186515536616573,0.09194753859811497,0.29638994984404876,2.6255832845055647,0.16849135326687778,0.10704528642534238,0.097742144497345
20240509,kanga,MC,0.7862068965517242,14,follower,0.6075949367088608,1.196969696969697,79.0,66.0,2.227848101265823,44,4.6,3.788776553170353,0.5584654776022845,6.784262779208994,0.031838458430002964,0.12310852790787127,0.33165574689603566,0.055949860039959456,0.4042111885465134,2.591011851271596,0.16849135326687778,0.10704528642534238,0.097742144497345
20240509,kanga,MC,0.7862068965517242,14,follower,0.6075949367088608,1.196969696969697,79.0,66.0,2.227848101265823,45,1.7,3.599900943904239,1.219476283246714,2.9520057038911167,0.030251268436170077,0.11078698608019412,0.35790996282743776,0.06030205574384177,0.7679029939840092,3.0831311113499424,0.16849135326687778,0.10704528642534238,0.097742144497345
20240509,kanga,MC,0.7862068965517242,14,follower,0.6075949367088608,1.196969696969697,79.0,66.0,2.227848101265823,46,3.466666666666667,5.16411541612107,1.3652665528075156,3.7824961034177926,0.04339592786656361,0.10137620563595572,0.5035785221502842,0.09216160003094492,0.5266567658783672,2.0607550003543227,0.16849135326687778,0.10704528642534238,0.097742144497345
20240509,kanga,MC,0.7862068965517242,14,follower,0.6075949367088608,1.196969696969697,79.0,66.0,2.227848101265823,47,3.0,6.054405112250046,1.4786726356155806,4.094486478225493,0.05087735388445416,0.09051522014614988,0.5959996928073361,0.28931563556137857,0.3808484201982834,1.6810816865778684,0.16849135326687778,0.10704528642534238,0.097742144497345
20240509,kanga,MC,0.7862068965517242,14,follower,0.6075949367088608,1.196969696969697,79.0,66.0,2.227848101265823,48,4.666666666666667,7.063410658515123,1.3426917656150565,5.2606345249161,0.059356392088362374,0.09411061889862068,0.6797537814659604,0.35990626806858456,0.3324187153127669,1.4410544409629338,0.16849135326687778,0.10704528642534238,0.097742144497345
20240509,kanga,MC,0.7862068965517242,14,follower,0.6075949367088608,1.196969696969697,79.0,66.0,2.227848101265823,49,3.6333333333333333,4.745370808231279,0.7977226019754164,5.948647808749836,0.039877065615388896,0.10417266965487477,0.4743625191846899,0.06730439587324784,0.37893041365982005,2.102055606458492,0.16849135326687778,0.10704528642534238,0.097742144497345
20240509,kanga,MC,0.7862068965517242,14,follower,0.6075949367088608,1.196969696969697,79.0,66.0,2.227848101265823,50,3.3333333333333335,3.9313029584257926,0.5884404426519553,6.6808850539034745,0.03303615931450246,0.10670493793430393,0.40670090534317543,0.07439016192148971,0.520132087142103,2.304505775741671,0.16849135326687778,0.10704528642534238,0.097742144497345
20240509,kanga,MC,0.7862068965517242,14,follower,0.6075949367088608,1.196969696969697,79.0,66.0,2.227848101265823,51,4.066666666666666,4.00788779613798,0.7405377734656886,5.412131480317631,0.033679729379310755,0.09250982826723159,0.3735678806297082,0.0481649857384368,0.5226286386752012,2.685368281198407,0.16849135326687778,0.10704528642534238,0.097742144497345
20240509,kanga,MC,0.7862068965517242,14,follower,0.6075949367088608,1.196969696969697,79.0,66.0,2.227848101265823,52,4.133333333333334,3.5291861802534745,0.7434838674723647,4.746822809016303,0.029657026724819114,0.07816945659768193,0.3827028500284524,0.08111883041404784,0.5652993000447957,2.5319915056918023,0.16849135326687778,0.10704528642534238,0.097742144497345
20240509,kanga,MC,0.7862068965517242,14,follower,0.6075949367088608,1.196969696969697,79.0,66.0,2.227848101265823,53,1.5333333333333334,4.529780612452494,0.5715482810115923,7.925455754035624,0.03806538329792011,0.08822404652719949,0.4910477061894442,0.08633198796183675,0.49954872410938433,1.986125021096963,0.16849135326687778,0.10704528642534238,0.097742144497345
20240509,kanga,MC,0.7862068965517242,14,follower,0.6075949367088608,1.196969696969697,79.0,66.0,2.227848101265823,54,3.4,3.9591299494430374,0.7051486291759637,5.614603483055302,0.033269999575151574,0.10422868186585539,0.37997087774500476,0.06646902749515404,0.6127054287046884,2.5704610460273245,0.16849135326687778,0.10704528642534238,0.097742144497345
20240509,kanga,MC,0.7862068965517242,14,follower,0.6075949367088608,1.196969696969697,79.0,66.0,2.227848101265823,55,3.6666666666666665,2.209056156033596,0.5487210815182656,4.025827019296072,0.01856349710952602,0.11835955847024798,0.24249158504619645,0.022869713371186175,0.924693902002844,4.031110395990104,0.16849135326687778,0.10704528642534238,0.097742144497345
20240509,kanga,MC,0.7862068965517242,14,follower,0.6075949367088608,1.196969696969697,79.0,66.0,2.227848101265823,56,3.566666666666667,3.8109096515582785,0.8868990962033428,4.296892022860441,0.03202445085343091,0.08310004709081799,0.3723274903644656,0.08777408754530873,0.7882618533611192,2.631413452824728,0.16849135326687778,0.10704528642534238,0.097742144497345
20240509,kanga,MC,0.7862068965517242,14,follower,0.6075949367088608,1.196969696969697,79.0,66.0,2.227848101265823,57,2.3333333333333335,3.389192466257584,0.9533236572016988,3.555133076426444,0.028480608960147764,0.09577253207523385,0.3513538126048804,0.05502528034790324,0.7382924771641546,2.7325606575940307,0.16849135326687778,0.10704528642534238,0.097742144497345
20240509,kanga,MC,0.7862068965517242,14,follower,0.6075949367088608,1.196969696969697,79.0,66.0,2.227848101265823,58,4.9,2.5743333437734135,0.697806232529169,3.6891807836723554,0.02163305330902028,0.08914139203624662,0.26783773894657464,0.005822448679963937,1.0577950518027297,3.530919932592327,0.16849135326687778,0.10704528642534238,0.097742144497345
20240509,kanga,MC,0.7862068965517242,14,follower,0.6075949367088608,1.196969696969697,79.0,66.0,2.227848101265823,59,4.233333333333333,3.2328477764063215,0.7656654576251475,4.222271939018373,0.027166788037027913,0.10453555151808462,0.3540849688057597,0.03945251102958083,0.7954210764412198,2.8641840103518876,0.16849135326687778,0.10704528642534238,0.097742144497345
20240509,kanga,MC,0.7862068965517242,14,follower,0.6075949367088608,1.196969696969697,79.0,66.0,2.227848101265823,60,1.9333333333333333,3.4813978563337487,0.9016285935209205,3.8612327529882955,0.029255444170871836,0.0896817328604925,0.364438584339285,0.05870389926202378,0.6564179575794999,2.669876101794587,0.16849135326687778,0.10704528642534238,0.097742144497345
20240509,kanga,MC,0.7862068965517242,14,follower,0.6075949367088608,1.196969696969697,79.0,66.0,2.227848101265823,61,3.466666666666667,2.4885013061508814,0.919308742303544,2.7069266195765276,0.02091177568194018,0.08982140734814675,0.24621124378422396,0.021953419141351543,1.1976994486658568,3.762346950409887,0.16849135326687778,0.10704528642534238,0.097742144497345
20240509,kanga,MC,0.7862068965517242,14,follower,0.6075949367088608,1.196969696969697,79.0,66.0,2.227848101265823,62,4.466666666666667,2.1581140883926024,0.44632353860391466,4.835313179186364,0.01813541250750086,0.11400831504666786,0.19890879285223775,0.006254910960949166,1.0508323640442416,5.204659886923991,0.16849135326687778,0.10704528642534238,0.097742144497345
20240509,kanga,MC,0.7862068965517242,14,follower,0.6075949367088608,1.196969696969697,79.0,66.0,2.227848101265823,63,4.9,2.3152241405995038,0.2768173739397143,8.363724095958359,0.019455665047054652,0.13148731966703522,0.17259565180757352,0.007860367660344257,0.4919342272321036,5.953466554660096,0.16849135326687778,0.10704528642534238,0.097742144497345
20240509,kanga,MC,0.7862068965517242,14,follower,0.6075949367088608,1.196969696969697,79.0,66.0,2.227848101265823,64,1.6666666666666667,2.7180224775184985,0.6514185475743722,4.172467129834344,0.022840525021163852,0.10980617595157866,0.27199185671715453,0.021512869347061342,0.8592665865618144,3.5123107057467062,0.16849135326687778,0.10704528642534238,0.097742144497345
20240509,kanga,MC,0.7862068965517242,14,follower,0.6075949367088608,1.196969696969697,79.0,66.0,2.227848101265823,65,3.8666666666666667,2.516100374501629,0.24419979565680675,10.303449958810381,0.021143700626064108,0.09477294622562063,0.2465751919457361,0.009225396494369712,0.5710190640523467,4.53180009716199,0.16849135326687778,0.10704528642534238,0.097742144497345
20240509,kanga,MC,0.7862068965517242,14,follower,0.6075949367088608,1.196969696969697,79.0,66.0,2.227848101265823,66,4.066666666666666,2.9558905841923186,0.7778911821413388,3.7998767077619973,0.02483941667388503,0.09151333676650657,0.2913733048701251,0.02943817523135335,0.9604571285428515,3.4702040493629154,0.16849135326687778,0.10704528642534238,0.097742144497345
20240509,kanga,MC,0.7862068965517242,14,follower,0.6075949367088608,1.196969696969697,79.0,66.0,2.227848101265823,67,3.6,3.0534796846183068,0.8017510667422607,3.808513404323178,0.025659493148053,0.09682622879950772,0.31164158451197344,0.0640207341989673,0.903718239675445,3.249274093681462,0.16849135326687778,0.10704528642534238,0.097742144497345
20240509,kanga,MC,0.7862068965517242,14,follower,0.6075949367088608,1.196969696969697,79.0,66.0,2.227848101265823,68,3.466666666666667,2.385872285904011,0.5945171719574666,4.013125942264126,0.02004934694036984,0.09110762835714709,0.2751600831549646,0.01567482576198643,0.9683311194908221,3.754421407849268,0.16849135326687778,0.10704528642534238,0.097742144497345
20240509,kanga,MC,0.7862068965517242,14,follower,0.6075949367088608,1.196969696969697,79.0,66.0,2.227848101265823,69,3.6666666666666665,3.730177890969011,1.1890869001811517,3.1370103315415685,0.03134603269721858,0.10005815470377964,0.3820455156282617,0.03112107284232835,0.8215397099586988,2.5444383978906457,0.16849135326687778,0.10704528642534238,0.097742144497345
20240509,kanga,MC,0.7862068965517242,14,follower,0.6075949367088608,1.196969696969697,79.0,66.0,2.227848101265823,70,1.8666666666666667,2.8832524958088475,0.9066346117519414,3.1801703337107057,0.024229012569822246,0.1058555819599222,0.2784227305893855,0.02595015967996197,0.9520245397752016,3.4619947845104626,0.16849135326687778,0.10704528642534238,0.097742144497345
20240509,kanga,MC,0.7862068965517242,14,follower,0.6075949367088608,1.196969696969697,79.0,66.0,2.227848101265823,71,4.2,3.0037490301604994,0.8792466314421268,3.416275846554904,0.025241588488743694,0.07721928824684536,0.3530014903010962,0.06649506794182077,0.7669261249661041,2.7431380044521116,0.16849135326687778,0.10704528642534238,0.097742144497345
20240509,kanga,MC,0.7862068965517242,14,follower,0.6075949367088608,1.196969696969697,79.0,66.0,2.227848101265823,72,3.7666666666666666,3.581665265886405,0.8859395412702982,4.042787457878739,0.03009802744442357,0.09050641464953907,0.3435157052391657,0.03890772084491304,0.6940285525021654,2.8704591275072153,0.16849135326687778,0.10704528642534238,0.097742144497345
20240509,kanga,MC,0.7862068965517242,14,follower,0.6075949367088608,1.196969696969697,79.0,66.0,2.227848101265823,73,4.2,2.8387766952327453,0.29299227212229717,9.688913208085633,0.023855266346493657,0.09598134071929872,0.28645288867457275,0.04206519337368942,0.61759640168285,3.41163802124618,0.16849135326687778,0.10704528642534238,0.097742144497345
20240509,kanga,MC,0.7862068965517242,14,follower,0.6075949367088608,1.196969696969697,79.0,66.0,2.227848101265823,74,4.033333333333333,2.9463829889953512,0.6520284637934698,4.518795041329084,0.02475952091592732,0.08189508087738599,0.307713466771578,0.04459871560680158,1.0223636122626267,3.1691226612559107,0.16849135326687778,0.10704528642534238,0.097742144497345
20240509,kanga,MC,0.7862068965517242,14,follower,0.6075949367088608,1.196969696969697,79.0,66.0,2.227848101265823,75,4.333333333333333,2.5508824845489984,0.3092860590457244,8.247647800290537,0.021435987265117633,0.10053319466116252,0.2610696029044705,0.019975348176169812,0.8084852207859151,3.538347991735898,0.16849135326687778,0.10704528642534238,0.097742144497345
20240509,kanga,MC,0.7862068965517242,14,follower,0.6075949367088608,1.196969696969697,79.0,66.0,2.227848101265823,76,4.033333333333333,3.4023810300333923,0.7395112180271738,4.600851139364825,0.028591437227171362,0.08446812821713173,0.35110574432178,0.04248895181964167,0.7675411947112653,2.7758956984261456,0.16849135326687778,0.10704528642534238,0.097742144497345
20240509,kanga,MC,0.7862068965517242,14,follower,0.6075949367088608,1.196969696969697,79.0,66.0,2.227848101265823,77,1.6333333333333333,3.6960816772191323,0.9984261550559537,3.701907906260726,0.03105950989259775,0.09884486364873478,0.376423272945521,0.044163290789135945,0.7196322042604015,2.667217359540462,0.16849135326687778,0.10704528642534238,0.097742144497345
20240509,kanga,MC,0.7862068965517242,14,follower,0.6075949367088608,1.196969696969697,79.0,66.0,2.227848101265823,78,2.433333333333333,3.171284113598425,0.39846443203588455,7.958763339039576,0.026649446332759872,0.11095515558756325,0.26033742966234075,0.03563903934573332,0.5634511819377758,3.597412870063505,0.16849135326687778,0.10704528642534238,0.097742144497345
20240513,kanga,MC,0.725925925925926,17,follower,0.7101449275362319,1.0454545454545454,69.0,66.0,2.9293478260869565,0,1.2333333333333334,3.4053124496080174,0.5229300240694941,6.5119849556687015,0.02861607100510939,0.10526827904187518,0.31813460523721926,0.02420794675532289,0.7544647828029085,3.042648489377748,0.15816488937109657,0.12043665126539213,0.10193583313849154
20240513,kanga,MC,0.725925925925926,17,follower,0.7101449275362319,1.0454545454545454,69.0,66.0,2.9293478260869565,1,4.566666666666666,3.449189820976882,0.4761318007068018,7.244191242543923,0.02898478841157044,0.10362890554511597,0.3158195913286251,0.026642007576294494,0.358873500104569,2.9826913392165144,0.15816488937109657,0.12043665126539213,0.10193583313849154
20240513,kanga,MC,0.725925925925926,17,follower,0.7101449275362319,1.0454545454545454,69.0,66.0,2.9293478260869565,2,1.6,4.277488843971712,0.6723960908666682,6.3615611424188225,0.03594528440312363,0.08251986632670145,0.3832497051146662,0.07630430796533426,0.3812411758025117,2.564400028204968,0.15816488937109657,0.12043665126539213,0.10193583313849154
20240513,kanga,MC,0.725925925925926,17,follower,0.7101449275362319,1.0454545454545454,69.0,66.0,2.9293478260869565,3,2.1666666666666665,4.313221131309751,0.067488851566691,63.91012783863303,0.03624555572529203,0.10098405517326176,0.3454178891503466,0.030588239871776432,0.020410449499272506,2.9257314760993633,0.15816488937109657,0.12043665126539213,0.10193583313849154
20240513,kanga,MC,0.725925925925926,17,follower,0.7101449275362319,1.0454545454545454,69.0,66.0,2.9293478260869565,4,3.2333333333333334,3.0510222477494997,0.46410714328151936,6.5739609741339455,0.025638842418063024,0.09526419066698007,0.26119467546326375,0.01878323841636067,0.49921040831187175,3.721546927462693,0.15816488937109657,0.12043665126539213,0.10193583313849154
20240513,kanga,MC,0.725925925925926,17,follower,0.7101449275362319,1.0454545454545454,69.0,66.0,2.9293478260869565,5,2.566666666666667,4.129695868368688,1.0066246473058706,4.102518132673785,0.034703326624946955,0.09113311327725153,0.37313599510329354,0.04195585728430594,0.4835203340863089,2.6432230434966355,0.15816488937109657,0.12043665126539213,0.10193583313849154
20240513,kanga,MC,0.725925925925926,17,follower,0.7101449275362319,1.0454545454545454,69.0,66.0,2.9293478260869565,6,1.5,6.515141665836312,1.4571505382119274,4.471152084142972,0.05474908962887657,0.08319357738168372,0.6145450152016223,0.11551585542058142,0.2944882599906152,1.6415721238650496,0.15816488937109657,0.12043665126539213,0.10193583313849154
20240513,kanga,MC,0.725925925925926,17,follower,0.7101449275362319,1.0454545454545454,69.0,66.0,2.9293478260869565,7,2.7333333333333334,4.090961371784983,0.6788199029084051,6.026578410941182,0.034377826653655325,0.08443992491487315,0.39315111275234604,0.03135271246533469,0.5647211384365293,2.510988617343864,0.15816488937109657,0.12043665126539213,0.10193583313849154
20240513,kanga,MC,0.725925925925926,17,follower,0.7101449275362319,1.0454545454545454,69.0,66.0,2.9293478260869565,8,2.8666666666666667,4.518452476102591,0.9204689640781549,4.908859127724962,0.03797018887481169,0.08453575279856207,0.3975426306332916,0.044312871556670845,0.304452074675837,2.4982262319166297,0.15816488937109657,0.12043665126539213,0.10193583313849154
20240513,kanga,MC,0.725925925925926,17,follower,0.7101449275362319,1.0454545454545454,69.0,66.0,2.9293478260869565,9,1.8,3.000552303427718,0.6293702201389607,4.767547315418287,0.025214725238888385,0.0910057413533555,0.3084561405648455,0.013211324028260338,0.7931577096495618,3.3963582705692144,0.15816488937109657,0.12043665126539213,0.10193583313849154
20240513,kanga,MC,0.725925925925926,17,follower,0.7101449275362319,1.0454545454545454,69.0,66.0,2.9293478260869565,10,3.2666666666666666,3.1254342891444007,0.19922778341077943,15.68774312315767,0.02626415369028908,0.09582669713681782,0.2661539409045685,0.013279871928365097,0.2910023030331292,3.7322242722107246,0.15816488937109657,0.12043665126539213,0.10193583313849154
20240513,kanga,MC,0.725925925925926,17,follower,0.7101449275362319,1.0454545454545454,69.0,66.0,2.9293478260869565,11,3.1333333333333333,3.309520316370785,0.6074913356030183,5.447847767385247,0.027811095095552817,0.09237887626304077,0.31639725419671294,0.021445394017876044,0.7974171479571582,3.2277356478070787,0.15816488937109657,0.12043665126539213,0.10193583313849154
20240513,kanga,MC,0.725925925925926,17,follower,0.7101449275362319,1.0454545454545454,69.0,66.0,2.9293478260869565,12,3.0,4.405418261183143,0.380218181373576,11.586553397494384,0.03702032152254742,0.10101622149424253,0.37557815034534,0.023822484204939536,0.20051588280899568,2.8970672063722036,0.15816488937109657,0.12043665126539213,0.10193583313849154
20240513,kanga,MC,0.725925925925926,17,follower,0.7101449275362319,1.0454545454545454,69.0,66.0,2.9293478260869565,13,3.7666666666666666,3.2632272203705437,0.7214300462375564,4.523276009072695,0.02742207748210541,0.11547135934757174,0.3111339923119612,0.021701872944035982,0.65993813528211,3.2370705399084665,0.15816488937109657,0.12043665126539213,0.10193583313849154
20240513,kanga,MC,0.725925925925926,17,follower,0.7101449275362319,1.0454545454545454,69.0,66.0,2.9293478260869565,14,3.3666666666666667,4.685412262383961,0.7299527783864938,6.418788175230617,0.03937321228894085,0.1089210768100907,0.4273370985764811,0.029833836789636223,0.5476513506957538,2.4127656212824893,0.15816488937109657,0.12043665126539213,0.10193583313849154
20240513,kanga,MC,0.725925925925926,17,follower,0.7101449275362319,1.0454545454545454,69.0,66.0,2.9293478260869565,15,3.433333333333333,4.311282985225492,1.2278591392429765,3.5112195262752754,0.036229268783407494,0.10312401227035749,0.42456103833969294,0.05660186434043485,0.5614311195691819,2.4070500199969302,0.15816488937109657,0.12043665126539213,0.10193583313849154
20240513,kanga,MC,0.725925925925926,17,follower,0.7101449275362319,1.0454545454545454,69.0,66.0,2.9293478260869565,16,3.433333333333333,4.14020497556242,0.6301171420881105,6.57053220587274,0.03479163845010437,0.10159085024165201,0.36469985048964126,0.04950618066153512,0.32580271869141153,2.7482207774179517,0.15816488937109657,0.12043665126539213,0.10193583313849154
20240513,kanga,MC,0.725925925925926,17,follower,0.7101449275362319,1.0454545454545454,69.0,66.0,2.9293478260869565,17,3.7,4.979464434732436,0.38136657568814336,13.056897882955312,0.04184423894733139,0.09282172581016343,0.418083394721076,0.05864561107370889,0.2028571115012946,2.367833466551398,0.15816488937109657,0.12043665126539213,0.10193583313849154
20240513,kanga,MC,0.725925925925926,17,follower,0.7101449275362319,1.0454545454545454,69.0,66.0,2.9293478260869565,18,5.3,4.830404093616888,0.26958646864775293,17.91782843495899,0.04059163103879738,0.1145959669814736,0.3778910377441719,0.031978104981706085,0.12127407685730918,2.8401756569581424,0.15816488937109657,0.12043665126539213,0.10193583313849154
20240513,kanga,MC,0.725925925925926,17,follower,0.7101449275362319,1.0454545454545454,69.0,66.0,2.9293478260869565,19,4.1,3.713749346810769,0.7723767380248112,4.808209729759458,0.031207977704292175,0.10612252827318543,0.3237714475718353,0.026486190584295754,0.5717368443330921,3.213033635012978,0.15816488937109657,0.12043665126539213,0.10193583313849154
20240513,kanga,MC,0.725925925925926,17,follower,0.7101449275362319,1.0454545454545454,69.0,66.0,2.9293478260869565,20,3.466666666666667,3.080650140469895,0.4812227525617087,6.401713393788158,0.025887816306469708,0.11617777198606193,0.2313474308734681,0.015905795839560498,0.6081215628225995,4.297211836882027,0.15816488937109657,0.12043665126539213,0.10193583313849154
20240513,kanga,MC,0.725925925925926,17,follower,0.7101449275362319,1.0454545454545454,69.0,66.0,2.9293478260869565,21,4.666666666666667,4.567786885367146,0.9122609008511934,5.007105841218373,0.038384763742581055,0.09236081437587568,0.4058337582772789,0.06331093077457309,0.36869331125985255,2.348799307294358,0.15816488937109657,0.12043665126539213,0.10193583313849154
20240513,kanga,MC,0.725925925925926,17,follower,0.7101449275362319,1.0454545454545454,69.0,66.0,2.9293478260869565,22,1.9333333333333333,3.8694892090777526,0.45168364027774505,8.566812839841537,0.03251671604267019,0.11079932713647636,0.3189287021998966,0.030834142621036197,0.34310902850802566,3.05323554311181,0.15816488937109657,0.12043665126539213,0.10193583313849154
20240513,kanga,MC,0.725925925925926,17,follower,0.7101449275362319,1.0454545454545454,69.0,66.0,2.9293478260869565,23,3.433333333333333,4.129291413923058,0.5566557215754976,7.418034619739401,0.03469992784809292,0.1007709338005195,0.33840496497132655,0.06792760921162772,0.30260573986460065,2.8325797705292244,0.15816488937109657,0.12043665126539213,0.10193583313849154
20240513,kanga,MC,0.725925925925926,17,follower,0.7101449275362319,1.0454545454545454,69.0,66.0,2.9293478260869565,24,2.1666666666666665,3.0587118522591106,0.4053922864504465,7.545066727935868,0.02570346094335387,0.08528240415553258,0.27695186209508454,0.03237040758350421,0.48971020871331034,3.5572742914140214,0.15816488937109657,0.12043665126539213,0.10193583313849154
20240513,kanga,MC,0.725925925925926,17,follower,0.7101449275362319,1.0454545454545454,69.0,66.0,2.9293478260869565,25,4.466666666666667,3.929497924782251,0.3629397512124397,10.826860137682178,0.033020990964556726,0.09604076732729594,0.34210114026600813,0.045735979092638615,0.29545980477375067,2.91165373158306,0.15816488937109657,0.12043665126539213,0.10193583313849154
20240513,kanga,MC,0.725925925925926,17,follower,0.7101449275362319,1.0454545454545454,69.0,66.0,2.9293478260869565,26,3.533333333333333,5.313290858078738,1.5376555479669718,3.4554493463141105,0.04464950300906503,0.08674988306923258,0.50387328471121,0.13905683309693714,0.40505565079533046,1.9722450438123185,0.15816488937109657,0.12043665126539213,0.10193583313849154
20240513,kanga,MC,0.725925925925926,17,follower,0.7101449275362319,1.0454545454545454,69.0,66.0,2.9293478260869565,27,4.166666666666667,5.9082407077442864,0.7407446217588873,7.976083165768054,0.04964908157768308,0.10022433896671246,0.5068490513809883,0.12274134305797242,0.21962791639036477,1.9689013402320101,0.15816488937109657,0.12043665126539213,0.10193583313849154
20240513,kanga,MC,0.725925925925926,17,follower,0.7101449275362319,1.0454545454545454,69.0,66.0,2.9293478260869565,28,2.4,4.989645350074681,0.5696040374807956,8.759848985871889,0.041929792857770425,0.10110706836586165,0.44404555702520326,0.08124787611576526,0.3814851761063736,2.096272929769475,0.15816488937109657,0.12043665126539213,0.10193583313849154
20240513,kanga,MC,0.725925925925926,17,follower,0.7101449275362319,1.0454545454545454,69.0,66.0,2.9293478260869565,29,3.566666666666667,4.443863512007975,0.7724109117876331,5.7532376150969915,0.03734339085720988,0.11320775713459835,0.41112243787943,0.07561576452792701,0.5359201259178975,2.4237455613783805,0.15816488937109657,0.12043665126539213,0.10193583313849154
20240513,kanga,MC,0.725925925925926,17,follower,0.7101449275362319,1.0454545454545454,69.0,66.0,2.9293478260869565,30,1.7333333333333334,4.863362510934102,0.6024976471532619,8.072002494803057,0.040868592528857994,0.11829950584618097,0.40778852165005636,0.12241943348324158,0.3303958642944017,2.3873420450981646,0.15816488937109657,0.12043665126539213,0.10193583313849154
20240513,kanga,MC,0.725925925925926,17,follower,0.7101449275362319,1.0454545454545454,69.0,66.0,2.9293478260869565,31,3.8,5.269153676914319,0.9086941288398329,5.798599891518682,0.04427860232701108,0.10584295668937418,0.4659588479248106,0.08183431649336831,0.3676874937445106,2.0874276065754547,0.15816488937109657,0.12043665126539213,0.10193583313849154
20240513,kanga,MC,0.725925925925926,17,follower,0.7101449275362319,1.0454545454545454,69.0,66.0,2.9293478260869565,32,4.233333333333333,5.278518295631699,0.9631906711781134,5.48024233786998,0.044357296601947045,0.09078250078194437,0.4877010553498986,0.10415231954079478,0.36667650197908613,2.0268570218616957,0.15816488937109657,0.12043665126539213,0.10193583313849154
20240513,kanga,MC,0.725925925925926,17,follower,0.7101449275362319,1.0454545454545454,69.0,66.0,2.9293478260869565,33,3.933333333333333,4.374447000036058,0.529814404959659,8.256564863254589,0.036760058823832424,0.11175867877428257,0.35657071603009277,0.05852881785323532,0.2674065345079042,2.8054750605267356,0.15816488937109657,0.12043665126539213,0.10193583313849154
20240513,kanga,MC,0.725925925925926,17,follower,0.7101449275362319,1.0454545454545454,69.0,66.0,2.9293478260869565,34,4.4,2.0169848229641087,0.4009088987567836,5.031030314414991,0.01694945229381604,0.13602899757580347,0.16360571166948487,0.012775225095180233,1.0686914558807512,6.236414405396691,0.15816488937109657,0.12043665126539213,0.10193583313849154
20240513,kanga,MC,0.725925925925926,17,follower,0.7101449275362319,1.0454545454545454,69.0,66.0,2.9293478260869565,35,2.3333333333333335,2.877765239687839,0.5959760077881153,4.8286595468302105,0.024182901173847388,0.10643193453700966,0.25573030628982985,0.029979508353659996,0.7813028325731834,3.729095896627529,0.15816488937109657,0.12043665126539213,0.10193583313849154
20240513,kanga,MC,0.725925925925926,17,follower,0.7101449275362319,1.0454545454545454,69.0,66.0,2.9293478260869565,36,4.033333333333333,2.9556598195237087,0.32576256570341505,9.07304930246233,0.02483747747498915,0.1050085867598225,0.25954106302791263,0.03241329464956468,0.4537665936362229,3.7575176788588,0.15816488937109657,0.12043665126539213,0.10193583313849154
20240513,kanga,MC,0.725925925925926,17,follower,0.7101449275362319,1.0454545454545454,69.0,66.0,2.9293478260869565,37,4.0,3.6362483355429354,0.6684783293365586,5.439590448880796,0.030556708702041472,0.11777123718649653,0.30070054943935554,0.036543272374390784,0.5439065375813551,3.347689416282145,0.15816488937109657,0.12043665126539213,0.10193583313849154
20240513,kanga,MC,0.725925925925926,17,follower,0.7101449275362319,1.0454545454545454,69.0,66.0,2.9293478260869565,38,2.433333333333333,3.2258013959923018,0.7527883351638526,4.285137329193831,0.027107574756237828,0.08714707962658962,0.32159256357668686,0.04169049163197827,0.7098200358851944,3.1056568999357346,0.15816488937109657,0.12043665126539213,0.10193583313849154
20240513,kanga,MC,0.725925925925926,17,follower,0.7101449275362319,1.0454545454545454,69.0,66.0,2.9293478260869565,39,3.7666666666666666,4.218177870169727,0.592609167385088,7.1179760663889295,0.03544687285856914,0.11385967522641405,0.35945316142661066,0.05689078565245967,0.6196451884193348,2.688119962213243,0.15816488937109657,0.12043665126539213,0.10193583313849154
20240513,kanga,MC,0.725925925925926,17,follower,0.7101449275362319,1.0454545454545454,69.0,66.0,2.9293478260869565,40,3.3,3.579273364386661,0.20119460504500675,17.79010606962342,0.03007792743182068,0.10399722922525949,0.3114395769344188,0.034580833333320835,0.16581186578507207,3.1904482072421483,0.15816488937109657,0.12043665126539213,0.10193583313849154
20240513,kanga,MC,0.725925925925926,17,follower,0.7101449275362319,1.0454545454545454,69.0,66.0,2.9293478260869565,41,3.8666666666666667,2.8529368493598697,0.39007828834371994,7.313754532387577,0.02397425923831823,0.13475219090761903,0.2264743249345548,0.025095759088973775,0.6289417930786961,4.33114132127516,0.15816488937109657,0.12043665126539213,0.10193583313849154
20240513,kanga,MC,0.725925925925926,17,follower,0.7101449275362319,1.0454545454545454,69.0,66.0,2.9293478260869565,42,1.8333333333333333,3.504856466873871,0.7308651358563224,4.79549002261188,0.02945257535188127,0.12053027134740188,0.2900208317107757,0.036846112096144,0.6308073521018287,3.347567755509255,0.15816488937109657,0.12043665126539213,0.10193583313849154
20240513,kanga,MC,0.725925925925926,17,follower,0.7101449275362319,1.0454545454545454,69.0,66.0,2.9293478260869565,43,1.1666666666666667,4.1296549638193145,0.5960467933987501,6.9284073155924375,0.03470298288923794,0.13924385341255213,0.32968877896626464,0.04425782184751977,0.5068038144768396,3.0638780021487118,0.15816488937109657,0.12043665126539213,0.10193583313849154
20240513,kanga,MC,0.725925925925926,17,follower,0.7101449275362319,1.0454545454545454,69.0,66.0,2.9293478260869565,44,1.7666666666666666,3.123774505564779,0.36499128044677054,8.558490772001724,0.02625020592911579,0.13034853969203877,0.2775388205501685,0.024314015627837145,0.31881470434394155,3.3253860881929334,0.15816488937109657,0.12043665126539213,0.10193583313849154
20240513,kanga,MC,0.725925925925926,17,follower,0.7101449275362319,1.0454545454545454,69.0,66.0,2.9293478260869565,45,4.2,2.498511284340912,0.37911442642707566,6.590388310695192,0.02099589314572195,0.14124492255645832,0.20589593001550952,0.013763669359358778,1.0254205364912947,4.532873724369759,0.15816488937109657,0.12043665126539213,0.10193583313849154
20240513,kanga,MC,0.725925925925926,17,follower,0.7101449275362319,1.0454545454545454,69.0,66.0,2.9293478260869565,46,1.3333333333333333,3.135775039505685,0.8718643267732391,3.596631887797447,0.026351050752148615,0.10250558872003931,0.29825234797729233,0.01607563259817398,0.8880755339500839,3.284494773192114,0.15816488937109657,0.12043665126539213,0.10193583313849154
20240513,kanga,MC,0.725925925925926,17,follower,0.7101449275362319,1.0454545454545454,69.0,66.0,2.9293478260869565,47,2.5,3.7836566903097513,0.6329677441094981,5.9776453468933965,0.03179543437235085,0.09079698191263888,0.3416355126365089,0.03158322951087804,0.6188971045608407,2.735753307157078,0.15816488937109657,0.12043665126539213,0.10193583313849154
20240513,kanga,MC,0.725925925925926,17,follower,0.7101449275362319,1.0454545454545454,69.0,66.0,2.9293478260869565,48,3.066666666666667,4.13109737393082,0.18214915170549445,22.679750826455304,0.03471510398261193,0.09594502644008161,0.33341043391129493,0.010528905799808542,0.12791307968461954,3.1744966528999368,0.15816488937109657,0.12043665126539213,0.10193583313849154
20240513,kanga,MC,0.725925925925926,17,follower,0.7101449275362319,1.0454545454545454,69.0,66.0,2.9293478260869565,49,2.4,4.58324683542599,0.5648137276922692,8.114616573064433,0.03851467928929403,0.09284257389579528,0.3887116349510135,0.07753048438590643,0.26761476958673264,2.513581921708244,0.15816488937109657,0.12043665126539213,0.10193583313849154
20240513,kanga,MC,0.725925925925926,17,follower,0.7101449275362319,1.0454545454545454,69.0,66.0,2.9293478260869565,50,2.3,3.33221830498571,0.723183020552091,4.607710925571557,0.028001834495678238,0.11566333897800131,0.2655236610000334,0.037984281288652236,0.5409710037884123,3.697405854336995,0.15816488937109657,0.12043665126539213,0.10193583313849154
20240513,kanga,MC,0.725925925925926,17,follower,0.7101449275362319,1.0454545454545454,69.0,66.0,2.9293478260869565,51,3.3,3.0622830913102397,0.5142827156074918,5.95447406334266,0.025733471355548234,0.10542638199596308,0.235203452286119,0.019154089452582977,0.5864117343793999,4.184100649355544,0.15816488937109657,0.12043665126539213,0.10193583313849154
20240513,kanga,MC,0.725925925925926,17,follower,0.7101449275362319,1.0454545454545454,69.0,66.0,2.9293478260869565,52,3.6666666666666665,3.6601031830682786,0.5753556305883946,6.361462352119903,0.030757169605615788,0.0951910205625862,0.3195746343171014,0.010713908712757078,0.2974849602703422,3.244200695959555,0.15816488937109657,0.12043665126539213,0.10193583313849154
20240513,kanga,MC,0.725925925925926,17,follower,0.7101449275362319,1.0454545454545454,69.0,66.0,2.9293478260869565,53,4.2,3.0258190295926046,0.4462930634354178,6.77989258067522,0.025427050668845416,0.10174992480351619,0.2878882845883593,0.014013456745119189,0.7178644723400541,3.398662368544213,0.15816488937109657,0.12043665126539213,0.10193583313849154
20240513,kanga,MC,0.725925925925926,17,follower,0.7101449275362319,1.0454545454545454,69.0,66.0,2.9293478260869565,54,3.7333333333333334,2.8944145982386416,0.8835449678510771,3.2759109083924973,0.02432281174990455,0.10300976256074602,0.28079828912730836,0.014939774238468572,0.9456689970288621,3.5026123081701845,0.15816488937109657,0.12043665126539213,0.10193583313849154
20240513,kanga,MC,0.725925925925926,17,follower,0.7101449275362319,1.0454545454545454,69.0,66.0,2.9293478260869565,55,3.533333333333333,4.24408390408617,0.7562271901729576,5.612181047226695,0.03566457062257286,0.10023028567316222,0.3818078553237628,0.051795674803022225,0.5222184354820156,2.595805899309846,0.15816488937109657,0.12043665126539213,0.10193583313849154
20240513,kanga,MC,0.725925925925926,17,follower,0.7101449275362319,1.0454545454545454,69.0,66.0,2.9293478260869565,56,4.966666666666667,3.3542762746736448,0.9097232407168627,3.6871392579027353,0.028187195585492812,0.08908379147471936,0.3479781370072338,0.025772980313169873,0.9019817988423824,2.896857389441618,0.15816488937109657,0.12043665126539213,0.10193583313849154
20240513,kanga,MC,0.725925925925926,17,follower,0.7101449275362319,1.0454545454545454,69.0,66.0,2.9293478260869565,57,1.6333333333333333,2.1639991723604832,0.764667244766604,2.8299880597356974,0.01818486699462591,0.09028946320519131,0.22281496246350052,0.006754593029004364,1.2463441441484993,4.749524654021358,0.15816488937109657,0.12043665126539213,0.10193583313849154
20240513,kanga,MC,0.725925925925926,17,follower,0.7101449275362319,1.0454545454545454,69.0,66.0,2.9293478260869565,58,4.033333333333333,3.3535981816642972,0.7195543995872338,4.660659685477651,0.02818149732491006,0.08878050905198474,0.3371453890611929,0.026391897049692154,0.7635752627278958,2.976317469124312,0.15816488937109657,0.12043665126539213,0.10193583313849154
20240513,kanga,MC,0.725925925925926,17,follower,0.7101449275362319,1.0454545454545454,69.0,66.0,2.9293478260869565,59,3.933333333333333,3.518763835455756,0.9858471755128195,3.569279217770604,0.02956944399542652,0.09199790384445042,0.37554351671503666,0.04511362831360567,0.7791964059428066,2.754460396603655,0.15816488937109657,0.12043665126539213,0.10193583313849154
20240513,kanga,MC,0.725925925925926,17,follower,0.7101449275362319,1.0454545454545454,69.0,66.0,2.9293478260869565,60,2.9,3.8524696238788505,1.180487768645036,3.263455773286593,0.032373694318309665,0.08098438597989364,0.414834315435355,0.030806365378991403,0.727380146445552,2.5348938559549983,0.15816488937109657,0.12043665126539213,0.10193583313849154
20240513,kanga,MC,0.725925925925926,17,follower,0.7101449275362319,1.0454545454545454,69.0,66.0,2.9293478260869565,61,1.5,3.3200193561066293,0.6959311123277829,4.770614931988992,0.027899322320223775,0.08819677257326579,0.33869353934508983,0.05400023583969375,0.7805425112008981,2.9391519310208394,0.15816488937109657,0.12043665126539213,0.10193583313849154
20240513,kanga,MC,0.725925925925926,17,follower,0.7101449275362319,1.0454545454545454,69.0,66.0,2.9293478260869565,62,1.3,3.675415058247663,0.9941765173592998,3.696944148319037,0.030885840825610612,0.09881058112175353,0.32254348882215683,0.02490615487041183,0.46332600630746895,3.0205157295005476,0.15816488937109657,0.12043665126539213,0.10193583313849154
20240513,kanga,MC,0.725925925925926,17,follower,0.7101449275362319,1.0454545454545454,69.0,66.0,2.9293478260869565,63,3.066666666666667,2.724909746265353,0.7515613181260401,3.625665239211225,0.022898401229120614,0.10850782562251517,0.2769172386953604,0.024992723463323235,1.081077646718944,3.58413893945941,0.15816488937109657,0.12043665126539213,0.10193583313849154
20240513,kanga,MC,0.725925925925926,17,follower,0.7101449275362319,1.0454545454545454,69.0,66.0,2.9293478260869565,64,1.2666666666666666,4.360173874002007,0.8434258339228518,5.16959962409787,0.03664011658825216,0.07990741208023706,0.40709976371890516,0.054447214043976504,0.40555501725462323,2.4641640717572955,0.15816488937109657,0.12043665126539213,0.10193583313849154
20240513,kanga,MC,0.725925925925926,17,follower,0.7101449275362319,1.0454545454545454,69.0,66.0,2.9293478260869565,65,3.2,2.748435931521199,0.7985091660677847,3.4419591512715173,0.023096100264884026,0.08152522377457287,0.2840483001375895,0.0333785422780778,0.9828037432380117,3.5065313748877953,0.15816488937109657,0.12043665126539213,0.10193583313849154
20240513,kanga,MC,0.725925925925926,17,follower,0.7101449275362319,1.0454545454545454,69.0,66.0,2.9293478260869565,66,3.566666666666667,3.587652944601894,0.7349926687704167,4.881209156281446,0.03014834407228482,0.10900236656477184,0.3251128185040353,0.032229582425054346,0.6653630308517923,3.0906444470157743,0.15816488937109657,0.12043665126539213,0.10193583313849154
20240513,kanga,MC,0.725925925925926,17,follower,0.7101449275362319,1.0454545454545454,69.0,66.0,2.9293478260869565,67,1.8333333333333333,3.3231819795781146,1.025526851733165,3.2404631570220293,0.02792589898805138,0.08632477486944079,0.3340537916503009,0.02198406752508433,0.8315209373731285,2.9943789495597684,0.15816488937109657,0.12043665126539213,0.10193583313849154
20240513,kanga,MC,0.725925925925926,17,follower,0.7101449275362319,1.0454545454545454,69.0,66.0,2.9293478260869565,68,2.4,3.4785674874281924,0.55123478320481,6.310500703900136,0.029231659558220106,0.11362581768618865,0.3217370103332062,0.0274744829437644,0.5021713758823007,3.1024163985321933,0.15816488937109657,0.12043665126539213,0.10193583313849154
20240523,kanga,MC,0.8636363636363636,14,leader,0.5,1.0625,68.0,64.0,1.103448275862069,0,1.3666666666666667,2.472988243702589,0.7685835805626104,3.2175918224695073,0.0207814138126268,0.09612700383125404,0.25327362791446445,0.01919422249269316,1.1568093122838414,4.065807341284398,0.27876201825606584,0.0986392202999488,0.08603442400724247
20240523,kanga,MC,0.8636363636363636,14,leader,0.5,1.0625,68.0,64.0,1.103448275862069,1,2.9,2.4352015730885657,0.6909964427929928,3.5241882913977576,0.02046387876545013,0.1052615796332614,0.2501957623569403,0.0208864312448605,0.9437446322733932,4.2950692771154415,0.27876201825606584,0.0986392202999488,0.08603442400724247
20240523,kanga,MC,0.8636363636363636,14,leader,0.5,1.0625,68.0,64.0,1.103448275862069,2,3.8666666666666667,3.350073609677933,0.7707781354442351,4.34635267351886,0.028151879072923807,0.10107653100657325,0.33781577315384226,0.01682732126388374,0.8105311849015259,2.9448663705350406,0.27876201825606584,0.0986392202999488,0.08603442400724247
20240523,kanga,MC,0.8636363636363636,14,leader,0.5,1.0625,68.0,64.0,1.103448275862069,3,2.7,3.2206861490713345,0.5375046394782276,5.991922511027541,0.02706458948799441,0.09817449911583348,0.2996114785811379,0.008987822134957928,0.7855429526844706,3.3208612153568815,0.27876201825606584,0.0986392202999488,0.08603442400724247
20240523,kanga,MC,0.8636363636363636,14,leader,0.5,1.0625,68.0,64.0,1.103448275862069,4,3.7666666666666666,2.3414783067997305,0.7584535882648443,3.087174143583997,0.01967628829243471,0.07980789177816552,0.2428661000432722,0.007265146906811401,1.0664723039931994,4.07749074550031,0.27876201825606584,0.0986392202999488,0.08603442400724247
20240523,kanga,MC,0.8636363636363636,14,leader,0.5,1.0625,68.0,64.0,1.103448275862069,5,2.6666666666666665,3.213823027045393,0.6552355065327554,4.904836497722263,0.027006916193658765,0.1138482899427425,0.30931943128636624,0.018730826557978038,0.7588330273724679,3.336088584482208,0.27876201825606584,0.0986392202999488,0.08603442400724247
20240523,kanga,MC,0.8636363636363636,14,leader,0.5,1.0625,68.0,64.0,1.103448275862069,6,3.5,2.4507817196426758,0.4177973061457132,5.865958644520145,0.020594804366745174,0.09826878368098704,0.24080534446293572,0.018738565911561818,0.8790024177224096,4.02303897387073,0.27876201825606584,0.0986392202999488,0.08603442400724247
20240523,kanga,MC,0.8636363636363636,14,leader,0.5,1.0625,68.0,64.0,1.103448275862069,7,3.6,3.39409059160573,1.052913965946956,3.223521295544026,0.028521769677359077,0.10093204528772337,0.3672472512990871,0.030367464114138126,0.883391655561303,2.761399921456154,0.27876201825606584,0.0986392202999488,0.08603442400724247
20240523,kanga,MC,0.8636363636363636,14,leader,0.5,1.0625,68.0,64.0,1.103448275862069,8,3.1333333333333333,4.672625058225834,1.0527254932152188,4.438597800035003,0.03926575679181373,0.08582344043420648,0.46414354111952644,0.049907772320393826,0.505929581015185,2.1734222732414876,0.27876201825606584,0.0986392202999488,0.08603442400724247
20240523,kanga,MC,0.8636363636363636,14,leader,0.5,1.0625,68.0,64.0,1.103448275862069,9,3.3666666666666667,4.677595565713575,1.2348461479046249,3.7879986698349857,0.03930752576229895,0.09406103895794408,0.48542631718416657,0.030802530341985365,0.6283547317218642,2.1216155394027534,0.27876201825606584,0.0986392202999488,0.08603442400724247
20240523,kanga,MC,0.8636363636363636,14,leader,0.5,1.0625,68.0,64.0,1.103448275862069,10,4.3,3.2919346194972445,0.8167630159834909,4.030464841179567,0.027663316130228946,0.10421616519864337,0.33412983214956926,0.019051398659226424,0.8028060302377971,3.057126372582954,0.27876201825606584,0.0986392202999488,0.08603442400724247
20240523,kanga,MC,0.8636363636363636,14,leader,0.5,1.0625,68.0,64.0,1.103448275862069,11,3.966666666666667,4.438289512904294,0.7253927972401457,6.118463720332436,0.03729655052860752,0.09193830351100717,0.4054276113042159,0.03870045112161482,0.19478708604224407,2.4970704727423954,0.27876201825606584,0.0986392202999488,0.08603442400724247
20240523,kanga,MC,0.8636363636363636,14,leader,0.5,1.0625,68.0,64.0,1.103448275862069,12,3.7,4.101579828109699,0.27483492640468304,14.923794008881872,0.0344670573790731,0.10107433339267774,0.3491070103840675,0.04267529221231198,0.23494801489064368,2.875551960446006,0.27876201825606584,0.0986392202999488,0.08603442400724247
20240523,kanga,MC,0.8636363636363636,14,leader,0.5,1.0625,68.0,64.0,1.103448275862069,13,3.1333333333333333,5.080700427235108,0.39438335699459165,12.882644100280281,0.042694961573404265,0.12224794594207465,0.3898832775758475,0.028747192839314067,0.02919293503377608,2.6392850405875263,0.27876201825606584,0.0986392202999488,0.08603442400724247
20240523,kanga,MC,0.8636363636363636,14,leader,0.5,1.0625,68.0,64.0,1.103448275862069,14,2.6,4.09010785819638,0.513468478795467,7.965645462387999,0.03437065427055782,0.10919033143237306,0.33314881232139476,0.02813627950173045,0.3270455510269437,2.9645341168725645,0.27876201825606584,0.0986392202999488,0.08603442400724247
20240523,kanga,MC,0.8636363636363636,14,leader,0.5,1.0625,68.0,64.0,1.103448275862069,15,1.7,3.236820469882299,0.37062694464444323,8.733365225206457,0.02720017201581764,0.10832732334990076,0.2608307854228779,0.007601500632295599,0.13091366075399788,3.9423731460329607,0.27876201825606584,0.0986392202999488,0.08603442400724247
20240523,kanga,MC,0.8636363636363636,14,leader,0.5,1.0625,68.0,64.0,1.103448275862069,16,2.8666666666666667,3.4828080051957726,0.9020686935575104,3.8609121789389866,0.029267294161309014,0.0975824693271523,0.35979807573409217,0.03025760037182813,0.7708626852558474,2.913241312936029,0.27876201825606584,0.0986392202999488,0.08603442400724247
20240523,kanga,MC,0.8636363636363636,14,leader,0.5,1.0625,68.0,64.0,1.103448275862069,17,3.8666666666666667,3.455262796020141,1.2102455932020029,2.8550096074949485,0.029035821815295303,0.08335258982531879,0.38037306151701383,0.016905322508236283,0.8931220807383481,2.8225587099550475,0.27876201825606584,0.0986392202999488,0.08603442400724247
20240523,kanga,MC,0.8636363636363636,14,leader,0.5,1.0625,68.0,64.0,1.103448275862069,18,3.5,4.628976397016318,1.5268163672755202,3.0317833213147636,0.03889896131946486,0.0925772024114818,0.47260408598366416,0.07396492273167654,0.5859561303069801,2.2044669170455298,0.27876201825606584,0.0986392202999488,0.08603442400724247
20240523,kanga,MC,0.8636363636363636,14,leader,0.5,1.0625,68.0,64.0,1.103448275862069,19,3.566666666666667,3.8375436516003925,0.9794163264938639,3.9181944876680945,0.03224826597983523,0.13050121410938983,0.37007132631874917,0.017937701941083108,0.7773906324494411,2.8108889203799112,0.27876201825606584,0.0986392202999488,0.08603442400724247
20240523,kanga,MC,0.8636363636363636,14,leader,0.5,1.0625,68.0,64.0,1.103448275862069,20,2.8333333333333335,3.7988432238691416,0.5730488807738131,6.629178332465106,0.03192305230142136,0.11581517469933325,0.3263611341695736,0.08080490206472113,0.5107706397536598,3.0853677758690043,0.27876201825606584,0.0986392202999488,0.08603442400724247
20240523,kanga,MC,0.8636363636363636,14,leader,0.5,1.0625,68.0,64.0,1.103448275862069,21,3.1,4.157988480537025,0.7529762164629114,5.522071467368626,0.03494107966837836,0.09674621838091774,0.37892562321414397,0.11666527457949559,0.4596754401304329,2.588116225985797,0.27876201825606584,0.0986392202999488,0.08603442400724247
20240523,kanga,MC,0.8636363636363636,14,leader,0.5,1.0625,68.0,64.0,1.103448275862069,22,3.0,3.7981680033761243,0.6677311835077713,5.688169277078431,0.0319173781796313,0.11082072877515885,0.31851934071136906,0.05600581660307134,0.5578836608893416,3.0712521526783374,0.27876201825606584,0.0986392202999488,0.08603442400724247
20240523,kanga,MC,0.8636363636363636,14,leader,0.5,1.0625,68.0,64.0,1.103448275862069,23,2.8333333333333335,4.41115498295491,0.6413364816440558,6.8780665207863825,0.037068529268528654,0.10869024570738275,0.39009052332395755,0.0834065492440647,0.4310330185581328,2.595054063208578,0.27876201825606584,0.0986392202999488,0.08603442400724247
20240523,kanga,MC,0.8636363636363636,14,leader,0.5,1.0625,68.0,64.0,1.103448275862069,24,3.566666666666667,4.427458893385516,1.2413369930079856,3.5666856931871314,0.03720553691920602,0.10649181173954739,0.45136231644570607,0.08900316762692614,0.5645595143916452,2.2187952862793563,0.27876201825606584,0.0986392202999488,0.08603442400724247
20240523,kanga,MC,0.8636363636363636,14,leader,0.5,1.0625,68.0,64.0,1.103448275862069,25,3.2,4.470593099649689,1.0473797167812027,4.268359438340732,0.037568009240753694,0.11082868940275042,0.42263085178304644,0.061633327522217486,0.4985818886535682,2.4851324766485274,0.27876201825606584,0.0986392202999488,0.08603442400724247
20240523,kanga,MC,0.8636363636363636,14,leader,0.5,1.0625,68.0,64.0,1.103448275862069,26,3.0,4.198463067233639,0.9443562434800545,4.445846677268581,0.035281202245660837,0.11363083363107832,0.41632378360518457,0.04728836913647171,0.6758640709612765,2.447418904099525,0.27876201825606584,0.0986392202999488,0.08603442400724247
20240523,kanga,MC,0.8636363636363636,14,leader,0.5,1.0625,68.0,64.0,1.103448275862069,27,3.3,3.9113182931377337,0.3782769270608335,10.339827817488656,0.032868220950737256,0.11028464534391992,0.31654123209565566,0.03691821669482485,0.39378483874866416,3.1260001067483003,0.27876201825606584,0.0986392202999488,0.08603442400724247
20240523,kanga,MC,0.8636363636363636,14,leader,0.5,1.0625,68.0,64.0,1.103448275862069,28,3.4,4.855250726192805,0.4121138814181652,11.781332648841941,0.040800426270527775,0.1117971104491014,0.3782229748468983,0.06698091182171599,0.13332504596503084,2.6249000445924096,0.27876201825606584,0.0986392202999488,0.08603442400724247
20240523,kanga,MC,0.8636363636363636,14,leader,0.5,1.0625,68.0,64.0,1.103448275862069,29,3.2,3.950577655962766,0.6850365419956704,5.766959006965988,0.03319813156271232,0.10898451120773749,0.3398047481060523,0.06333757967436787,0.510784015095348,2.8607213834904077,0.27876201825606584,0.0986392202999488,0.08603442400724247
20240523,kanga,MC,0.8636363636363636,14,leader,0.5,1.0625,68.0,64.0,1.103448275862069,30,3.2,3.5943908897755974,0.7973970036285455,4.507655375452083,0.03020496546029914,0.0883026313688392,0.35058565690646853,0.03346287423190743,0.6213485313617593,2.8305328256439437,0.27876201825606584,0.0986392202999488,0.08603442400724247
20240523,kanga,MC,0.8636363636363636,14,leader,0.5,1.0625,68.0,64.0,1.103448275862069,31,3.6,3.180952906035188,0.5262438325869492,6.0446369326515805,0.02673069668937133,0.0978575382721766,0.2770063161619699,0.016312515055803122,0.41743732785936283,3.679842825999634,0.27876201825606584,0.0986392202999488,0.08603442400724247
20240523,kanga,MC,0.8636363636363636,14,leader,0.5,1.0625,68.0,64.0,1.103448275862069,32,2.7,3.1280179079728363,0.5629964023007665,5.556017578779788,0.026285864772880977,0.09783985775063818,0.2820619120379508,0.022585021475319857,0.656336062532097,3.5072538453338655,0.27876201825606584,0.0986392202999488,0.08603442400724247
20240523,kanga,MC,0.8636363636363636,14,leader,0.5,1.0625,68.0,64.0,1.103448275862069,33,3.2666666666666666,3.3734667761425583,0.6091117945031183,5.538337636187881,0.028348460303718976,0.11986682500070509,0.35014281537937625,0.052912123131049815,0.7917242140415794,2.7044752841679607,0.27876201825606584,0.0986392202999488,0.08603442400724247
20240523,kanga,MC,0.8636363636363636,14,leader,0.5,1.0625,68.0,64.0,1.103448275862069,34,2.8666666666666667,2.544114066076776,1.031696189201713,2.465952760807728,0.021379109798964506,0.096694316580582,0.28074834466009985,0.02488881296324023,1.1528966454660314,3.677513082357047,0.27876201825606584,0.0986392202999488,0.08603442400724247
20240523,kanga,MC,0.8636363636363636,14,leader,0.5,1.0625,68.0,64.0,1.103448275862069,35,2.9,2.7069275647731486,0.9108808750362306,2.971769019374218,0.022747290460278558,0.08263383759320325,0.2728191162991637,0.014990522418298059,0.9222649287518828,3.760070706941513,0.27876201825606584,0.0986392202999488,0.08603442400724247
20240523,kanga,MC,0.8636363636363636,14,leader,0.5,1.0625,68.0,64.0,1.103448275862069,36,3.3333333333333335,2.6025032501737524,0.6198545492386451,4.19857086371368,0.021869775211544137,0.1252835291057905,0.22713122387836757,0.01725920880519306,0.8870392023782746,4.3753832156992845,0.27876201825606584,0.0986392202999488,0.08603442400724247
20240523,kanga,MC,0.8636363636363636,14,leader,0.5,1.0625,68.0,64.0,1.103448275862069,37,3.433333333333333,2.8223942094891976,0.8602915159938639,3.2807416521231025,0.02371759839906889,0.10911881075991399,0.2713218828080356,0.03555989703669121,0.9436296283053126,3.7415395159375042,0.27876201825606584,0.0986392202999488,0.08603442400724247
20240523,kanga,MC,0.8636363636363636,14,leader,0.5,1.0625,68.0,64.0,1.103448275862069,38,3.933333333333333,2.0121025301882773,0.3878537985328051,5.187786062170257,0.016908424623430902,0.11222643263519641,0.19523845797705203,0.013430651903185948,0.812827038109227,5.077739567810495,0.27876201825606584,0.0986392202999488,0.08603442400724247
20240523,kanga,MC,0.8636363636363636,14,leader,0.5,1.0625,68.0,64.0,1.103448275862069,39,1.4,4.086565964251265,1.0621542099722348,3.8474318756012744,0.03434089045589298,0.09005343321060352,0.4044695987112005,0.06663891343579058,0.5328615756992148,2.5750398653264606,0.27876201825606584,0.0986392202999488,0.08603442400724247
20240523,kanga,MC,0.8636363636363636,14,leader,0.5,1.0625,68.0,64.0,1.103448275862069,40,2.1333333333333333,2.8689915364479375,0.8932213830205729,3.2119602049225215,0.024109172575192753,0.10628838604369852,0.30423118992275994,0.03195781059802431,0.8716902456740874,3.705094101778506,0.27876201825606584,0.0986392202999488,0.08603442400724247
20240523,kanga,MC,0.8636363636363636,14,leader,0.5,1.0625,68.0,64.0,1.103448275862069,41,3.8666666666666667,4.183859594680299,0.8482509966644312,4.9323367860838925,0.035158483988910076,0.09764997051573583,0.40085165568778447,0.09369570363835228,0.4574337481051312,2.5769511646911383,0.27876201825606584,0.0986392202999488,0.08603442400724247
20240523,kanga,MC,0.8636363636363636,14,leader,0.5,1.0625,68.0,64.0,1.103448275862069,42,1.5,2.2255535008435072,0.1933983463795185,11.507613909356571,0.018702130259189136,0.11082761995399966,0.22370858202878388,0.023123156096212644,0.5085303697960004,4.267105922377845,0.27876201825606584,0.0986392202999488,0.08603442400724247
20240523,kanga,MC,0.8636363636363636,14,leader,0.5,1.0625,68.0,64.0,1.103448275862069,43,2.9,2.859312629870746,0.3472462320742999,8.234250988960888,0.024027837225804587,0.12170444600485837,0.2279699659828544,0.026473493615522536,0.37749617285581416,4.6253301921465635,0.27876201825606584,0.0986392202999488,0.08603442400724247
20240523,kanga,MC,0.8636363636363636,14,leader,0.5,1.0625,68.0,64.0,1.103448275862069,44,3.8333333333333335,3.4125381322025583,0.9887546940739854,3.4513496144749616,0.028676791026912254,0.09997299113830783,0.3534319524676844,0.025331934655732375,0.6886855392832594,2.9260753875050862,0.27876201825606584,0.0986392202999488,0.08603442400724247
20240523,kanga,MC,0.8636363636363636,14,leader,0.5,1.0625,68.0,64.0,1.103448275862069,45,3.3333333333333335,3.625213175763653,0.7584194373027909,4.779958157001091,0.030463976266921454,0.09643574241718447,0.3251595982446342,0.06019283044375238,0.4894533537837648,3.1384780142850324,0.27876201825606584,0.0986392202999488,0.08603442400724247
20240523,kanga,MC,0.8636363636363636,14,leader,0.5,1.0625,68.0,64.0,1.103448275862069,46,3.8333333333333335,2.2868581601686184,0.285667181064072,8.005323368440077,0.019217295463601836,0.10782832657313066,0.19066638738979316,0.008749299824000136,0.30337016452396404,5.307876588889397,0.27876201825606584,0.0986392202999488,0.08603442400724247
20240523,kanga,MC,0.8636363636363636,14,leader,0.5,1.0625,68.0,64.0,1.103448275862069,47,3.466666666666667,3.5185711918052314,0.6039482717154137,5.8259479438716175,0.02956782514122043,0.11603289852608341,0.32543361356394473,0.034156024265592014,0.49508271315505364,3.287280406850682,0.27876201825606584,0.0986392202999488,0.08603442400724247
20240523,kanga,MC,0.8636363636363636,14,leader,0.5,1.0625,68.0,64.0,1.103448275862069,48,4.666666666666667,2.815120506681604,0.8036897723938004,3.5027452175940117,0.0236564748460639,0.10047350310416392,0.26553030060812477,0.0361388992595069,0.9427963492923623,3.505265535387611,0.27876201825606584,0.0986392202999488,0.08603442400724247
20240523,kanga,MC,0.8636363636363636,14,leader,0.5,1.0625,68.0,64.0,1.103448275862069,49,1.5666666666666667,3.3025499752776453,0.4213559004578054,7.8379108295135,0.02775252080065248,0.09344679642266397,0.28957438331289864,0.020401895633302934,0.45371284124386,3.3590834985380957,0.27876201825606584,0.0986392202999488,0.08603442400724247
20240523,kanga,MC,0.8636363636363636,14,leader,0.5,1.0625,68.0,64.0,1.103448275862069,50,2.9,3.106590039705147,0.4642326010868069,6.69188254429431,0.026105798652984426,0.11332106372544964,0.2767661859008159,0.014532832991587644,0.7588402171129434,3.620713264668087,0.27876201825606584,0.0986392202999488,0.08603442400724247
20240523,kanga,MC,0.8636363636363636,14,leader,0.5,1.0625,68.0,64.0,1.103448275862069,51,2.566666666666667,2.933217726410936,0.8498381964137072,3.451501402018679,0.024648888457234754,0.08924589391787942,0.286857926887332,0.024590928969484307,0.8239440956287677,3.578386340775877,0.27876201825606584,0.0986392202999488,0.08603442400724247
20240523,kanga,MC,0.8636363636363636,14,leader,0.5,1.0625,68.0,64.0,1.103448275862069,52,1.7666666666666666,2.7642079154389494,0.9997459680764601,2.7649102909185665,0.02322863794486512,0.10125653081704739,0.3085697790702801,0.013603191112940873,1.0242900500174663,3.577276862553213,0.27876201825606584,0.0986392202999488,0.08603442400724247
20240523,kanga,MC,0.8636363636363636,14,leader,0.5,1.0625,68.0,64.0,1.103448275862069,53,3.3,2.0596654628795923,0.5908683439701201,3.4858280764212823,0.017308113133441952,0.0864847312965019,0.21639196957362142,0.015113318191336472,1.210437174997514,4.493720743738361,0.27876201825606584,0.0986392202999488,0.08603442400724247
20240523,kanga,MC,0.8636363636363636,14,leader,0.5,1.0625,68.0,64.0,1.103448275862069,54,2.566666666666667,2.0671346834576028,0.4721835457362148,4.377820239870042,0.017370879692921032,0.09691162667861608,0.200562512092059,0.010042922707104428,1.01831506387555,5.108592733662795,0.27876201825606584,0.0986392202999488,0.08603442400724247
20240523,kanga,MC,0.8636363636363636,14,leader,0.5,1.0625,68.0,64.0,1.103448275862069,55,1.6666666666666667,2.4053541528249274,0.1661007992828615,14.4812918613879,0.020213060107772497,0.11179030621985891,0.1996301954210039,0.007852871758049525,0.32330891351939156,4.968322419958704,0.27876201825606584,0.0986392202999488,0.08603442400724247
20240523,kanga,MC,0.8636363636363636,14,leader,0.5,1.0625,68.0,64.0,1.103448275862069,56,3.5,2.4925287243774092,0.9699957307792954,2.569628551225591,0.02094561953258327,0.12212542544353791,0.2339904675145804,0.015273468394047899,0.9007936725449238,4.227147940662709,0.27876201825606584,0.0986392202999488,0.08603442400724247
20240523,kanga,MC,0.8636363636363636,14,leader,0.5,1.0625,68.0,64.0,1.103448275862069,57,2.966666666666667,2.3800753831339465,0.2503526688820241,9.506890394907394,0.020000633471713835,0.12686549372713918,0.2083546531607407,0.02259732023302976,0.37088262805965905,4.680997489661125,0.27876201825606584,0.0986392202999488,0.08603442400724247
20240523,kanga,MC,0.8636363636363636,14,leader,0.5,1.0625,68.0,64.0,1.103448275862069,58,3.1333333333333333,2.6573088385961614,0.8075774367915183,3.2904693934411693,0.02233032637475766,0.1310526281289664,0.1883905702361348,0.019382765178899114,0.957717816880242,5.506570312868425,0.27876201825606584,0.0986392202999488,0.08603442400724247
20240523,kanga,MC,0.8636363636363636,14,leader,0.5,1.0625,68.0,64.0,1.103448275862069,59,3.2666666666666666,3.281005990897919,1.0381552675503702,3.160419345210063,0.027571478915108562,0.09659901125230161,0.3342940348035937,0.04083589288082481,0.7072562729863626,3.2203495770602344,0.27876201825606584,0.0986392202999488,0.08603442400724247
20240523,kanga,MC,0.8636363636363636,14,leader,0.5,1.0625,68.0,64.0,1.103448275862069,60,3.566666666666667,2.7036090206130976,1.0130780150350716,2.6687076222056816,0.022719403534563844,0.13592245971753947,0.24339308734517678,0.023762263521178967,0.9723531576333468,4.040100884402076,0.27876201825606584,0.0986392202999488,0.08603442400724247
20240523,kanga,MC,0.8636363636363636,14,leader,0.5,1.0625,68.0,64.0,1.103448275862069,61,3.466666666666667,2.484116902145906,0.16168917136480415,15.363532889541661,0.020874931950805933,0.09719341293333941,0.20865209255950232,0.009955124346727781,0.05100544354216041,5.102334431259745,0.27876201825606584,0.0986392202999488,0.08603442400724247
20240523,kanga,MC,0.8636363636363636,14,leader,0.5,1.0625,68.0,64.0,1.103448275862069,62,4.233333333333333,1.1470353225470882,0.2869684306719078,3.9970784237883588,0.009638952290311665,0.12850942243929092,0.09894327718546658,0.0028080191206657284,1.2934205305599997,10.057097129213764,0.27876201825606584,0.0986392202999488,0.08603442400724247
20240523,kanga,MC,0.8636363636363636,14,leader,0.5,1.0625,68.0,64.0,1.103448275862069,63,2.1333333333333333,1.2540020347726335,0.22928468858525763,5.469192219114723,0.010537832224980113,0.11513739676455778,0.1111942014667147,0.0015035315968272912,1.1784382957630912,9.435521400714364,0.27876201825606584,0.0986392202999488,0.08603442400724247
20240523,kanga,MC,0.8636363636363636,14,leader,0.5,1.0625,68.0,64.0,1.103448275862069,64,1.2,2.0934706521956827,0.6924297361336473,3.02336907696237,0.01759219035458557,0.13709819625660494,0.17702342648143266,0.010466571972629164,1.2322865556030895,5.83652076430591,0.27876201825606584,0.0986392202999488,0.08603442400724247
20240523,kanga,MC,0.8636363636363636,14,leader,0.5,1.0625,68.0,64.0,1.103448275862069,65,3.8,2.7352261401614317,0.3567602968512115,7.666845678464524,0.022985093614801947,0.09275188918385555,0.2546544276230233,0.011872468449773908,0.528556257444347,3.9147686398642776,0.27876201825606584,0.0986392202999488,0.08603442400724247
20240523,kanga,MC,0.8636363636363636,14,leader,0.5,1.0625,68.0,64.0,1.103448275862069,66,2.6333333333333333,2.7455652072824916,0.9055836964115657,3.0318182826854905,0.023071976531785644,0.09453707442636597,0.2704853105461238,0.027839868691643052,0.7642633697710862,3.7334972514274427,0.27876201825606584,0.0986392202999488,0.08603442400724247
20240523,kanga,MC,0.8636363636363636,14,leader,0.5,1.0625,68.0,64.0,1.103448275862069,67,2.033333333333333,2.808428588574698,0.16671364121873977,16.84582358134597,0.023600240240123513,0.12069932197649234,0.22066827474889764,0.02361784575884924,0.22520787734637865,4.630146088493774,0.27876201825606584,0.0986392202999488,0.08603442400724247
20240606,kanga,MC,0.6547619047619048,26,leader,0.3269230769230769,1.625,104.0,64.0,0.5811965811965812,0,4.2,4.033188805420432,0.4705509149923587,8.571205956502979,0.033892342902692704,0.10583223677912305,0.38699847546293176,0.06507618679301874,0.2266093324741788,2.675193834592386,0.14142768536621045,0.0678992033573987,0.0595563723166674
20240606,kanga,MC,0.6547619047619048,26,leader,0.3269230769230769,1.625,104.0,64.0,0.5811965811965812,1,1.8,4.143972526419989,0.06927126970797012,59.822384429936285,0.034823298541344444,0.10928253135398515,0.45761997815374045,0.061447058817315534,0.05494387661935487,1.8193774854582279,0.14142768536621045,0.0678992033573987,0.0595563723166674
20240606,kanga,MC,0.6547619047619048,26,leader,0.3269230769230769,1.625,104.0,64.0,0.5811965811965812,2,1.3,3.829844482208282,0.5237499384458867,7.312353092723042,0.03218356707738052,0.10667079665527006,0.3627321438290831,0.08883882600153936,0.44834317523219014,2.6523127906410986,0.14142768536621045,0.0678992033573987,0.0595563723166674
20240606,kanga,MC,0.6547619047619048,26,leader,0.3269230769230769,1.625,104.0,64.0,0.5811965811965812,3,1.9666666666666666,4.283382080470022,1.0833750897814738,3.953738756660925,0.03599480739890775,0.11656955623522271,0.3264447341203025,0.06776312173450638,0.6212786721680266,3.064130927938665,0.14142768536621045,0.0678992033573987,0.0595563723166674
20240606,kanga,MC,0.6547619047619048,26,leader,0.3269230769230769,1.625,104.0,64.0,0.5811965811965812,4,3.066666666666667,3.828510713323711,0.40196739336377674,9.524431027317044,0.03217235893549337,0.11304864939402966,0.3249259156270739,0.07415173050069997,0.575603250123526,3.2266319103986754,0.14142768536621045,0.0678992033573987,0.0595563723166674
20240606,kanga,MC,0.6547619047619048,26,leader,0.3269230769230769,1.625,104.0,64.0,0.5811965811965812,5,1.8,3.1832088018637568,0.12651718947119114,25.160287034265775,0.026749653797174425,0.12552793911413868,0.34568382626288496,0.059340323395767156,0.07812068001481542,2.73382520633757,0.14142768536621045,0.0678992033573987,0.0595563723166674
20240606,kanga,MC,0.6547619047619048,26,leader,0.3269230769230769,1.625,104.0,64.0,0.5811965811965812,6,3.1333333333333333,2.927731356442737,0.5415415705328918,5.406291069329671,0.02460278450792216,0.13754172007595708,0.256927173283816,0.02240308466288857,0.9194838980032118,3.7117770085067168,0.14142768536621045,0.0678992033573987,0.0595563723166674
20240606,kanga,MC,0.6547619047619048,26,leader,0.3269230769230769,1.625,104.0,64.0,0.5811965811965812,7,3.3333333333333335,2.4432808461069326,0.4878137167854006,5.008634981008094,0.020531771816024644,0.1545225311593529,0.19041350218290232,0.01866019277885893,1.0100796838556632,5.316904834634869,0.14142768536621045,0.0678992033573987,0.0595563723166674
20240606,kanga,MC,0.6547619047619048,26,leader,0.3269230769230769,1.625,104.0,64.0,0.5811965811965812,8,1.3333333333333333,2.415268351938801,0.34188157335790853,7.064634482099765,0.020296372705368076,0.1300596871790921,0.25469346685462535,0.024203285311714173,0.42894974924446866,3.6627956325089888,0.14142768536621045,0.0678992033573987,0.0595563723166674
20240606,kanga,MC,0.6547619047619048,26,leader,0.3269230769230769,1.625,104.0,64.0,0.5811965811965812,9,3.3333333333333335,2.857193291676664,0.20545501964348156,13.906660916022616,0.024010027661148434,0.11619973640893486,0.29437758568155253,0.027744872080042737,0.19352135371284793,3.116816234038133,0.14142768536621045,0.0678992033573987,0.0595563723166674
20240606,kanga,MC,0.6547619047619048,26,leader,0.3269230769230769,1.625,104.0,64.0,0.5811965811965812,10,4.3,3.782939506796275,0.5775871706661176,6.5495559785954045,0.03178940762013677,0.1219815273943082,0.30495113198949747,0.058041399900824714,0.32561203881034545,3.4663470894104607,0.14142768536621045,0.0678992033573987,0.0595563723166674
20240606,kanga,MC,0.6547619047619048,26,leader,0.3269230769230769,1.625,104.0,64.0,0.5811965811965812,11,3.2333333333333334,2.9516667276033584,0.4759322200341728,6.201863633841439,0.02480392208070049,0.12879591765987713,0.2754337230041329,0.03597597650293104,0.739184400204101,3.624875538286371,0.14142768536621045,0.0678992033573987,0.0595563723166674
20240606,kanga,MC,0.6547619047619048,26,leader,0.3269230769230769,1.625,104.0,64.0,0.5811965811965812,12,3.9,2.8805455611785695,0.3777859237022329,7.624809132510154,0.02420626521998798,0.12238077967564932,0.305413312306865,0.03534529814007307,0.4566043782867463,3.3002984311204973,0.14142768536621045,0.0678992033573987,0.0595563723166674
20240606,kanga,MC,0.6547619047619048,26,leader,0.3269230769230769,1.625,104.0,64.0,0.5811965811965812,13,3.033333333333333,3.661845037638844,0.5520177956871578,6.633563385543647,0.030771807038981882,0.1342109328121835,0.2975805691274652,0.05937800370386744,0.7645384472532484,3.4018801932332075,0.14142768536621045,0.0678992033573987,0.0595563723166674
20240606,kanga,MC,0.6547619047619048,26,leader,0.3269230769230769,1.625,104.0,64.0,0.5811965811965812,14,2.066666666666667,2.9248920235633866,0.35827681930444505,8.163776906476233,0.024578924567759553,0.14334113199877635,0.28234713036171877,0.03723027249199,0.43909146040342084,3.441924931771331,0.14142768536621045,0.0678992033573987,0.0595563723166674
20240606,kanga,MC,0.6547619047619048,26,leader,0.3269230769230769,1.625,104.0,64.0,0.5811965811965812,15,1.3666666666666667,2.8669456037882073,0.15668179830532833,18.297885490191685,0.024091979863766447,0.09571523823026182,0.35654054653740963,0.0422509461811207,0.3480326920147275,2.731751885023552,0.14142768536621045,0.0678992033573987,0.0595563723166674
20240606,kanga,MC,0.6547619047619048,26,leader,0.3269230769230769,1.625,104.0,64.0,0.5811965811965812,16,4.366666666666666,2.359437273970259,0.3216483206776502,7.335456529041984,0.019827203982943353,0.1364379348270304,0.17468765423415356,0.014203048193876246,0.7796192741311253,5.8250144323033775,0.14142768536621045,0.0678992033573987,0.0595563723166674
20240606,kanga,MC,0.6547619047619048,26,leader,0.3269230769230769,1.625,104.0,64.0,0.5811965811965812,17,1.5666666666666667,2.408639862164533,0.4981875935398668,4.834804987916233,0.02024067111062633,0.125166011187121,0.20938158256895736,0.012654859020961258,0.32884341973015674,4.9276165134945265,0.14142768536621045,0.0678992033573987,0.0595563723166674
20240606,kanga,MC,0.6547619047619048,26,leader,0.3269230769230769,1.625,104.0,64.0,0.5811965811965812,18,3.7,2.834952660629627,0.4503066679611416,6.295604445444863,0.02382313160192964,0.1133635857492647,0.31329545642186407,0.06450205822288406,0.4510771317449729,2.9629731100276047,0.14142768536621045,0.0678992033573987,0.0595563723166674
20240606,kanga,MC,0.6547619047619048,26,leader,0.3269230769230769,1.625,104.0,64.0,0.5811965811965812,19,1.7,2.857893916941002,0.30819334671380294,9.273055201918176,0.02401591526841178,0.13124974252524396,0.3098205369844729,0.0465188419000657,0.3069287573547539,3.1021716399138044,0.14142768536621045,0.0678992033573987,0.0595563723166674
20240606,kanga,MC,0.6547619047619048,26,leader,0.3269230769230769,1.625,104.0,64.0,0.5811965811965812,20,4.166666666666667,2.16818347616695,0.13318911811014528,16.278983650705584,0.018220029211486972,0.15462227422973315,0.18913867536212567,0.012312232246999653,0.19579672928726818,5.554782757349374,0.14142768536621045,0.0678992033573987,0.0595563723166674
20240606,kanga,MC,0.6547619047619048,26,leader,0.3269230769230769,1.625,104.0,64.0,0.5811965811965812,21,3.3333333333333335,2.5606355210975607,0.421547344122328,6.074372325672854,0.021517945555441686,0.15153858989111618,0.23632529613737782,0.02415578181586962,0.752956297623824,3.758143858230848,0.14142768536621045,0.0678992033573987,0.0595563723166674
20240606,kanga,MC,0.6547619047619048,26,leader,0.3269230769230769,1.625,104.0,64.0,0.5811965811965812,22,1.4,3.817618600419123,0.7808942582431273,4.88877791086348,0.032080828574950614,0.11105141028722035,0.3247157655474934,0.05070889960547474,0.4343748205737787,3.0579203542610194,0.14142768536621045,0.0678992033573987,0.0595563723166674
20240606,kanga,MC,0.6547619047619048,26,leader,0.3269230769230769,1.625,104.0,64.0,0.5811965811965812,23,3.6,4.238247799528274,0.583354714801777,7.265301354371369,0.03561552772712835,0.11189572970808719,0.36274818622103844,0.05816272932281582,0.29006062516654796,2.5819881468645343,0.14142768536621045,0.0678992033573987,0.0595563723166674
20240606,kanga,MC,0.6547619047619048,26,leader,0.3269230769230769,1.625,104.0,64.0,0.5811965811965812,24,1.6333333333333333,4.531186946828646,0.39044224628100394,11.605268103000103,0.03807720123385416,0.110113793942736,0.3849058179917299,0.11116339374649102,0.3491354382583499,2.508711409939024,0.14142768536621045,0.0678992033573987,0.0595563723166674
20240606,kanga,MC,0.6547619047619048,26,leader,0.3269230769230769,1.625,104.0,64.0,0.5811965811965812,25,2.3666666666666667,4.59836706878481,0.24562715447036282,18.720923094598835,0.038641740073821935,0.10088223108803145,0.43752745866868287,0.14053234501729792,0.08678046757008015,2.3701292670887684,0.14142768536621045,0.0678992033573987,0.0595563723166674
20240606,kanga,MC,0.6547619047619048,26,leader,0.3269230769230769,1.625,104.0,64.0,0.5811965811965812,26,1.7666666666666666,5.154494230330393,0.5519679829231428,9.338393511581842,0.04331507756580162,0.1036175454898577,0.5350509435903505,0.1985503329453558,0.10974918448783681,1.9092560465705564,0.14142768536621045,0.0678992033573987,0.0595563723166674
20240606,kanga,MC,0.6547619047619048,26,leader,0.3269230769230769,1.625,104.0,64.0,0.5811965811965812,27,0.7666666666666667,3.201385735352723,0.26527380550744817,12.068231649290516,0.02690240113741784,0.1219401898893976,0.3261398021455336,0.03550143897314029,0.15288591854748027,3.220652050723473,0.14142768536621045,0.0678992033573987,0.0595563723166674
20240606,kanga,MC,0.6547619047619048,26,leader,0.3269230769230769,1.625,104.0,64.0,0.5811965811965812,28,1.7666666666666666,2.9899515897546327,0.4548389889203591,6.573648395560399,0.025125643611383468,0.11932750291877112,0.29440731224828504,0.05707509127373588,0.43614599886362687,3.181637531100307,0.14142768536621045,0.0678992033573987,0.0595563723166674
20240606,kanga,MC,0.6547619047619048,26,leader,0.3269230769230769,1.625,104.0,64.0,0.5811965811965812,29,2.5,4.894930856797211,0.6937686671732357,7.055566341359339,0.04113387274619505,0.113227541091726,0.4658111086944517,0.07567379604600437,0.21233827342259903,2.0478125567551477,0.14142768536621045,0.0678992033573987,0.0595563723166674
20240606,kanga,MC,0.6547619047619048,26,leader,0.3269230769230769,1.625,104.0,64.0,0.5811965811965812,30,3.4,5.2478080632521875,0.5985906462297489,8.766939637807159,0.04409922742228729,0.10043445477105374,0.5324705372967591,0.2847866973903307,0.1909544639643782,1.8711600388534453,0.14142768536621045,0.0678992033573987,0.0595563723166674
20240606,kanga,MC,0.6547619047619048,26,leader,0.3269230769230769,1.625,104.0,64.0,0.5811965811965812,31,3.566666666666667,4.175266006314302,0.5425737959331396,7.695296082505267,0.03508626896062438,0.10569613766796171,0.4962458678044724,0.16931523149493022,0.203227552715741,1.6999072588480326,0.14142768536621045,0.0678992033573987,0.0595563723166674
20240606,kanga,MC,0.6547619047619048,26,leader,0.3269230769230769,1.625,104.0,64.0,0.5811965811965812,32,3.6333333333333333,4.247968090301435,0.16560525146284458,25.65116777866501,0.0356972108428692,0.09584312961508233,0.5715633499720496,0.09662892955711531,0.08801307596379739,1.5892311176794975,0.14142768536621045,0.0678992033573987,0.0595563723166674
20240606,kanga,MC,0.6547619047619048,26,leader,0.3269230769230769,1.625,104.0,64.0,0.5811965811965812,33,1.5,3.15562877218626,0.2153800984395736,14.65144084828986,0.026517888841901344,0.11955296444952625,0.3354898097567643,0.028997095433634202,0.2182179012800634,2.452079422999159,0.14142768536621045,0.0678992033573987,0.0595563723166674
20240606,kanga,MC,0.6547619047619048,26,leader,0.3269230769230769,1.625,104.0,64.0,0.5811965811965812,34,1.3,2.444602984741697,0.31883795151222794,7.6672271075231215,0.02054288222472014,0.12598989914605468,0.28954059386882397,0.029700164131113257,0.40870515306996963,3.3007250025359633,0.14142768536621045,0.0678992033573987,0.0595563723166674
20240606,kanga,MC,0.6547619047619048,26,leader,0.3269230769230769,1.625,104.0,64.0,0.5811965811965812,35,4.8,4.275496090032268,0.732907311385886,5.833610913155646,0.03592853857169973,0.10715918279262446,0.3975538653369599,0.11619977768898539,0.47563968941480417,2.5296593642976513,0.14142768536621045,0.0678992033573987,0.0595563723166674
20240606,kanga,MC,0.6547619047619048,26,leader,0.3269230769230769,1.625,104.0,64.0,0.5811965811965812,36,3.533333333333333,4.290254239387053,0.46361165261009596,9.253982757407563,0.03605255663350465,0.12069615053863918,0.3343968438356889,0.073019070259681,0.1962974027591744,2.7992628899048126,0.14142768536621045,0.0678992033573987,0.0595563723166674
20240606,kanga,MC,0.6547619047619048,26,leader,0.3269230769230769,1.625,104.0,64.0,0.5811965811965812,37,1.4,3.2447556208125907,0.28997885128028505,11.189628507343473,0.027266853956408325,0.13454292985893532,0.2972091826453195,0.05891426634821137,0.4567956832863054,3.0081840747652646,0.14142768536621045,0.0678992033573987,0.0595563723166674
20240606,kanga,MC,0.6547619047619048,26,leader,0.3269230769230769,1.625,104.0,64.0,0.5811965811965812,38,3.3,3.057583116430848,0.4958437872339209,6.166424174612865,0.025693975768326452,0.13204848265819225,0.23314239945207504,0.02526948227310782,0.6806017165548528,4.1283444966813665,0.14142768536621045,0.0678992033573987,0.0595563723166674
20240606,kanga,MC,0.6547619047619048,26,leader,0.3269230769230769,1.625,104.0,64.0,0.5811965811965812,39,1.2666666666666666,3.411488616862709,0.918385041237291,3.714660478644767,0.028667971570274866,0.11939433142107345,0.2965966584478737,0.03143496515851807,0.6114128703026191,2.9974119679576727,0.14142768536621045,0.0678992033573987,0.0595563723166674
20240606,kanga,MC,0.6547619047619048,26,leader,0.3269230769230769,1.625,104.0,64.0,0.5811965811965812,40,3.066666666666667,4.495862143467312,0.239494302311988,18.77231357934593,0.03778035414678413,0.10931037450641379,0.4400822606027627,0.12166174598158305,0.13185026669716748,2.217384480305192,0.14142768536621045,0.0678992033573987,0.0595563723166674
20240606,kanga,MC,0.6547619047619048,26,leader,0.3269230769230769,1.625,104.0,64.0,0.5811965811965812,41,3.3666666666666667,2.786579481665841,0.1942491574976456,14.345387735849593,0.02341663429971295,0.115580954039256,0.31459195903005377,0.04597701055345541,0.25860975363208355,3.1125913647131327,0.14142768536621045,0.0678992033573987,0.0595563723166674
20240606,kanga,MC,0.6547619047619048,26,leader,0.3269230769230769,1.625,104.0,64.0,0.5811965811965812,42,3.2,3.2578041116421868,0.6762251429113151,4.817632331173818,0.027376505139850307,0.12252191564893065,0.3175651950241965,0.054600286382969876,0.7017441485295358,3.018427522121341,0.14142768536621045,0.0678992033573987,0.0595563723166674
20240606,kanga,MC,0.6547619047619048,26,leader,0.3269230769230769,1.625,104.0,64.0,0.5811965811965812,43,3.966666666666667,4.559391220377625,0.6861378713981102,6.645007381806768,0.03831421193594643,0.11073738335933585,0.38069634179978423,0.08662796492777346,0.4702988045897941,2.6473732125359692,0.14142768536621045,0.0678992033573987,0.0595563723166674
20240606,kanga,MC,0.6547619047619048,26,leader,0.3269230769230769,1.625,104.0,64.0,0.5811965811965812,44,2.2,3.947364485895258,0.3606479448781731,10.945201662603896,0.0331711301335736,0.1128108067463584,0.3766946362189658,0.08221754920013258,0.20268985209369864,2.692664307415822,0.14142768536621045,0.0678992033573987,0.0595563723166674
20240606,kanga,MC,0.6547619047619048,26,leader,0.3269230769230769,1.625,104.0,64.0,0.5811965811965812,45,0.6333333333333333,4.813532117071397,0.8565789020625365,5.619484796416308,0.04044984972328906,0.10432913083858121,0.4958442176377846,0.09394022510892272,0.28513063455500737,2.04369816523329,0.14142768536621045,0.0678992033573987,0.0595563723166674
20240606,kanga,MC,0.6547619047619048,26,leader,0.3269230769230769,1.625,104.0,64.0,0.5811965811965812,46,2.2666666666666666,4.124009395816424,0.4961550468590329,8.311936806697712,0.034655541141314486,0.11229296120495447,0.5203792813198452,0.16053686236108905,0.23772929828343115,1.9761279461746524,0.14142768536621045,0.0678992033573987,0.0595563723166674
20240606,kanga,MC,0.6547619047619048,26,leader,0.3269230769230769,1.625,104.0,64.0,0.5811965811965812,47,1.5,3.8731469446510065,0.5575156853336534,6.947153320597725,0.03254745331639501,0.08883685928712641,0.39161980789361844,0.06690142939576889,0.6016002907985695,2.548113949770221,0.14142768536621045,0.0678992033573987,0.0595563723166674
20240606,kanga,MC,0.6547619047619048,26,leader,0.3269230769230769,1.625,104.0,64.0,0.5811965811965812,48,3.466666666666667,3.844828715252288,0.12753738919959434,30.14667886320914,0.03230948500212007,0.10133865824686851,0.46156792405458014,0.1111689819264417,0.0737955126171418,2.0268657343579637,0.14142768536621045,0.0678992033573987,0.0595563723166674
20240606,kanga,MC,0.6547619047619048,26,leader,0.3269230769230769,1.625,104.0,64.0,0.5811965811965812,49,3.066666666666667,3.2780001044245144,0.5857896749621324,5.595865281572975,0.027546219364911886,0.11968842303298767,0.3632811499636236,0.06341524639323255,0.2984331000865428,3.1366551347078193,0.14142768536621045,0.0678992033573987,0.0595563723166674
20240606,kanga,MC,0.6547619047619048,26,leader,0.3269230769230769,1.625,104.0,64.0,0.5811965811965812,50,4.0,2.373113403614226,0.46670757272894664,5.08479729552723,0.019942129442136355,0.13458811194913425,0.26063325085806915,0.034377861839319575,0.922626907106862,3.7454641471493524,0.14142768536621045,0.0678992033573987,0.0595563723166674
20240606,kanga,MC,0.6547619047619048,26,leader,0.3269230769230769,1.625,104.0,64.0,0.5811965811965812,51,1.9333333333333333,2.7692130035951097,0.30448422534427405,9.09476673369209,0.023270697509202604,0.15022264504897112,0.26495892968803797,0.037388012503707414,0.31731024682331405,4.021674704940115,0.14142768536621045,0.0678992033573987,0.0595563723166674
20240606,kanga,MC,0.6547619047619048,26,leader,0.3269230769230769,1.625,104.0,64.0,0.5811965811965812,52,4.133333333333334,2.8236784102531955,0.4531063367836608,6.231822821761558,0.023728390002127692,0.10803514192708746,0.34390114747553174,0.04168604048158769,0.17434565214494177,2.4700410686587007,0.14142768536621045,0.0678992033573987,0.0595563723166674
20240606,kanga,MC,0.6547619047619048,26,leader,0.3269230769230769,1.625,104.0,64.0,0.5811965811965812,53,2.2333333333333334,3.692621966201696,0.31453586066884215,11.739907679682535,0.031030436690770553,0.08969430302887388,0.4615141598962359,0.06768286298633701,0.15292906718953211,2.018287381698653,0.14142768536621045,0.0678992033573987,0.0595563723166674
20240606,kanga,MC,0.6547619047619048,26,leader,0.3269230769230769,1.625,104.0,64.0,0.5811965811965812,54,4.233333333333333,2.5235983697382016,0.4388834587133345,5.750042111718182,0.021206708989396653,0.12433239814684555,0.24476629452885507,0.03151499286420217,0.7706576646922807,3.9421954041571774,0.14142768536621045,0.0678992033573987,0.0595563723166674
20240606,kanga,MC,0.6547619047619048,26,leader,0.3269230769230769,1.625,104.0,64.0,0.5811965811965812,55,4.033333333333333,2.355517456616897,0.2646521409587397,8.900428494867652,0.019794264341318462,0.12487842826586275,0.23398224730914913,0.019278404916278982,0.32383124918831835,3.877422006443637,0.14142768536621045,0.0678992033573987,0.0595563723166674
20240606,kanga,MC,0.6547619047619048,26,leader,0.3269230769230769,1.625,104.0,64.0,0.5811965811965812,56,2.066666666666667,3.4032880348458976,0.4076999705886485,8.347530734260628,0.02859905911635208,0.11205899442705274,0.340436365787497,0.08159497097732892,0.2588201912861135,2.7653988625131434,0.14142768536621045,0.0678992033573987,0.0595563723166674
20240606,kanga,MC,0.6547619047619048,26,leader,0.3269230769230769,1.625,104.0,64.0,0.5811965811965812,57,4.433333333333334,4.131870195659983,0.5642063576543209,7.32333150735516,0.034721598282856994,0.11070324440095565,0.45192261041390347,0.12264305306405597,0.10487542837433156,2.059431143571724,0.14142768536621045,0.0678992033573987,0.0595563723166674
20240606,kanga,MC,0.6547619047619048,26,leader,0.3269230769230769,1.625,104.0,64.0,0.5811965811965812,58,2.2,3.2759419074958402,0.6031737995780633,5.4311740824741594,0.02752892359240202,0.10613789016558801,0.3403810211854029,0.051480549070810934,0.4472075905951056,3.048922271742266,0.14142768536621045,0.0678992033573987,0.0595563723166674
20240606,kanga,MC,0.6547619047619048,26,leader,0.3269230769230769,1.625,104.0,64.0,0.5811965811965812,59,4.3,3.768092091400481,0.5534725984948351,6.8080914965759485,0.03166463942353345,0.10729331702039951,0.387355424942988,0.10544009071335764,0.400366596566415,2.5646444011164853,0.14142768536621045,0.0678992033573987,0.0595563723166674
20240606,kanga,MC,0.6547619047619048,26,leader,0.3269230769230769,1.625,104.0,64.0,0.5811965811965812,60,2.8,3.412345903145859,0.3318996173854178,10.281258924089927,0.028675175656687892,0.08443819082031284,0.4272005890808843,0.0948499888304216,0.3050503148400875,2.3262214944397854,0.14142768536621045,0.0678992033573987,0.0595563723166674
20240606,kanga,MC,0.6547619047619048,26,leader,0.3269230769230769,1.625,104.0,64.0,0.5811965811965812,61,3.3333333333333335,2.7444491096344286,0.20995175031865135,13.071808667796669,0.02306259755995318,0.11387875354390661,0.33556836272600726,0.02484057525672352,0.10469669400656369,2.9511062139817636,0.14142768536621045,0.0678992033573987,0.0595563723166674
20240606,kanga,MC,0.6547619047619048,26,leader,0.3269230769230769,1.625,104.0,64.0,0.5811965811965812,62,2.3666666666666667,3.367593896583427,0.6584609500865677,5.114341095156349,0.028299108374650647,0.10989169094402379,0.26770470491692744,0.0164157036164993,0.7198157228512396,3.5966647809741223,0.14142768536621045,0.0678992033573987,0.0595563723166674
20240606,kanga,MC,0.6547619047619048,26,leader,0.3269230769230769,1.625,104.0,64.0,0.5811965811965812,63,2.7,2.6739165577756827,0.22729065563434572,11.764304829483844,0.022469887040131788,0.10807824421622929,0.3316613983719971,0.01664396133311492,0.23939962127026201,2.9400985984721197,0.14142768536621045,0.0678992033573987,0.0595563723166674
20240606,kanga,MC,0.6547619047619048,26,leader,0.3269230769230769,1.625,104.0,64.0,0.5811965811965812,64,3.6666666666666665,4.0701385858719386,0.3947386291761383,10.310971070570805,0.03420284525942806,0.10058630874950404,0.4166706882942563,0.06497825421150928,0.3248026272522496,2.3958178891170943,0.14142768536621045,0.0678992033573987,0.0595563723166674
20240606,kanga,MC,0.6547619047619048,26,leader,0.3269230769230769,1.625,104.0,64.0,0.5811965811965812,65,3.1666666666666665,4.308197332161401,0.5540620373555075,7.77565875605568,0.03620333892572606,0.08621112711231466,0.4788786719988976,0.09856733154818072,0.3244919040986521,1.956233890673035,0.14142768536621045,0.0678992033573987,0.0595563723166674
20240606,kanga,MC,0.6547619047619048,26,leader,0.3269230769230769,1.625,104.0,64.0,0.5811965811965812,66,3.566666666666667,3.9247731799794288,0.22157760805425936,17.71286013259219,0.032981287226717886,0.0994813552045868,0.4337232559100295,0.08740418802803945,0.00661533190036837,2.2622486917864464,0.14142768536621045,0.0678992033573987,0.0595563723166674
20240606,kanga,MC,0.6547619047619048,26,leader,0.3269230769230769,1.625,104.0,64.0,0.5811965811965812,67,1.7,2.636573287033173,0.3607652893678925,7.308278719532001,0.022156078042295572,0.13213944555739815,0.2833652531903444,0.026864013389320825,0.4958220590922249,3.6470721704738693,0.14142768536621045,0.0678992033573987,0.0595563723166674
20240606,kanga,MC,0.6547619047619048,26,leader,0.3269230769230769,1.625,104.0,64.0,0.5811965811965812,68,2.6666666666666665,3.122904611261839,0.3253711302234623,9.59797695977837,0.02624289589295663,0.12070741031646348,0.28585024210841004,0.043918546450586446,0.3229347767474329,3.2279027221581966,0.14142768536621045,0.0678992033573987,0.0595563723166674
20240606,kanga,MC,0.6547619047619048,26,leader,0.3269230769230769,1.625,104.0,64.0,0.5811965811965812,69,3.533333333333333,3.8988347318151204,0.8367296637289552,4.659610984077749,0.03276331707407664,0.09976385245724094,0.4431673070455462,0.14091114018391546,0.01676227894245194,2.211488002000916,0.14142768536621045,0.0678992033573987,0.0595563723166674
20240606,kanga,MC,0.6547619047619048,26,leader,0.3269230769230769,1.625,104.0,64.0,0.5811965811965812,70,4.366666666666666,3.2083566416803135,0.5494870572498786,5.83882113208959,0.026960980182187507,0.115907962595264,0.2671685226342319,0.027262188269261026,0.7907764741209928,3.7615862447905686,0.14142768536621045,0.0678992033573987,0.0595563723166674
20240606,kanga,MC,0.6547619047619048,26,leader,0.3269230769230769,1.625,104.0,64.0,0.5811965811965812,71,5.233333333333333,2.985468673027836,0.4453182736750645,6.704123431517306,0.025087972042250724,0.12426511030960963,0.28003494321001704,0.03898245253236767,0.5370218142523353,3.772428021992968,0.14142768536621045,0.0678992033573987,0.0595563723166674
20240606,kanga,MC,0.6547619047619048,26,leader,0.3269230769230769,1.625,104.0,64.0,0.5811965811965812,72,2.3666666666666667,3.0261125026945908,0.385423214133206,7.8514017623462005,0.025429516829366308,0.1257737611009907,0.2917852939991345,0.04834274139731888,0.436084983740585,3.2589547689530463,0.14142768536621045,0.0678992033573987,0.0595563723166674
20240606,kanga,MC,0.6547619047619048,26,leader,0.3269230769230769,1.625,104.0,64.0,0.5811965811965812,73,3.2333333333333334,3.3396264599203564,0.34763845916933533,9.60660816383845,0.02806408789849039,0.10911566063401508,0.3895333773865348,0.052268631751372446,0.20043020487769925,2.562346879541487,0.14142768536621045,0.0678992033573987,0.0595563723166674
20240606,kanga,MC,0.6547619047619048,26,leader,0.3269230769230769,1.625,104.0,64.0,0.5811965811965812,74,4.433333333333334,2.4533057169881487,0.1870273136687739,13.117365955076288,0.020616014428471836,0.11413008047577193,0.3164231206448844,0.01773267761858481,0.2563911913405458,3.3104851973344,0.14142768536621045,0.0678992033573987,0.0595563723166674
20240606,kanga,MC,0.6547619047619048,26,leader,0.3269230769230769,1.625,104.0,64.0,0.5811965811965812,75,1.6,2.177798792076063,0.3625350809892248,6.007139463948294,0.018300830185513137,0.10517273454406181,0.24115031006677437,0.02320488332577976,0.5286994573956562,3.9549418064085216,0.14142768536621045,0.0678992033573987,0.0595563723166674
20240606,kanga,MC,0.6547619047619048,26,leader,0.3269230769230769,1.625,104.0,64.0,0.5811965811965812,76,0.7666666666666667,3.1372539782614797,0.5005850320853769,6.267174959650827,0.026363478808919996,0.10292600135695978,0.35280616869374115,0.03724471494799554,0.36416740775494033,2.7717856748158223,0.14142768536621045,0.0678992033573987,0.0595563723166674
20240606,kanga,MC,0.6547619047619048,26,leader,0.3269230769230769,1.625,104.0,64.0,0.5811965811965812,77,2.9,3.4607584963814695,0.7078100968475507,4.8893884274822,0.02908200417127285,0.12532104692309387,0.336591712942432,0.05008502866139558,0.687811288322658,2.864755475353148,0.14142768536621045,0.0678992033573987,0.0595563723166674
20240606,kanga,MC,0.6547619047619048,26,leader,0.3269230769230769,1.625,104.0,64.0,0.5811965811965812,78,3.3,2.645954114345177,0.31454305071811617,8.41205713591301,0.02223490852390905,0.11177023149157116,0.32905166135398883,0.036038200936999255,0.2784374481971923,3.291720293845344,0.14142768536621045,0.0678992033573987,0.0595563723166674
20240606,kanga,MC,0.6547619047619048,26,leader,0.3269230769230769,1.625,104.0,64.0,0.5811965811965812,79,1.0666666666666667,2.722615857647721,0.19965997101962588,13.636262911107492,0.02287912485418253,0.12118196692209651,0.23375919543322998,0.017839923485819257,0.41472053087741223,4.458107842175706,0.14142768536621045,0.0678992033573987,0.0595563723166674
20240606,kanga,MC,0.6547619047619048,26,leader,0.3269230769230769,1.625,104.0,64.0,0.5811965811965812,80,1.7333333333333334,2.739603030963292,0.17224224191398416,15.905523526170887,0.023021874209775563,0.1118632757047838,0.2393222477549975,0.03682950631998127,0.16625821903577614,3.976920431230927,0.14142768536621045,0.0678992033573987,0.0595563723166674
20240606,kanga,MC,0.6547619047619048,26,leader,0.3269230769230769,1.625,104.0,64.0,0.5811965811965812,81,2.533333333333333,3.56535935190392,0.505010277369155,7.059973849398901,0.0299610029571758,0.12599199973321767,0.3058074770511457,0.07535472717293033,0.4161464447830072,3.4367063386287597,0.14142768536621045,0.0678992033573987,0.0595563723166674
20240606,kanga,MC,0.6547619047619048,26,leader,0.3269230769230769,1.625,104.0,64.0,0.5811965811965812,82,3.5,2.616233654110001,0.41564278470444643,6.294428173390143,0.0219851567572269,0.11713643906986047,0.24692432528019426,0.03250329721441336,0.19968602677312722,3.728217887505379,0.14142768536621045,0.0678992033573987,0.0595563723166674
20240606,kanga,MC,0.6547619047619048,26,leader,0.3269230769230769,1.625,104.0,64.0,0.5811965811965812,83,1.5333333333333334,2.4029359786128466,0.20656960965337817,11.632572587250129,0.02019273931607434,0.13234192778880902,0.21282915854400997,0.022664160019200914,0.257380111765633,4.598014079598721,0.14142768536621045,0.0678992033573987,0.0595563723166674
20240606,kanga,MC,0.6547619047619048,26,leader,0.3269230769230769,1.625,104.0,64.0,0.5811965811965812,84,4.833333333333333,2.760931969044388,0.5065725516998614,5.4502202296191715,0.023201108983566286,0.12048454526883803,0.25192542515313254,0.03420213856320457,0.19783451812252098,3.926262758481665,0.14142768536621045,0.0678992033573987,0.0595563723166674
20240606,kanga,MC,0.6547619047619048,26,leader,0.3269230769230769,1.625,104.0,64.0,0.5811965811965812,85,2.033333333333333,2.4418105072903633,0.2779198588896693,8.786023845311938,0.020519416027650113,0.12582392012861174,0.24507109495788132,0.024273646815744142,0.43315897433236394,3.744115511926734,0.14142768536621045,0.0678992033573987,0.0595563723166674
20240606,kanga,MC,0.6547619047619048,26,leader,0.3269230769230769,1.625,104.0,64.0,0.5811965811965812,86,1.6,2.5835761204410694,0.5280163856267205,4.892984745870217,0.021710723701185458,0.13093265298541673,0.24074735351391713,0.03490819746810583,0.6367354092797889,4.089557510088972,0.14142768536621045,0.0678992033573987,0.0595563723166674
20240606,kanga,MC,0.6547619047619048,26,leader,0.3269230769230769,1.625,104.0,64.0,0.5811965811965812,87,3.1333333333333333,2.555376585687054,0.3340777238820016,7.649048119681363,0.02147375282089961,0.11480439605798919,0.2286012544387891,0.021652366442744587,0.8910841768169951,4.2023281709081575,0.14142768536621045,0.0678992033573987,0.0595563723166674
20240606,kanga,MC,0.6547619047619048,26,leader,0.3269230769230769,1.625,104.0,64.0,0.5811965811965812,88,2.966666666666667,2.404477106987829,0.4399701760677425,5.465091130671571,0.02020568997468764,0.11496184283257554,0.2720651858523119,0.03209939642440857,0.3004105386725082,3.4325561298236487,0.14142768536621045,0.0678992033573987,0.0595563723166674
20240606,kanga,MC,0.6547619047619048,26,leader,0.3269230769230769,1.625,104.0,64.0,0.5811965811965812,89,3.466666666666667,2.377964586109609,0.14896718907840512,15.963009041259598,0.01998289568159335,0.13597483381794173,0.23199188723018113,0.027886719462859356,0.26037016672683416,4.38239008253729,0.14142768536621045,0.0678992033573987,0.0595563723166674
20240606,kanga,MC,0.6547619047619048,26,leader,0.3269230769230769,1.625,104.0,64.0,0.5811965811965812,90,3.8,2.3973487365062627,0.24243894493009494,9.88846382414969,0.0201457877017333,0.1350030248491127,0.18816775346543502,0.020907862556126984,0.3959089503653457,4.774322128137895,0.14142768536621045,0.0678992033573987,0.0595563723166674
20240606,kanga,MC,0.6547619047619048,26,leader,0.3269230769230769,1.625,104.0,64.0,0.5811965811965812,91,1.6333333333333333,3.4075217196689516,0.9704934397047953,3.5111228785899384,0.02863463629973909,0.11792797281350448,0.28550155275020406,0.04460540100286998,0.7183491687897512,3.516848459013412,0.14142768536621045,0.0678992033573987,0.0595563723166674
20240606,kanga,MC,0.6547619047619048,26,leader,0.3269230769230769,1.625,104.0,64.0,0.5811965811965812,92,3.533333333333333,2.0128442823219435,0.36910701015789243,5.453281099865623,0.01691465783463818,0.12415839469075948,0.16415370362149578,0.01543723584041449,1.541078558004128,5.843025461392382,0.14142768536621045,0.0678992033573987,0.0595563723166674
20240606,kanga,MC,0.6547619047619048,26,leader,0.3269230769230769,1.625,104.0,64.0,0.5811965811965812,93,4.1,2.116437804582247,0.41686574413223487,5.077024999950313,0.017785191635144932,0.1085650801081753,0.22085554850906627,0.02933712949998118,0.5586010664656599,4.1333037487139865,0.14142768536621045,0.0678992033573987,0.0595563723166674
20240606,kanga,MC,0.6547619047619048,26,leader,0.3269230769230769,1.625,104.0,64.0,0.5811965811965812,94,2.033333333333333,2.324321530136371,0.22867231480739786,10.164420350115668,0.019532113698624967,0.10035231933821172,0.3071029149097833,0.020257355928635905,0.44050411834646913,3.174062323218525,0.14142768536621045,0.0678992033573987,0.0595563723166674
20240606,kanga,MC,0.6547619047619048,26,leader,0.3269230769230769,1.625,104.0,64.0,0.5811965811965812,95,2.2666666666666666,2.6847135284086048,0.6335261767691479,4.237731015472931,0.022560617885786595,0.14121719855591044,0.21306246863536452,0.027577695384031417,0.64931808700362,4.656589619049468,0.14142768536621045,0.0678992033573987,0.0595563723166674
20240606,kanga,MC,0.6547619047619048,26,leader,0.3269230769230769,1.625,104.0,64.0,0.5811965811965812,96,1.4333333333333333,2.1955778165872113,0.15563583699103942,14.107148193083702,0.01845023375283371,0.11957075085079576,0.21921687823967032,0.015659383588827125,0.2642966889928192,4.63220929205521,0.14142768536621045,0.0678992033573987,0.0595563723166674
20240606,kanga,MC,0.6547619047619048,26,leader,0.3269230769230769,1.625,104.0,64.0,0.5811965811965812,97,4.933333333333334,1.8332071616073833,0.3269838380878696,5.606415204884682,0.015405102198381372,0.12693717221000161,0.2044138190204191,0.013819958397744232,0.3070813160987474,4.855940198220595,0.14142768536621045,0.0678992033573987,0.0595563723166674
20240606,kanga,MC,0.6547619047619048,26,leader,0.3269230769230769,1.625,104.0,64.0,0.5811965811965812,98,5.3,2.7701947521930195,0.6925432432860832,4.000031447926029,0.023278947497420332,0.11842447479659747,0.2590622837476104,0.02429238586592092,0.7942787836121215,3.3912349092369696,0.14142768536621045,0.0678992033573987,0.0595563723166674
20240606,kanga,MC,0.6547619047619048,26,leader,0.3269230769230769,1.625,104.0,64.0,0.5811965811965812,99,3.066666666666667,2.917321128307198,0.2278388292953283,12.804319339815954,0.02451530359922015,0.13898288385262658,0.24314701648106543,0.030097567883914673,0.3024015130930986,4.03242083386915,0.14142768536621045,0.0678992033573987,0.0595563723166674
20240606,kanga,MC,0.6547619047619048,26,leader,0.3269230769230769,1.625,104.0,64.0,0.5811965811965812,100,1.2666666666666666,2.3417890659520655,0.41927041840619195,5.585390628926567,0.019678899713882904,0.12485457807192285,0.2877305690426854,0.020153002462152767,0.1870476814776061,4.00928409408871,0.14142768536621045,0.0678992033573987,0.0595563723166674
20240606,kanga,MC,0.6547619047619048,26,leader,0.3269230769230769,1.625,104.0,64.0,0.5811965811965812,101,3.566666666666667,2.2370469006689677,0.3649080669867607,6.130439699898798,0.01879871345099973,0.1379300583291091,0.21634560693631485,0.020511392683464757,0.5295908904591631,4.467184533617186,0.14142768536621045,0.0678992033573987,0.0595563723166674
20240606,kanga,MC,0.6547619047619048,26,leader,0.3269230769230769,1.625,104.0,64.0,0.5811965811965812,102,2.0,2.1872793658356304,0.24599610389760487,8.89152035816827,0.018380498872568322,0.10198676839638614,0.24484238139477074,0.024997678458971995,0.34290525309741177,3.8647007768575223,0.14142768536621045,0.0678992033573987,0.0595563723166674
20240606,kanga,MC,0.6547619047619048,26,leader,0.3269230769230769,1.625,104.0,64.0,0.5811965811965812,103,6.833333333333333,2.5752836258834355,0.5083215318208202,5.066249341551019,0.021641038872970045,0.1179573185137159,0.25602474407898057,0.01687115495929201,0.3692360204857082,4.092505922546653,0.14142768536621045,0.0678992033573987,0.0595563723166674
20240808,kanga,MC_withGinger,0.7204968944099379,24,follower,0.4634146341463415,1.0379746835443038,82.0,79.0,0.8929208804283165,0,1.2,3.7695883819192444,0.7873855318888404,4.787474787448112,0.031677213293439026,0.11515476838343759,0.3612073464051367,0.052972766541329666,0.6803061548271344,2.8122023928606548,0.14613761567176495,0.08548722780469853,0.06546455223218633
20240808,kanga,MC_withGinger,0.7204968944099379,24,follower,0.4634146341463415,1.0379746835443038,82.0,79.0,0.8929208804283165,1,3.1,2.9816114842522126,0.5002263381840237,5.960524779795451,0.025055558691195065,0.09641004758257977,0.3429998063297637,0.026210870751282804,0.6154619379151293,2.8568156690319726,0.14613761567176495,0.08548722780469853,0.06546455223218633
20240808,kanga,MC_withGinger,0.7204968944099379,24,follower,0.4634146341463415,1.0379746835443038,82.0,79.0,0.8929208804283165,2,2.6,3.641143425398443,1.130319882434566,3.2213389165161646,0.030597843910911287,0.08153573182386312,0.374014406517644,0.05644020894845235,0.7557136684899449,2.5701680015643467,0.14613761567176495,0.08548722780469853,0.06546455223218633
20240808,kanga,MC_withGinger,0.7204968944099379,24,follower,0.4634146341463415,1.0379746835443038,82.0,79.0,0.8929208804283165,3,2.2666666666666666,2.5405856244914315,0.3930229837604936,6.464216418548317,0.02134945902933976,0.11445381923422812,0.25710511135386227,0.03431941824913875,0.7660320851322722,3.8754618517704342,0.14613761567176495,0.08548722780469853,0.06546455223218633
20240808,kanga,MC_withGinger,0.7204968944099379,24,follower,0.4634146341463415,1.0379746835443038,82.0,79.0,0.8929208804283165,4,2.533333333333333,3.407706529232435,0.9097450997543411,3.745781681212264,0.028636189321280967,0.12072385421755298,0.32830324082694035,0.055724295328023705,0.7337574259321942,3.2414125625923176,0.14613761567176495,0.08548722780469853,0.06546455223218633
20240808,kanga,MC_withGinger,0.7204968944099379,24,follower,0.4634146341463415,1.0379746835443038,82.0,79.0,0.8929208804283165,5,2.466666666666667,3.2492088496578084,0.2796292448881913,11.619703264431417,0.02730427604754461,0.11583841324137424,0.28753325874445945,0.04930796806148055,0.5306300064992524,3.5846646163178617,0.14613761567176495,0.08548722780469853,0.06546455223218633
20240808,kanga,MC_withGinger,0.7204968944099379,24,follower,0.4634146341463415,1.0379746835443038,82.0,79.0,0.8929208804283165,6,2.3333333333333335,3.4044987612004105,0.7243764997389274,4.699902277927882,0.02860923328739841,0.09044757967686247,0.4125401273063614,0.01978192413764476,0.2857159750405057,2.176455665523904,0.14613761567176495,0.08548722780469853,0.06546455223218633
20240808,kanga,MC_withGinger,0.7204968944099379,24,follower,0.4634146341463415,1.0379746835443038,82.0,79.0,0.8929208804283165,7,4.033333333333333,3.5186995503036034,0.6269190247155425,5.612685867844215,0.029568903784063894,0.1000188862855888,0.3514366643049091,0.014700652641657081,0.8366373604072852,2.906340237801752,0.14613761567176495,0.08548722780469853,0.06546455223218633
20240808,kanga,MC_withGinger,0.7204968944099379,24,follower,0.4634146341463415,1.0379746835443038,82.0,79.0,0.8929208804283165,8,2.6333333333333333,3.7809847708622617,0.6791700485885555,5.567066419845615,0.0317729812677501,0.11328294820873662,0.36566537619109724,0.03318022159634477,0.7227068091257097,2.5177643645008105,0.14613761567176495,0.08548722780469853,0.06546455223218633
20240808,kanga,MC_withGinger,0.7204968944099379,24,follower,0.4634146341463415,1.0379746835443038,82.0,79.0,0.8929208804283165,9,1.2666666666666666,3.7856663678590303,1.07106159192216,3.5344992261977737,0.03181232241898345,0.07358836115981908,0.4112466562107286,0.03542257930846143,0.7712648512164462,2.5250091368996777,0.14613761567176495,0.08548722780469853,0.06546455223218633
20240808,kanga,MC_withGinger,0.7204968944099379,24,follower,0.4634146341463415,1.0379746835443038,82.0,79.0,0.8929208804283165,10,3.7,3.741844755460128,0.8339253223634955,4.487026182218646,0.031444073575295196,0.09632871552583196,0.36715034536845365,0.043953087588059374,0.6115929311589696,2.9729105352576477,0.14613761567176495,0.08548722780469853,0.06546455223218633
20240808,kanga,MC_withGinger,0.7204968944099379,24,follower,0.4634146341463415,1.0379746835443038,82.0,79.0,0.8929208804283165,11,2.0,4.255670916106787,0.9979526891090372,4.264401471683202,0.035761940471485607,0.10507490787400266,0.4899848122340782,0.07694835465677283,0.5755319044904061,2.172000767657579,0.14613761567176495,0.08548722780469853,0.06546455223218633
20240808,kanga,MC_withGinger,0.7204968944099379,24,follower,0.4634146341463415,1.0379746835443038,82.0,79.0,0.8929208804283165,12,3.1666666666666665,4.160904010214192,1.0669717363537323,3.899732175131142,0.03496557991776632,0.0806864331087474,0.4438479185849385,0.03713292245057227,0.7007340095249268,2.2896202213463566,0.14613761567176495,0.08548722780469853,0.06546455223218633
20240808,kanga,MC_withGinger,0.7204968944099379,24,follower,0.4634146341463415,1.0379746835443038,82.0,79.0,0.8929208804283165,13,1.7666666666666666,3.9857283978590026,1.0207822683664844,3.9045823202211363,0.03349351594839498,0.10529271810227332,0.4213581808835127,0.08334581818243798,0.6565719604380372,2.5633610715745454,0.14613761567176495,0.08548722780469853,0.06546455223218633
20240808,kanga,MC_withGinger,0.7204968944099379,24,follower,0.4634146341463415,1.0379746835443038,82.0,79.0,0.8929208804283165,14,2.1666666666666665,3.1115300870783282,0.07653242168604552,40.65636521790172,0.026147311656120404,0.125511966391201,0.2501161814038718,0.027325632704843787,0.18845664622874989,4.202349497351329,0.14613761567176495,0.08548722780469853,0.06546455223218633
20240808,kanga,MC_withGinger,0.7204968944099379,24,follower,0.4634146341463415,1.0379746835443038,82.0,79.0,0.8929208804283165,15,3.5,3.4951328017434737,0.22445872038096237,15.571383441068196,0.02937086388019726,0.11549014906579903,0.317746843008669,0.042647630989817574,0.1877922373140418,2.8478502067930975,0.14613761567176495,0.08548722780469853,0.06546455223218633
20240808,kanga,MC_withGinger,0.7204968944099379,24,follower,0.4634146341463415,1.0379746835443038,82.0,79.0,0.8929208804283165,16,2.6666666666666665,2.9803328837124554,0.5319161050430745,5.60301306062374,0.025044814148844165,0.10919889986922061,0.24202501107608074,0.026534177052898397,0.698926724612424,4.079485270862361,0.14613761567176495,0.08548722780469853,0.06546455223218633
20240808,kanga,MC_withGinger,0.7204968944099379,24,follower,0.4634146341463415,1.0379746835443038,82.0,79.0,0.8929208804283165,17,2.4,3.3434513565310313,0.5623037648230144,5.9459878551291325,0.02809622988681539,0.11824166050003017,0.2891228859760299,0.04286129263508465,0.4445114279819001,3.27730125304141,0.14613761567176495,0.08548722780469853,0.06546455223218633
20240808,kanga,MC_withGinger,0.7204968944099379,24,follower,0.4634146341463415,1.0379746835443038,82.0,79.0,0.8929208804283165,18,3.3666666666666667,3.2857312754002295,0.2857042274419248,11.50046432570943,0.027611187188237223,0.1134317079311888,0.31950723046040985,0.0508448098013177,0.8046681478214686,3.2903688434965868,0.14613761567176495,0.08548722780469853,0.06546455223218633
20240808,kanga,MC_withGinger,0.7204968944099379,24,follower,0.4634146341463415,1.0379746835443038,82.0,79.0,0.8929208804283165,19,3.3333333333333335,3.390882572773149,0.5424106424852686,6.251504500790178,0.028494811535908816,0.11951676400666268,0.2895926273811422,0.04157864622375479,0.5095241536867722,3.355728772844221,0.14613761567176495,0.08548722780469853,0.06546455223218633
20240808,kanga,MC_withGinger,0.7204968944099379,24,follower,0.4634146341463415,1.0379746835443038,82.0,79.0,0.8929208804283165,20,2.8,3.7365533575412506,0.9977553491698319,3.744959483955858,0.03139960804656513,0.10460593776195924,0.3512737068746011,0.057346491518564434,0.5442000958997082,2.9664678941400253,0.14613761567176495,0.08548722780469853,0.06546455223218633
20240808,kanga,MC_withGinger,0.7204968944099379,24,follower,0.4634146341463415,1.0379746835443038,82.0,79.0,0.8929208804283165,21,3.466666666666667,3.0278557962699226,0.4677206871934145,6.473640955329023,0.025444166355209435,0.1289862099706108,0.25224251581617274,0.0291266618012153,0.7773205626381444,3.891110578883981,0.14613761567176495,0.08548722780469853,0.06546455223218633
20240808,kanga,MC_withGinger,0.7204968944099379,24,follower,0.4634146341463415,1.0379746835443038,82.0,79.0,0.8929208804283165,22,4.166666666666667,2.610861167379051,0.34082282962659344,7.660464442007945,0.02194000980990799,0.1152878255155369,0.25391667157185344,0.012920760828378427,0.44423535570103734,4.061556521861387,0.14613761567176495,0.08548722780469853,0.06546455223218633
20240808,kanga,MC_withGinger,0.7204968944099379,24,follower,0.4634146341463415,1.0379746835443038,82.0,79.0,0.8929208804283165,23,3.7,2.7687474413537028,0.23848583015702438,11.609693706039884,0.023266785221459686,0.13157176562865902,0.21600019042925403,0.018390324344598055,0.3848093191706763,4.7093194655174715,0.14613761567176495,0.08548722780469853,0.06546455223218633
20240808,kanga,MC_withGinger,0.7204968944099379,24,follower,0.4634146341463415,1.0379746835443038,82.0,79.0,0.8929208804283165,24,4.066666666666666,4.455065445848522,1.1172532290042148,3.9875162856492543,0.037437524755029594,0.11123315819598718,0.40235424249931373,0.07891387479418151,0.6690323062864932,2.571686093877546,0.14613761567176495,0.08548722780469853,0.06546455223218633
20240808,kanga,MC_withGinger,0.7204968944099379,24,follower,0.4634146341463415,1.0379746835443038,82.0,79.0,0.8929208804283165,25,2.9,3.0512461401402593,0.4902507898105488,6.223847474716715,0.02564072386672487,0.09486364545747036,0.3550733116845947,0.029659295341366892,0.2666990020264612,2.8691750126706483,0.14613761567176495,0.08548722780469853,0.06546455223218633
20240808,kanga,MC_withGinger,0.7204968944099379,24,follower,0.4634146341463415,1.0379746835443038,82.0,79.0,0.8929208804283165,26,3.3333333333333335,4.548428826928034,1.669603675993955,2.7242565959375034,0.03822209098258852,0.10031014589696831,0.4481103952745413,0.05768863487860188,0.6363345693089967,2.1003400521827666,0.14613761567176495,0.08548722780469853,0.06546455223218633
20240808,kanga,MC_withGinger,0.7204968944099379,24,follower,0.4634146341463415,1.0379746835443038,82.0,79.0,0.8929208804283165,27,4.666666666666667,6.002087127107288,2.097671414061159,2.8613094915027966,0.05043770695048141,0.09151937010600159,0.5785316481798531,0.11176217054977676,0.4814074679507164,1.6643070275885408,0.14613761567176495,0.08548722780469853,0.06546455223218633
20240808,kanga,MC_withGinger,0.7204968944099379,24,follower,0.4634146341463415,1.0379746835443038,82.0,79.0,0.8929208804283165,28,3.1333333333333333,4.834968984461001,1.1643035836514648,4.152670362224319,0.04062999146605883,0.10344385780334446,0.520510653779242,0.032273093395338945,0.5516457817913012,2.0777767020085083,0.14613761567176495,0.08548722780469853,0.06546455223218633
20240808,kanga,MC_withGinger,0.7204968944099379,24,follower,0.4634146341463415,1.0379746835443038,82.0,79.0,0.8929208804283165,29,3.566666666666667,3.3780743206114017,0.7566719238718167,4.464384383824001,0.028387179164801695,0.09051490324112063,0.37483610278188545,0.04874442036074254,0.5399976114065521,2.766718433879099,0.14613761567176495,0.08548722780469853,0.06546455223218633
20240808,kanga,MC_withGinger,0.7204968944099379,24,follower,0.4634146341463415,1.0379746835443038,82.0,79.0,0.8929208804283165,30,4.333333333333333,2.8081541480655545,0.4336777651349528,6.47520895426056,0.023597934017357602,0.11289745271248453,0.24916485944942465,0.01832557674872335,0.8975345759617437,3.7918352758821268,0.14613761567176495,0.08548722780469853,0.06546455223218633
20240808,kanga,MC_withGinger,0.7204968944099379,24,follower,0.4634146341463415,1.0379746835443038,82.0,79.0,0.8929208804283165,31,3.066666666666667,2.782206518079332,0.8138912070089515,3.4184010026400644,0.023379886706549006,0.11674417887218926,0.26555444802397754,0.03584234325660026,0.7891032737653492,4.010230835707908,0.14613761567176495,0.08548722780469853,0.06546455223218633
20240808,kanga,MC_withGinger,0.7204968944099379,24,follower,0.4634146341463415,1.0379746835443038,82.0,79.0,0.8929208804283165,32,2.433333333333333,4.211249117407953,1.1134076044883203,3.7823067674692976,0.03538864804544498,0.10371002475001952,0.38569159968127065,0.03607285814089953,0.6268400612151906,2.5980507551221073,0.14613761567176495,0.08548722780469853,0.06546455223218633
20240808,kanga,MC_withGinger,0.7204968944099379,24,follower,0.4634146341463415,1.0379746835443038,82.0,79.0,0.8929208804283165,33,2.933333333333333,3.271239272757154,0.7586203152918058,4.312090260196711,0.027489405653421464,0.12486885671057107,0.32547880181197986,0.048578438296778895,0.7976237861390983,3.1732721575502683,0.14613761567176495,0.08548722780469853,0.06546455223218633
20240808,kanga,MC_withGinger,0.7204968944099379,24,follower,0.4634146341463415,1.0379746835443038,82.0,79.0,0.8929208804283165,34,3.533333333333333,3.4298701231631843,0.9211858581853738,3.723320427345269,0.02882243800977466,0.10158579471984193,0.36209246455310123,0.062189388916331585,0.6845507193314624,2.9930546444431902,0.14613761567176495,0.08548722780469853,0.06546455223218633
20240808,kanga,MC_withGinger,0.7204968944099379,24,follower,0.4634146341463415,1.0379746835443038,82.0,79.0,0.8929208804283165,35,4.6,3.2268818946657425,0.4610401347521904,6.999134460170577,0.027116654577023048,0.12436327747903064,0.2648645193737631,0.03219410973873095,0.53549462064497,4.021529246262139,0.14613761567176495,0.08548722780469853,0.06546455223218633
20240808,kanga,MC_withGinger,0.7204968944099379,24,follower,0.4634146341463415,1.0379746835443038,82.0,79.0,0.8929208804283165,36,2.966666666666667,4.254879438604547,0.32192195567008836,13.217114780965817,0.035755289400038213,0.12555353277454684,0.39317028597161774,0.06148635140969019,0.1590132479780724,2.572418572574777,0.14613761567176495,0.08548722780469853,0.06546455223218633
20240808,kanga,MC_withGinger,0.7204968944099379,24,follower,0.4634146341463415,1.0379746835443038,82.0,79.0,0.8929208804283165,37,4.233333333333333,3.32578750193366,0.6946157263877326,4.787953073318721,0.027947794133896302,0.11538241054654745,0.36835123650497625,0.04725067514548699,0.5172004729654566,2.609664294381865,0.14613761567176495,0.08548722780469853,0.06546455223218633
20240808,kanga,MC_withGinger,0.7204968944099379,24,follower,0.4634146341463415,1.0379746835443038,82.0,79.0,0.8929208804283165,38,4.066666666666666,3.441932069423387,1.0046764573324098,3.4259109430734678,0.028923798902717537,0.10790707689116413,0.2952745811666244,0.04317657137931014,0.7420279209784197,3.540956109328511,0.14613761567176495,0.08548722780469853,0.06546455223218633
20240808,kanga,MC_withGinger,0.7204968944099379,24,follower,0.4634146341463415,1.0379746835443038,82.0,79.0,0.8929208804283165,39,3.7666666666666666,1.9548061922763789,0.16753020191938162,11.668380804656731,0.016426942792238476,0.12837370442770152,0.18972956674531297,0.009969064617414291,0.40669329029241114,4.893769722284982,0.14613761567176495,0.08548722780469853,0.06546455223218633
20240808,kanga,MC_withGinger,0.7204968944099379,24,follower,0.4634146341463415,1.0379746835443038,82.0,79.0,0.8929208804283165,40,3.3666666666666667,2.633736745527869,0.9453310513736161,2.7860470061793805,0.022132241559057724,0.0925102799016418,0.25400077610580324,0.02077045936397622,1.1333964096615794,3.7858520991382614,0.14613761567176495,0.08548722780469853,0.06546455223218633
20240808,kanga,MC_withGinger,0.7204968944099379,24,follower,0.4634146341463415,1.0379746835443038,82.0,79.0,0.8929208804283165,41,2.966666666666667,3.2624694011604274,0.857056591626354,3.806597409127386,0.02741570925344897,0.0868929276950777,0.33413250833650643,0.037175675946663635,0.7980832649573569,2.8365354345862825,0.14613761567176495,0.08548722780469853,0.06546455223218633
20240808,kanga,MC_withGinger,0.7204968944099379,24,follower,0.4634146341463415,1.0379746835443038,82.0,79.0,0.8929208804283165,42,3.7333333333333334,3.24651663642514,0.18671154221346062,17.38787328269997,0.02728165240693395,0.11314333652716715,0.3432730079968137,0.0525172613115013,0.2701723246427149,2.729926993827856,0.14613761567176495,0.08548722780469853,0.06546455223218633
20240808,kanga,MC_withGinger,0.7204968944099379,24,follower,0.4634146341463415,1.0379746835443038,82.0,79.0,0.8929208804283165,43,3.8666666666666667,3.8862774277692864,1.0869440327223916,3.5754163147072098,0.03265779351066627,0.09363033515666783,0.39725618368982146,0.07905378821238794,0.7435890860040788,2.5286539888902633,0.14613761567176495,0.08548722780469853,0.06546455223218633
20240808,kanga,MC_withGinger,0.7204968944099379,24,follower,0.4634146341463415,1.0379746835443038,82.0,79.0,0.8929208804283165,44,4.433333333333334,3.4755261901087344,0.6296619809423356,5.519669751868062,0.029206102437888525,0.09534230874912636,0.39817511664391075,0.04323769264464134,0.5699967491046484,2.722021605473294,0.14613761567176495,0.08548722780469853,0.06546455223218633
20240808,kanga,MC_withGinger,0.7204968944099379,24,follower,0.4634146341463415,1.0379746835443038,82.0,79.0,0.8929208804283165,45,4.066666666666666,3.521831699694086,1.104108862919827,3.1897504113684647,0.02959522436717719,0.0946165243725209,0.3554091665015739,0.042606751625329654,0.7832228409309153,2.82257076812321,0.14613761567176495,0.08548722780469853,0.06546455223218633
20240808,kanga,MC_withGinger,0.7204968944099379,24,follower,0.4634146341463415,1.0379746835443038,82.0,79.0,0.8929208804283165,46,3.7666666666666666,4.62648025267428,1.2944646398950717,3.5740491552162434,0.038877985316590584,0.08603844406087176,0.4629927634070551,0.06108462086813095,0.6113190378128435,2.1085894856233502,0.14613761567176495,0.08548722780469853,0.06546455223218633
20240808,kanga,MC_withGinger,0.7204968944099379,24,follower,0.4634146341463415,1.0379746835443038,82.0,79.0,0.8929208804283165,47,3.3333333333333335,2.949348032043821,0.8252909856048389,3.573706830061041,0.024784437244065722,0.10367802512620895,0.30018436260408504,0.01974310032925076,0.9679480602409313,3.416709430795528,0.14613761567176495,0.08548722780469853,0.06546455223218633
20240808,kanga,MC_withGinger,0.7204968944099379,24,follower,0.4634146341463415,1.0379746835443038,82.0,79.0,0.8929208804283165,48,2.3,2.9102826956831915,0.9503889384704804,3.0622017764294363,0.02445615710658144,0.1106612870024197,0.27675153483237763,0.02603579755102159,0.8870993956090124,3.4605462976539787,0.14613761567176495,0.08548722780469853,0.06546455223218633
20240808,kanga,MC_withGinger,0.7204968944099379,24,follower,0.4634146341463415,1.0379746835443038,82.0,79.0,0.8929208804283165,49,2.9,3.029770685771246,0.21916162688137983,13.824366650696085,0.025460257863623915,0.1052682612035392,0.3561225035528745,0.053811408759944855,0.23218019048156593,2.876708572089556,0.14613761567176495,0.08548722780469853,0.06546455223218633
20240808,kanga,MC_withGinger,0.7204968944099379,24,follower,0.4634146341463415,1.0379746835443038,82.0,79.0,0.8929208804283165,50,2.7666666666666666,3.4725763996267975,0.7225780600429224,4.805814889287561,0.02918131428257813,0.09054125731803715,0.3977299380805633,0.037094254750419726,0.5549565442857669,2.5842158348051356,0.14613761567176495,0.08548722780469853,0.06546455223218633
20240808,kanga,MC_withGinger,0.7204968944099379,24,follower,0.4634146341463415,1.0379746835443038,82.0,79.0,0.8929208804283165,51,4.033333333333333,3.036069448242932,0.30053564898486246,10.102194060831215,0.025513188640696908,0.11475340598514662,0.26307817980925624,0.034286485761273036,0.22891949393292652,3.622084434726272,0.14613761567176495,0.08548722780469853,0.06546455223218633
20240808,kanga,MC_withGinger,0.7204968944099379,24,follower,0.4634146341463415,1.0379746835443038,82.0,79.0,0.8929208804283165,52,4.7,2.933335248366573,0.701803430291454,4.179710616615795,0.024649876036693892,0.11079870549919718,0.27772711411677503,0.026856782957202945,0.8613835507786897,3.430348938828601,0.14613761567176495,0.08548722780469853,0.06546455223218633
20240808,kanga,MC_withGinger,0.7204968944099379,24,follower,0.4634146341463415,1.0379746835443038,82.0,79.0,0.8929208804283165,53,3.2,3.419694099015979,1.0039656141960847,3.4061864775660315,0.02873692520181495,0.08018192607525877,0.37511412705541963,0.054312048117374404,0.8164348178302737,2.7125636291972177,0.14613761567176495,0.08548722780469853,0.06546455223218633
20240808,kanga,MC_withGinger,0.7204968944099379,24,follower,0.4634146341463415,1.0379746835443038,82.0,79.0,0.8929208804283165,54,2.3333333333333335,2.645614339791821,0.7777825259305725,3.4014833858943976,0.02223205327556152,0.123586698430943,0.24326042611506654,0.02926657063631402,1.1193216788137634,4.188709181517817,0.14613761567176495,0.08548722780469853,0.06546455223218633
20240808,kanga,MC_withGinger,0.7204968944099379,24,follower,0.4634146341463415,1.0379746835443038,82.0,79.0,0.8929208804283165,55,3.3333333333333335,2.364295249507023,0.5955128826618076,3.9701832123919116,0.019868027306781704,0.1288020859957753,0.21067097588683759,0.014657003842990016,1.1423287611224924,4.659452498456123,0.14613761567176495,0.08548722780469853,0.06546455223218633
20240808,kanga,MC_withGinger,0.7204968944099379,24,follower,0.4634146341463415,1.0379746835443038,82.0,79.0,0.8929208804283165,56,3.3,2.0895099608393672,0.567576790843667,3.6814577243960995,0.017558907233944262,0.13481966649753718,0.21564304506619122,0.021392479959981732,1.2674989177278737,4.8767994060939275,0.14613761567176495,0.08548722780469853,0.06546455223218633
20240808,kanga,MC_withGinger,0.7204968944099379,24,follower,0.4634146341463415,1.0379746835443038,82.0,79.0,0.8929208804283165,57,3.8333333333333335,2.885444659040777,0.5816044498132407,4.961180506729829,0.024247434109586363,0.09898421893384177,0.29038926207240495,0.040161454041968664,0.7402701943421309,3.4852491449466663,0.14613761567176495,0.08548722780469853,0.06546455223218633
20240808,kanga,MC_withGinger,0.7204968944099379,24,follower,0.4634146341463415,1.0379746835443038,82.0,79.0,0.8929208804283165,58,3.2333333333333334,2.466044055778771,0.36886902676867794,6.685419151023639,0.02072305929225858,0.12403904193865943,0.22342556432265254,0.021300441043276927,0.6509719668550851,4.411105630411923,0.14613761567176495,0.08548722780469853,0.06546455223218633
20240808,kanga,MC_withGinger,0.7204968944099379,24,follower,0.4634146341463415,1.0379746835443038,82.0,79.0,0.8929208804283165,59,1.5666666666666667,3.369613660287421,1.068146788527505,3.1546353895166463,0.02831608117888589,0.09444047256315553,0.3379758859001939,0.04941404240604725,0.7885347468834129,3.014883331883002,0.14613761567176495,0.08548722780469853,0.06546455223218633
20240808,kanga,MC_withGinger,0.7204968944099379,24,follower,0.4634146341463415,1.0379746835443038,82.0,79.0,0.8929208804283165,60,2.2333333333333334,2.580882035578644,0.42887461499712126,6.0178008800916505,0.021688084332593647,0.1370111939852326,0.2560899725065159,0.02489245592450628,0.5953584284017759,3.661787374768459,0.14613761567176495,0.08548722780469853,0.06546455223218633
20240808,kanga,MC_withGinger,0.7204968944099379,24,follower,0.4634146341463415,1.0379746835443038,82.0,79.0,0.8929208804283165,61,2.066666666666667,2.99927645672683,0.3308750651178485,9.064679611497988,0.02520400383804059,0.09495002137652447,0.3211874352175365,0.017991271412984077,0.258038108433103,2.661254329086408,0.14613761567176495,0.08548722780469853,0.06546455223218633
20240808,kanga,MC_withGinger,0.7204968944099379,24,follower,0.4634146341463415,1.0379746835443038,82.0,79.0,0.8929208804283165,62,3.8333333333333335,4.311714604693076,1.201571978182593,3.5883947720008,0.03623289583775694,0.08495320972616124,0.4180772032926364,0.025930971565189493,0.6998777074317285,2.328006503061622,0.14613761567176495,0.08548722780469853,0.06546455223218633
20240808,kanga,MC_withGinger,0.7204968944099379,24,follower,0.4634146341463415,1.0379746835443038,82.0,79.0,0.8929208804283165,63,3.8,4.266242919740034,1.1349924003335692,3.758829502722841,0.03585078083815154,0.08738920012820439,0.42303527160739,0.05698925122644904,0.6137093397027783,2.399432650601456,0.14613761567176495,0.08548722780469853,0.06546455223218633
20240808,kanga,MC_withGinger,0.7204968944099379,24,follower,0.4634146341463415,1.0379746835443038,82.0,79.0,0.8929208804283165,64,2.8,3.1895086928585723,0.8213532732153151,3.883236113947345,0.026802594057635062,0.10065720948390149,0.29081218559557165,0.03292894758842702,0.8884881205343185,3.675035653570384,0.14613761567176495,0.08548722780469853,0.06546455223218633
20240808,kanga,MC_withGinger,0.7204968944099379,24,follower,0.4634146341463415,1.0379746835443038,82.0,79.0,0.8929208804283165,65,4.033333333333333,3.2686807359269268,0.7329330269499824,4.459726353892347,0.027467905343923755,0.0948146178830244,0.336108944357532,0.023676456447624353,0.8064746378665841,3.133794809633163,0.14613761567176495,0.08548722780469853,0.06546455223218633
20240808,kanga,MC_withGinger,0.7204968944099379,24,follower,0.4634146341463415,1.0379746835443038,82.0,79.0,0.8929208804283165,66,3.4,3.767518804761335,0.8073789080420016,4.666357725269361,0.03165982188875071,0.10766126423029884,0.38017636010010986,0.04865155487608795,0.7068822846697558,2.734079126018502,0.14613761567176495,0.08548722780469853,0.06546455223218633
20240808,kanga,MC_withGinger,0.7204968944099379,24,follower,0.4634146341463415,1.0379746835443038,82.0,79.0,0.8929208804283165,67,3.1666666666666665,4.504700671551764,0.722946075578326,6.231032747426142,0.03785462749203163,0.09663063874025958,0.458385971748109,0.10390088106811107,0.5130728935919928,2.1489408433271544,0.14613761567176495,0.08548722780469853,0.06546455223218633
20240808,kanga,MC_withGinger,0.7204968944099379,24,follower,0.4634146341463415,1.0379746835443038,82.0,79.0,0.8929208804283165,68,3.2666666666666666,3.945655739096406,0.7617919492804446,5.179440059485139,0.033156770916776525,0.10397426362444441,0.35498657644130216,0.04631912938451119,0.6767599404566164,2.712309408894642,0.14613761567176495,0.08548722780469853,0.06546455223218633
20240808,kanga,MC_withGinger,0.7204968944099379,24,follower,0.4634146341463415,1.0379746835443038,82.0,79.0,0.8929208804283165,69,3.6666666666666665,3.4068767478543602,0.5879587689066273,5.794414384174956,0.028629216368524037,0.1280090504591117,0.3065742134349883,0.03651960999247397,0.48833047777835364,3.2231481418259706,0.14613761567176495,0.08548722780469853,0.06546455223218633
20240808,kanga,MC_withGinger,0.7204968944099379,24,follower,0.4634146341463415,1.0379746835443038,82.0,79.0,0.8929208804283165,70,4.5,3.245735282115185,1.236190727923972,2.6255942621135753,0.027275086404329286,0.11565231117252577,0.3160546564970224,0.02163077649754637,0.8537697006956174,3.198400271487973,0.14613761567176495,0.08548722780469853,0.06546455223218633
20240808,kanga,MC_withGinger,0.7204968944099379,24,follower,0.4634146341463415,1.0379746835443038,82.0,79.0,0.8929208804283165,71,1.4666666666666666,4.026395995362677,1.3385724501090763,3.0079776369479125,0.033835260465232574,0.08420168901730384,0.4139455405031188,0.020278558395627345,0.7282358623736468,2.457042196183347,0.14613761567176495,0.08548722780469853,0.06546455223218633
20240808,kanga,MC_withGinger,0.7204968944099379,24,follower,0.4634146341463415,1.0379746835443038,82.0,79.0,0.8929208804283165,72,1.6666666666666667,4.395634453277833,0.9682998003785848,4.539538737443954,0.03693810464939356,0.099014822039207,0.43171889971566063,0.05065940711829583,0.5600044864779999,2.4034745735075345,0.14613761567176495,0.08548722780469853,0.06546455223218633
20240808,kanga,MC_withGinger,0.7204968944099379,24,follower,0.4634146341463415,1.0379746835443038,82.0,79.0,0.8929208804283165,73,1.9333333333333333,3.164783633695044,0.2659217268170802,11.90118487712742,0.026594820451218856,0.10680972736788007,0.31447361612819,0.0266297445364551,0.28391935867706436,3.003315050258332,0.14613761567176495,0.08548722780469853,0.06546455223218633
20240808,kanga,MC_withGinger,0.7204968944099379,24,follower,0.4634146341463415,1.0379746835443038,82.0,79.0,0.8929208804283165,74,4.766666666666667,3.060224641143642,0.3435182348202165,8.90847801062217,0.025716173454988587,0.10811769820767635,0.3306855259443107,0.033790167123302677,0.41523364335128415,2.789928301038509,0.14613761567176495,0.08548722780469853,0.06546455223218633
20240808,kanga,MC_withGinger,0.7204968944099379,24,follower,0.4634146341463415,1.0379746835443038,82.0,79.0,0.8929208804283165,75,2.4,3.1374850653586877,0.5238037756297566,5.989809946647608,0.026365420717299897,0.09472344477837807,0.3134227480442769,0.025316258866115007,0.8236144156806785,3.112580123399944,0.14613761567176495,0.08548722780469853,0.06546455223218633
20240808,kanga,MC_withGinger,0.7204968944099379,24,follower,0.4634146341463415,1.0379746835443038,82.0,79.0,0.8929208804283165,76,1.2666666666666666,2.884972643671211,0.5460591576103012,5.283260253882768,0.02424346759387572,0.13539787898327169,0.2514008309169628,0.01621299911748051,0.7927379903832236,3.8998363488486016,0.14613761567176495,0.08548722780469853,0.06546455223218633
20240808,kanga,MC_withGinger,0.7204968944099379,24,follower,0.4634146341463415,1.0379746835443038,82.0,79.0,0.8929208804283165,77,3.2666666666666666,3.1435498416962524,0.5923811567950703,5.306633753685955,0.026416385224338257,0.09691514900000012,0.3246868463718716,0.03438712007676695,0.7555621399146819,3.021245021875131,0.14613761567176495,0.08548722780469853,0.06546455223218633
20240808,kanga,MC_withGinger,0.7204968944099379,24,follower,0.4634146341463415,1.0379746835443038,82.0,79.0,0.8929208804283165,78,3.3666666666666667,3.1535645813306106,1.0634071973318124,2.9655287167918343,0.026500542700257233,0.08551826277763237,0.3321439035347913,0.02940923724053722,0.8462385456499628,3.029241733298088,0.14613761567176495,0.08548722780469853,0.06546455223218633
20240808,kanga,MC_withGinger,0.7204968944099379,24,follower,0.4634146341463415,1.0379746835443038,82.0,79.0,0.8929208804283165,79,2.966666666666667,3.2830009777083937,0.8429537615942456,3.8946394538881726,0.02758824351015457,0.07363969667211752,0.34516343231874974,0.015306996092008284,0.7732843683639626,2.7778029151597563,0.14613761567176495,0.08548722780469853,0.06546455223218633
20240808,kanga,MC_withGinger,0.7204968944099379,24,follower,0.4634146341463415,1.0379746835443038,82.0,79.0,0.8929208804283165,80,4.0,2.4319196528426965,0.5404927287042779,4.499449342589182,0.020436299603720138,0.0966032725376817,0.2480890595245021,0.01719289934411854,1.2412272164345464,4.376754152958592,0.14613761567176495,0.08548722780469853,0.06546455223218633
20240808,kanga,MC_withGinger,0.7204968944099379,24,follower,0.4634146341463415,1.0379746835443038,82.0,79.0,0.8929208804283165,81,3.3666666666666667,3.1135163808360646,0.8192999822473666,3.8002153647014465,0.026164003200303064,0.09303791983554352,0.3550551571116615,0.032448210217457335,0.7619581878228983,3.1239983819196855,0.14613761567176495,0.08548722780469853,0.06546455223218633
20240809,kanga,MC_withGinger,0.7976190476190477,24,follower,0.6071428571428571,1.0,84.0,84.0,2.125,0,3.1666666666666665,3.074351498746712,0.40837790165990195,7.528202398441821,0.025834886544090017,0.13102126057848207,0.26195428006449256,0.03376319306899199,0.44905703147265824,3.550005505733908,0.1509414530576694,0.09686374951139488,0.059797141339894964
20240809,kanga,MC_withGinger,0.7976190476190477,24,follower,0.6071428571428571,1.0,84.0,84.0,2.125,1,3.5,2.666037962095926,0.5302482745205592,5.02790502148547,0.022403680353747277,0.10775343889556521,0.23729207090571325,0.019815281990153748,0.9690832255630643,4.057651413337442,0.1509414530576694,0.09686374951139488,0.059797141339894964
20240809,kanga,MC_withGinger,0.7976190476190477,24,follower,0.6071428571428571,1.0,84.0,84.0,2.125,2,1.1666666666666667,2.9528241115111196,0.746251206220845,3.956876835703584,0.024813647995891763,0.10736708127723255,0.2919418782753686,0.02635588419204517,0.9015129935993107,3.2896502939028007,0.1509414530576694,0.09686374951139488,0.059797141339894964
20240809,kanga,MC_withGinger,0.7976190476190477,24,follower,0.6071428571428571,1.0,84.0,84.0,2.125,3,2.033333333333333,2.940516558854392,0.303681381049741,9.68290037634133,0.024710223183650352,0.1042561571977443,0.27654762217065154,0.024048401986085252,0.6822933069331725,3.8324414991315416,0.1509414530576694,0.09686374951139488,0.059797141339894964
20240809,kanga,MC_withGinger,0.7976190476190477,24,follower,0.6071428571428571,1.0,84.0,84.0,2.125,4,2.6,3.1109007073941597,0.6998850944786172,4.444873497001161,0.026142022751211427,0.09776787685398325,0.29122641579534425,0.029238794806261532,0.6022586757968234,3.012116382655839,0.1509414530576694,0.09686374951139488,0.059797141339894964
20240809,kanga,MC_withGinger,0.7976190476190477,24,follower,0.6071428571428571,1.0,84.0,84.0,2.125,5,3.1333333333333333,3.1170383496130323,0.9116243984340093,3.419213389820949,0.026193599576580105,0.0898585703350853,0.3088764462388918,0.08729458331206383,0.7351969481580286,3.0501723921644213,0.1509414530576694,0.09686374951139488,0.059797141339894964
20240809,kanga,MC_withGinger,0.7976190476190477,24,follower,0.6071428571428571,1.0,84.0,84.0,2.125,6,2.8666666666666667,3.2162929798483804,0.5641849641205149,5.7007775541521735,0.027027672099566222,0.09937222595296913,0.31062200739749246,0.04846289356363717,0.766036957663084,3.226368820867902,0.1509414530576694,0.09686374951139488,0.059797141339894964
20240809,kanga,MC_withGinger,0.7976190476190477,24,follower,0.6071428571428571,1.0,84.0,84.0,2.125,7,1.7,3.4027565323139655,0.6436512216473941,5.286646584162111,0.02859459270852072,0.10039146545025797,0.33662544503426045,0.06842091015125985,0.6472189422702479,2.877510099896248,0.1509414530576694,0.09686374951139488,0.059797141339894964
20240809,kanga,MC_withGinger,0.7976190476190477,24,follower,0.6071428571428571,1.0,84.0,84.0,2.125,8,3.066666666666667,4.280685733201802,1.5435655666800094,2.7732451575795056,0.035972149018502535,0.08926357776928102,0.4811083380993851,0.08306520768574827,0.66093443748558,2.169281019864504,0.1509414530576694,0.09686374951139488,0.059797141339894964
20240809,kanga,MC_withGinger,0.7976190476190477,24,follower,0.6071428571428571,1.0,84.0,84.0,2.125,9,3.066666666666667,2.8023086428266097,0.5418109679562394,5.17211501531092,0.02354881212459336,0.12125055726552135,0.2890288415120491,0.044878396041474374,0.850672075860153,3.3942427770458723,0.1509414530576694,0.09686374951139488,0.059797141339894964
20240809,kanga,MC_withGinger,0.7976190476190477,24,follower,0.6071428571428571,1.0,84.0,84.0,2.125,10,3.3333333333333335,3.3150135132284584,0.9524205904500931,3.4806193256089264,0.027857256413684525,0.10560446886088343,0.3822249492564283,0.023774339378387358,0.680018188383864,2.680076375316576,0.1509414530576694,0.09686374951139488,0.059797141339894964
20240809,kanga,MC_withGinger,0.7976190476190477,24,follower,0.6071428571428571,1.0,84.0,84.0,2.125,11,3.066666666666667,3.1112807266261595,1.126941210663615,2.7608190180515617,0.026145216190135795,0.09852398398240092,0.309582937546465,0.047494076982865306,0.8642337910744329,3.2490772053517682,0.1509414530576694,0.09686374951139488,0.059797141339894964
20240809,kanga,MC_withGinger,0.7976190476190477,24,follower,0.6071428571428571,1.0,84.0,84.0,2.125,12,2.6666666666666665,3.7287031315419283,0.8136764805756944,4.5825376799680715,0.03133363976085654,0.10427237184264856,0.31950187617697057,0.07248484270750806,0.4795624072706885,3.124623809043978,0.1509414530576694,0.09686374951139488,0.059797141339894964
20240809,kanga,MC_withGinger,0.7976190476190477,24,follower,0.6071428571428571,1.0,84.0,84.0,2.125,13,4.066666666666666,2.815839144012358,0.23020455742326423,12.23190007848121,0.0236625138152299,0.12766393040206866,0.25850692038793377,0.026806723127150066,0.3761290206959755,3.4009262399870233,0.1509414530576694,0.09686374951139488,0.059797141339894964
20240809,kanga,MC_withGinger,0.7976190476190477,24,follower,0.6071428571428571,1.0,84.0,84.0,2.125,14,4.166666666666667,3.1937802683099346,0.2536094129638468,12.59330334385192,0.026838489649663316,0.14157115818120075,0.28055529607183477,0.01934818181080499,0.35498446914990917,3.311839290417085,0.1509414530576694,0.09686374951139488,0.059797141339894964
20240809,kanga,MC_withGinger,0.7976190476190477,24,follower,0.6071428571428571,1.0,84.0,84.0,2.125,15,2.9,3.499523298566069,0.5385038287795888,6.498604302400298,0.029407758811479574,0.12664200010727308,0.32363879712694354,0.03567824558124764,0.5809912835745064,2.94928717337276,0.1509414530576694,0.09686374951139488,0.059797141339894964
20240809,kanga,MC_withGinger,0.7976190476190477,24,follower,0.6071428571428571,1.0,84.0,84.0,2.125,16,2.8333333333333335,2.7131189266349653,0.7560382129444189,3.588600258799913,0.022799318711218198,0.10319530870418038,0.24046276769486669,0.013380065206151537,0.8402709969577242,4.029806624399892,0.1509414530576694,0.09686374951139488,0.059797141339894964
20240809,kanga,MC_withGinger,0.7976190476190477,24,follower,0.6071428571428571,1.0,84.0,84.0,2.125,17,2.8666666666666667,2.66966696591459,0.48189573668074803,5.539926508383332,0.022434176184156218,0.10874814715568967,0.30601093778152905,0.02211708326189712,0.8629313887167469,3.4990950600031745,0.1509414530576694,0.09686374951139488,0.059797141339894964
20240809,kanga,MC_withGinger,0.7976190476190477,24,follower,0.6071428571428571,1.0,84.0,84.0,2.125,18,3.6666666666666665,3.514956187256648,0.9300131888585015,3.779469183196108,0.02953744695173654,0.10442360613285631,0.36593626596082945,0.018032383784145647,0.7900957046601236,2.844232931619402,0.1509414530576694,0.09686374951139488,0.059797141339894964
20240809,kanga,MC_withGinger,0.7976190476190477,24,follower,0.6071428571428571,1.0,84.0,84.0,2.125,19,1.2,4.196899004948363,0.8411308996422217,4.989590807725088,0.03526805886511229,0.09534513477480121,0.4223073390238896,0.09528434247365503,0.6013988940854532,2.435076596486974,0.1509414530576694,0.09686374951139488,0.059797141339894964
20240809,kanga,MC_withGinger,0.7976190476190477,24,follower,0.6071428571428571,1.0,84.0,84.0,2.125,20,3.1666666666666665,4.369090557992026,0.5587647123215792,7.819195560577088,0.036715046705815345,0.09488192099991485,0.4917054574819752,0.05756361217984393,0.3675703645242468,1.876912803128577,0.1509414530576694,0.09686374951139488,0.059797141339894964
20240809,kanga,MC_withGinger,0.7976190476190477,24,follower,0.6071428571428571,1.0,84.0,84.0,2.125,21,3.9,3.5240076830045144,0.47705560508796696,7.386995657151335,0.029613509941214408,0.09044376372755186,0.38948111834256277,0.055641381337516234,0.5400196354100671,2.50274705283336,0.1509414530576694,0.09686374951139488,0.059797141339894964
20240809,kanga,MC_withGinger,0.7976190476190477,24,follower,0.6071428571428571,1.0,84.0,84.0,2.125,22,3.3,4.523738942096151,0.59130795378457,7.6503942034648755,0.03801461295879119,0.10259108217438766,0.4736816682380535,0.05157582175786078,0.4789611040040915,1.996483387812186,0.1509414530576694,0.09686374951139488,0.059797141339894964
20240809,kanga,MC_withGinger,0.7976190476190477,24,follower,0.6071428571428571,1.0,84.0,84.0,2.125,23,3.2666666666666666,4.394467821827751,1.4036284399775723,3.130791380871399,0.036928301023762614,0.10340458725596353,0.42733265252297925,0.05570805849153044,0.6592353802170622,2.4128899117833735,0.1509414530576694,0.09686374951139488,0.059797141339894964
20240809,kanga,MC_withGinger,0.7976190476190477,24,follower,0.6071428571428571,1.0,84.0,84.0,2.125,24,3.3666666666666667,3.5315997123567393,0.6117477647250195,5.772967088721923,0.02967730850719949,0.10045677110731199,0.3649885934940908,0.029658046494588444,0.7969025587253081,2.818533197152301,0.1509414530576694,0.09686374951139488,0.059797141339894964
20240809,kanga,MC_withGinger,0.7976190476190477,24,follower,0.6071428571428571,1.0,84.0,84.0,2.125,25,3.6,5.24370586423368,0.38341390457264135,13.67635811246436,0.04406475516162756,0.0876747454987446,0.5816264586080208,0.04689613985758218,0.2635678547003811,1.5958681749518606,0.1509414530576694,0.09686374951139488,0.059797141339894964
20240809,kanga,MC_withGinger,0.7976190476190477,24,follower,0.6071428571428571,1.0,84.0,84.0,2.125,26,1.9,5.586084977680407,0.8870234108580237,6.2975620590182055,0.04694189056874292,0.08411206949660763,0.5906431700225188,0.0708702637926137,0.42201158509651326,1.7853139626156576,0.1509414530576694,0.09686374951139488,0.059797141339894964
20240809,kanga,MC_withGinger,0.7976190476190477,24,follower,0.6071428571428571,1.0,84.0,84.0,2.125,27,2.7,5.209906080132812,1.5855504490600074,3.285865853856307,0.043780723362460604,0.07798015178169357,0.5408812988348648,0.07897627107402883,0.5041428631367302,1.770336382649064,0.1509414530576694,0.09686374951139488,0.059797141339894964
20240809,kanga,MC_withGinger,0.7976190476190477,24,follower,0.6071428571428571,1.0,84.0,84.0,2.125,28,2.3666666666666667,5.485806818328091,1.543400806671444,3.5543630627996023,0.04609921696074026,0.10051564540100338,0.6284026981065725,0.08848049628775712,0.4296214299637629,1.73558364839992,0.1509414530576694,0.09686374951139488,0.059797141339894964
20240809,kanga,MC_withGinger,0.7976190476190477,24,follower,0.6071428571428571,1.0,84.0,84.0,2.125,29,3.3333333333333335,4.964116508943752,1.1758662383228695,4.221667692427363,0.04171526478103993,0.12431474476747868,0.4032107543556306,0.10199717988661608,0.42452933445329744,2.235628962724146,0.1509414530576694,0.09686374951139488,0.059797141339894964
20240809,kanga,MC_withGinger,0.7976190476190477,24,follower,0.6071428571428571,1.0,84.0,84.0,2.125,30,3.066666666666667,3.2245949258193405,0.7202688252655441,4.476932518397582,0.02709743635142303,0.1108755313909714,0.37032549726723596,0.08222057448892002,0.7136672964199003,2.7803800152429448,0.1509414530576694,0.09686374951139488,0.059797141339894964
20240809,kanga,MC_withGinger,0.7976190476190477,24,follower,0.6071428571428571,1.0,84.0,84.0,2.125,31,3.8666666666666667,3.3681722884381085,1.0100797878633963,3.334560624723264,0.028303968810404274,0.09944243258452076,0.3572881438209589,0.04688753681211008,0.8142902134246532,3.1278504564027476,0.1509414530576694,0.09686374951139488,0.059797141339894964
20240809,kanga,MC_withGinger,0.7976190476190477,24,follower,0.6071428571428571,1.0,84.0,84.0,2.125,32,2.966666666666667,4.071554536269096,0.5543617744753798,7.344580242968973,0.03421474400226131,0.09622670840385775,0.46999103711972884,0.08246992924801702,0.4890207668755796,1.9673035479146948,0.1509414530576694,0.09686374951139488,0.059797141339894964
20240809,kanga,MC_withGinger,0.7976190476190477,24,follower,0.6071428571428571,1.0,84.0,84.0,2.125,33,2.4,4.4193643470094255,0.9934512477011882,4.4484964483518254,0.037137515521087607,0.10505913178786375,0.4096726650269286,0.1000039623367217,0.5463776855766669,2.3538706322740666,0.1509414530576694,0.09686374951139488,0.059797141339894964
20240809,kanga,MC_withGinger,0.7976190476190477,24,follower,0.6071428571428571,1.0,84.0,84.0,2.125,34,2.1333333333333333,3.989009588583401,0.5449520031692114,7.319928297143602,0.03352108897969244,0.10975797073361472,0.34882436720702825,0.061146725991595444,0.3753570851655095,2.742289434209864,0.1509414530576694,0.09686374951139488,0.059797141339894964
20240809,kanga,MC_withGinger,0.7976190476190477,24,follower,0.6071428571428571,1.0,84.0,84.0,2.125,35,2.7,3.7305437420542154,1.5846214379912023,2.3542176400083052,0.03134910707608584,0.09671188647264822,0.39754480128056924,0.043599706111685545,0.7016973619402481,2.651558161963824,0.1509414530576694,0.09686374951139488,0.059797141339894964
20240809,kanga,MC_withGinger,0.7976190476190477,24,follower,0.6071428571428571,1.0,84.0,84.0,2.125,36,3.2666666666666666,3.465773039441101,0.7016310649255533,4.939594628423184,0.02912414318858068,0.08407651839620153,0.3474852854789085,0.049898214840716305,0.601948821479896,2.964827176230561,0.1509414530576694,0.09686374951139488,0.059797141339894964
20240809,kanga,MC_withGinger,0.7976190476190477,24,follower,0.6071428571428571,1.0,84.0,84.0,2.125,37,2.933333333333333,4.425678670029655,1.3915314982508151,3.1804372920000934,0.037190577059072735,0.10451160469234609,0.4547887707505674,0.09622397346415783,0.6418583299022963,2.3245284222924343,0.1509414530576694,0.09686374951139488,0.059797141339894964
20240809,kanga,MC_withGinger,0.7976190476190477,24,follower,0.6071428571428571,1.0,84.0,84.0,2.125,38,2.933333333333333,3.7327154127784294,0.6672252628609819,5.594385615396206,0.03136735640990277,0.0829116776629269,0.42123559984601083,0.0941628908662691,0.5624850246326224,2.328284236750001,0.1509414530576694,0.09686374951139488,0.059797141339894964
20240809,kanga,MC_withGinger,0.7976190476190477,24,follower,0.6071428571428571,1.0,84.0,84.0,2.125,39,3.3666666666666667,3.2459942590555175,0.5537709117052042,5.861619291378559,0.0272772626811388,0.1079495975626496,0.35110836264777073,0.04760872820331388,0.722851778103079,2.8513567201581993,0.1509414530576694,0.09686374951139488,0.059797141339894964
20240809,kanga,MC_withGinger,0.7976190476190477,24,follower,0.6071428571428571,1.0,84.0,84.0,2.125,40,3.5,4.423179146283186,1.0773437936497168,4.105633849060182,0.0371695726578419,0.09617961066822865,0.42875454189613776,0.047531063550722355,0.572010997843164,2.3972140678154528,0.1509414530576694,0.09686374951139488,0.059797141339894964
20240809,kanga,MC_withGinger,0.7976190476190477,24,follower,0.6071428571428571,1.0,84.0,84.0,2.125,41,3.4,3.752390662809108,0.6543408068834137,5.7346120299015455,0.03153269464545469,0.1277200923174677,0.27839476875150465,0.05924808355125337,0.5745538707132157,3.7122902480457167,0.1509414530576694,0.09686374951139488,0.059797141339894964
20240809,kanga,MC_withGinger,0.7976190476190477,24,follower,0.6071428571428571,1.0,84.0,84.0,2.125,42,3.6666666666666665,3.0074615598729677,0.8907360206001629,3.376378062994007,0.025272786217419897,0.09903293059951349,0.31735595801261723,0.044365346806037806,0.8122620815827437,2.9694211595532156,0.1509414530576694,0.09686374951139488,0.059797141339894964
20240809,kanga,MC_withGinger,0.7976190476190477,24,follower,0.6071428571428571,1.0,84.0,84.0,2.125,43,4.166666666666667,4.2072728360051315,0.9276163485243499,4.535574262676646,0.03535523391600951,0.12893460647559943,0.3787068682498353,0.05757083830844057,0.5436593758136337,2.6027736951627363,0.1509414530576694,0.09686374951139488,0.059797141339894964
20240809,kanga,MC_withGinger,0.7976190476190477,24,follower,0.6071428571428571,1.0,84.0,84.0,2.125,44,4.033333333333333,4.047871978554424,0.5409038061621059,7.483533915716798,0.03401573091222205,0.13254441926846502,0.31441754566626673,0.0392751992443001,0.38185976528298826,3.2216254084249427,0.1509414530576694,0.09686374951139488,0.059797141339894964
20240809,kanga,MC_withGinger,0.7976190476190477,24,follower,0.6071428571428571,1.0,84.0,84.0,2.125,45,3.433333333333333,2.131683806211322,0.5166378486509395,4.126069763912263,0.01791330929589346,0.1094609451735075,0.19349975552808035,0.006387947053398746,1.285899773646258,5.039417019338363,0.1509414530576694,0.09686374951139488,0.059797141339894964
20240809,kanga,MC_withGinger,0.7976190476190477,24,follower,0.6071428571428571,1.0,84.0,84.0,2.125,46,2.7,2.0277445517198642,0.4314032288475847,4.700346256416799,0.017039870182519866,0.10093484169705946,0.21181153694593344,0.007946962894580883,1.1852437637614368,5.209477937452787,0.1509414530576694,0.09686374951139488,0.059797141339894964
20240809,kanga,MC_withGinger,0.7976190476190477,24,follower,0.6071428571428571,1.0,84.0,84.0,2.125,47,3.4,2.690109155959005,0.19737563354736062,13.629388327275507,0.02260595929377315,0.10071172082201103,0.32142139520077795,0.02229797619462702,0.31678677533234983,2.923482140562468,0.1509414530576694,0.09686374951139488,0.059797141339894964
20240809,kanga,MC_withGinger,0.7976190476190477,24,follower,0.6071428571428571,1.0,84.0,84.0,2.125,48,3.9,3.5779603815561787,0.5743865055783294,6.229186004210975,0.030066893962656965,0.1068508868056731,0.36089807788532996,0.05469194482709468,0.793060333352629,2.602753234152449,0.1509414530576694,0.09686374951139488,0.059797141339894964
20240809,kanga,MC_withGinger,0.7976190476190477,24,follower,0.6071428571428571,1.0,84.0,84.0,2.125,49,3.1333333333333333,4.069839292372321,0.9942820839433714,4.093244118642005,0.0342003301880027,0.11021907178611948,0.4197217111866652,0.0799769967310586,0.5366301159734875,2.48573977586124,0.1509414530576694,0.09686374951139488,0.059797141339894964
20240809,kanga,MC_withGinger,0.7976190476190477,24,follower,0.6071428571428571,1.0,84.0,84.0,2.125,50,2.7,5.069473779021642,0.7962536877694854,6.366656578034273,0.042600619991778506,0.09660270640354615,0.5139106900457214,0.14089131681802702,0.40211946218480205,2.0999510428576476,0.1509414530576694,0.09686374951139488,0.059797141339894964
20240809,kanga,MC_withGinger,0.7976190476190477,24,follower,0.6071428571428571,1.0,84.0,84.0,2.125,51,2.8,4.386656631532182,0.7719272619186406,5.682733138131512,0.036862660769178004,0.09502591175114333,0.48129611752952833,0.11743012106591555,0.45919255960186983,2.002850435418733,0.1509414530576694,0.09686374951139488,0.059797141339894964
20240809,kanga,MC_withGinger,0.7976190476190477,24,follower,0.6071428571428571,1.0,84.0,84.0,2.125,52,3.5,3.2837357105053506,0.3307432844111264,9.928351882796033,0.02759441773533908,0.0872128349368165,0.38536165278731055,0.03859378024935306,0.18563306127172088,2.5434526454661563,0.1509414530576694,0.09686374951139488,0.059797141339894964
20240809,kanga,MC_withGinger,0.7976190476190477,24,follower,0.6071428571428571,1.0,84.0,84.0,2.125,53,3.533333333333333,4.480527055288584,1.0033169186906106,4.465714642922541,0.037651487859567935,0.07872591285889735,0.4749672340892351,0.08825757608944683,0.4605529663249734,2.145932086925137,0.1509414530576694,0.09686374951139488,0.059797141339894964
20240809,kanga,MC_withGinger,0.7976190476190477,24,follower,0.6071428571428571,1.0,84.0,84.0,2.125,54,3.2,3.678770013599482,0.8028477777377032,4.582151331309241,0.03091403372772674,0.12123247353324779,0.4516068808512438,0.1138074994562191,0.48784445936939347,2.4256506373457123,0.1509414530576694,0.09686374951139488,0.059797141339894964
20240809,kanga,MC_withGinger,0.7976190476190477,24,follower,0.6071428571428571,1.0,84.0,84.0,2.125,55,3.1,3.8453473997886163,1.2468287883979596,3.084102192354311,0.03231384369570266,0.09116038890125298,0.3947473319916503,0.05293551106358765,0.7805702065886609,2.563451661536995,0.1509414530576694,0.09686374951139488,0.059797141339894964
20240809,kanga,MC_withGinger,0.7976190476190477,24,follower,0.6071428571428571,1.0,84.0,84.0,2.125,56,3.533333333333333,2.684809186483333,0.17607092918576572,15.248452421414175,0.02256142173515406,0.10585271940754658,0.2855518984268822,0.017207051096251723,0.22214058516690832,3.2312883134791712,0.1509414530576694,0.09686374951139488,0.059797141339894964
20240809,kanga,MC_withGinger,0.7976190476190477,24,follower,0.6071428571428571,1.0,84.0,84.0,2.125,57,1.5666666666666667,4.11881600299408,1.0655551237707555,3.8654180446512556,0.034611899184824206,0.12870644006346843,0.3580396128997202,0.10082598785082,0.6380313250415212,2.672423324056585,0.1509414530576694,0.09686374951139488,0.059797141339894964
20240809,kanga,MC_withGinger,0.7976190476190477,24,follower,0.6071428571428571,1.0,84.0,84.0,2.125,58,2.9,2.886516607605778,0.5136678051861506,5.619422861356317,0.024256442080720822,0.13185373759669303,0.2409694308627557,0.008658805190982624,0.6636055712015922,4.053477369992586,0.1509414530576694,0.09686374951139488,0.059797141339894964
20240809,kanga,MC_withGinger,0.7976190476190477,24,follower,0.6071428571428571,1.0,84.0,84.0,2.125,59,1.5,3.369764830395466,0.6014032424947524,5.6031703727052475,0.028317351515928287,0.10766354968634172,0.3407662167699072,0.04158621715309254,0.7071205082972812,2.9580352015512896,0.1509414530576694,0.09686374951139488,0.059797141339894964
20240809,kanga,MC_withGinger,0.7976190476190477,24,follower,0.6071428571428571,1.0,84.0,84.0,2.125,60,3.433333333333333,4.358599336131586,1.4573381475763212,2.990794788004631,0.03662688517757635,0.06982282990295054,0.4629956603158733,0.04670052580299344,0.6702251621030181,2.163634292932608,0.1509414530576694,0.09686374951139488,0.059797141339894964
20240809,kanga,MC_withGinger,0.7976190476190477,24,follower,0.6071428571428571,1.0,84.0,84.0,2.125,61,2.8666666666666667,3.4881882737607985,0.7603954082704717,4.587334741663845,0.029312506502191586,0.11729335638589511,0.3498398015606412,0.05424872464212287,0.6641360740806754,2.848197281944648,0.1509414530576694,0.09686374951139488,0.059797141339894964
20240809,kanga,MC_withGinger,0.7976190476190477,24,follower,0.6071428571428571,1.0,84.0,84.0,2.125,62,4.333333333333333,2.763206620122353,0.40683585464833893,6.791944683712343,0.023220223698507167,0.12614540845240846,0.28647296647598497,0.04197487129295316,0.34816512680193523,3.402756098840631,0.1509414530576694,0.09686374951139488,0.059797141339894964
20240809,kanga,MC_withGinger,0.7976190476190477,24,follower,0.6071428571428571,1.0,84.0,84.0,2.125,63,1.5666666666666667,3.0835713188288008,1.0809366565137364,2.8526845678210333,0.025912364023771436,0.11439601215683258,0.25587762049524065,0.02963994066487174,0.8090546070429709,4.232917077376275,0.1509414530576694,0.09686374951139488,0.059797141339894964
20240809,kanga,MC_withGinger,0.7976190476190477,24,follower,0.6071428571428571,1.0,84.0,84.0,2.125,64,2.6,4.339269133172959,0.697545038340143,6.22077270235991,0.03646444649725175,0.1290565732422524,0.30640413296504854,0.050305342018556076,0.6118451973623489,3.154521125500805,0.1509414530576694,0.09686374951139488,0.059797141339894964
20240809,kanga,MC_withGinger,0.7976190476190477,24,follower,0.6071428571428571,1.0,84.0,84.0,2.125,65,2.933333333333333,4.046847777187911,0.9188650500799675,4.404180762817913,0.03400712417804967,0.12508503985919955,0.4006783691099275,0.0846190372541023,0.6360422646591041,2.5586554864886226,0.1509414530576694,0.09686374951139488,0.059797141339894964
20240809,kanga,MC_withGinger,0.7976190476190477,24,follower,0.6071428571428571,1.0,84.0,84.0,2.125,66,3.066666666666667,3.847667965767248,0.3656022527906515,10.524191074857713,0.03233334425014494,0.12442333954007319,0.3116375502105325,0.05030413004720666,0.373859408525579,3.207420076996623,0.1509414530576694,0.09686374951139488,0.059797141339894964
20240809,kanga,MC_withGinger,0.7976190476190477,24,follower,0.6071428571428571,1.0,84.0,84.0,2.125,67,3.8,3.0917567671096413,0.8850203699244182,3.493430063506539,0.025981149303442364,0.10840102860125168,0.24609554999549074,0.02911208849473419,0.9330964489049344,4.168100877124425,0.1509414530576694,0.09686374951139488,0.059797141339894964
20240809,kanga,MC_withGinger,0.7976190476190477,24,follower,0.6071428571428571,1.0,84.0,84.0,2.125,68,3.2666666666666666,3.9749872476861645,0.18870186245273288,21.064907341239635,0.03340325418223668,0.10822001535691365,0.3517076516355505,0.028406211769587165,0.14958573573417247,2.9682311630502025,0.1509414530576694,0.09686374951139488,0.059797141339894964
20240809,kanga,MC_withGinger,0.7976190476190477,24,follower,0.6071428571428571,1.0,84.0,84.0,2.125,69,4.0,3.52771976171631,0.29476015196278127,11.968102670003194,0.02964470387996899,0.11448038295229082,0.35993055363126025,0.051398363948897685,0.18309221255595187,2.72406582562709,0.1509414530576694,0.09686374951139488,0.059797141339894964
20240809,kanga,MC_withGinger,0.7976190476190477,24,follower,0.6071428571428571,1.0,84.0,84.0,2.125,70,3.5,3.485931015873836,0.615190110296597,5.666428893327284,0.02929353794851963,0.12191890014840244,0.31094632386313564,0.047279606652747726,0.6785596963239685,3.2061617605052475,0.1509414530576694,0.09686374951139488,0.059797141339894964
20240809,kanga,MC_withGinger,0.7976190476190477,24,follower,0.6071428571428571,1.0,84.0,84.0,2.125,71,3.6,3.3187708443271475,0.2860504563561844,11.602047018567518,0.027888830624597877,0.11915368685027503,0.24811034434019355,0.019878596987730167,0.41732486910647465,3.9623802658930534,0.1509414530576694,0.09686374951139488,0.059797141339894964
20240809,kanga,MC_withGinger,0.7976190476190477,24,follower,0.6071428571428571,1.0,84.0,84.0,2.125,72,3.1333333333333333,3.1599249721606464,0.2062575489808742,15.32028761019389,0.02655399136269451,0.12571227834133378,0.2547337933282681,0.021939877954949175,0.5232295892741099,4.10140920735629,0.1509414530576694,0.09686374951139488,0.059797141339894964
20240809,kanga,MC_withGinger,0.7976190476190477,24,follower,0.6071428571428571,1.0,84.0,84.0,2.125,73,1.6333333333333333,2.944515760916752,0.38984824805089235,7.552979333980136,0.024743829923670184,0.12298368068125447,0.24368350029885874,0.017200129196186673,0.9105585035360113,3.89238815728248,0.1509414530576694,0.09686374951139488,0.059797141339894964
20240809,kanga,MC_withGinger,0.7976190476190477,24,follower,0.6071428571428571,1.0,84.0,84.0,2.125,74,2.1666666666666665,1.9548138385805514,0.382812794170716,5.106448552262333,0.01642700704689539,0.12885012312835978,0.17314256710400586,0.005183262086103544,1.3175152283792004,6.038368598432044,0.1509414530576694,0.09686374951139488,0.059797141339894964
20240809,kanga,MC_withGinger,0.7976190476190477,24,follower,0.6071428571428571,1.0,84.0,84.0,2.125,75,5.733333333333333,2.014410656547078,0.33391005722690537,6.032794199960873,0.016927820643252756,0.13779374559885257,0.13903417419327305,0.006113900326533775,0.6631220558722943,6.945613287733485,0.1509414530576694,0.09686374951139488,0.059797141339894964
20240809,kanga,MC_withGinger,0.7976190476190477,24,follower,0.6071428571428571,1.0,84.0,84.0,2.125,76,1.9666666666666666,2.0017095216496346,0.2453941519830036,8.157119904749305,0.01682108841722382,0.11853945056667767,0.17117018267789377,0.0066081175267598945,1.077526051640547,5.719546621798037,0.1509414530576694,0.09686374951139488,0.059797141339894964
20240809,kanga,MC_withGinger,0.7976190476190477,24,follower,0.6071428571428571,1.0,84.0,84.0,2.125,77,3.1,2.276026166987851,0.6891720097950008,3.3025516629221077,0.01912627031082228,0.09951670882298919,0.2016410861722696,0.012959283447067252,1.1704804607269104,4.481003192397447,0.1509414530576694,0.09686374951139488,0.059797141339894964
20240809,kanga,MC_withGinger,0.7976190476190477,24,follower,0.6071428571428571,1.0,84.0,84.0,2.125,78,2.6666666666666665,3.0115210615173034,0.7512050009813674,4.00892041131659,0.025306899676615993,0.11777285569124885,0.27264189593697535,0.0244591256924418,0.8920389448329653,3.5302549558807974,0.1509414530576694,0.09686374951139488,0.059797141339894964
20240809,kanga,MC_withGinger,0.7976190476190477,24,follower,0.6071428571428571,1.0,84.0,84.0,2.125,79,2.6333333333333333,2.723274689854939,0.6809673897562072,3.9991264351585136,0.0228846612592852,0.12648226385882444,0.24403376032740018,0.02147324208464997,0.9856887374477499,4.444815962354276,0.1509414530576694,0.09686374951139488,0.059797141339894964
20240809,kanga,MC_withGinger,0.7976190476190477,24,follower,0.6071428571428571,1.0,84.0,84.0,2.125,80,2.8,3.791782493969025,0.2977619768718817,12.7342736430062,0.0318637184367145,0.11967660117337471,0.3583812368606704,0.031758791231698974,0.540535367153064,2.7290279282041294,0.1509414530576694,0.09686374951139488,0.059797141339894964
20240809,kanga,MC_withGinger,0.7976190476190477,24,follower,0.6071428571428571,1.0,84.0,84.0,2.125,81,4.4,2.7871633836939527,0.7480077955840161,3.726115423058982,0.02342154103944498,0.10995600416961984,0.24996670033270776,0.030889520465635898,0.8426437752985432,3.907422077688589,0.1509414530576694,0.09686374951139488,0.059797141339894964
20240809,kanga,MC_withGinger,0.7976190476190477,24,follower,0.6071428571428571,1.0,84.0,84.0,2.125,82,3.466666666666667,2.9066454042420005,0.5913932868722124,4.914911056252936,0.024425591632285717,0.1284857930570778,0.21829018720164803,0.013587175813116133,0.8191965036756836,4.5668209867757055,0.1509414530576694,0.09686374951139488,0.059797141339894964
20240809,kanga,MC_withGinger,0.7976190476190477,24,follower,0.6071428571428571,1.0,84.0,84.0,2.125,83,4.366666666666666,2.317013277831175,0.38975286190432834,5.944826848763273,0.019470699813707356,0.12264849458632678,0.17969924994503075,0.007319879712087546,1.3028343235244555,5.441078671795319,0.1509414530576694,0.09686374951139488,0.059797141339894964
20240812,kanga,MC_withGinger,0.5,23,follower,0.41379310344827586,2.3513513513513513,87.0,37.0,0.6959247648902821,0,4.2,4.4544748809462815,0.8654746730338274,5.1468575797043306,0.03743256202475867,0.11552503633966611,0.3730495447354201,0.10330095569876961,0.540113513421546,2.928382771562026,0.16013319318504832,0.09909521478178136,0.08607430867603742
20240812,kanga,MC_withGinger,0.5,23,follower,0.41379310344827586,2.3513513513513513,87.0,37.0,0.6959247648902821,1,3.966666666666667,4.36982668028056,1.4446844223649948,3.024762095189628,0.03672123260739966,0.09961942778410098,0.3898719922960743,0.08652524387435825,0.6016269482631293,2.679094196190718,0.16013319318504832,0.09909521478178136,0.08607430867603742
20240812,kanga,MC_withGinger,0.5,23,follower,0.41379310344827586,2.3513513513513513,87.0,37.0,0.6959247648902821,2,2.6666666666666665,3.578921176745344,0.3177287174659146,11.264078378843061,0.03007496787180961,0.10031873036587288,0.37616513324408724,0.04202970822101151,0.3300654118567451,2.5623862050507653,0.16013319318504832,0.09909521478178136,0.08607430867603742
20240812,kanga,MC_withGinger,0.5,23,follower,0.41379310344827586,2.3513513513513513,87.0,37.0,0.6959247648902821,3,1.9,2.759045795486653,0.43766788669345225,6.303971297348396,0.023185258785602125,0.10785125394403011,0.31916793942234617,0.055980713095085,0.5668251857860765,2.929628665585035,0.16013319318504832,0.09909521478178136,0.08607430867603742
20240812,kanga,MC_withGinger,0.5,23,follower,0.41379310344827586,2.3513513513513513,87.0,37.0,0.6959247648902821,4,2.6666666666666665,2.8255655594071136,0.3464184201070017,8.1565107263475,0.023744248398379107,0.11838670563020298,0.25748908843672436,0.036665181906474324,0.601741302378725,3.7116820123770413,0.16013319318504832,0.09909521478178136,0.08607430867603742
20240812,kanga,MC_withGinger,0.5,23,follower,0.41379310344827586,2.3513513513513513,87.0,37.0,0.6959247648902821,5,3.5,3.150798064033215,0.7808685292031625,4.034991738299977,0.026477294655741303,0.09228102827919664,0.3030828740341132,0.03463545548204786,0.9047100694487271,3.054001964815864,0.16013319318504832,0.09909521478178136,0.08607430867603742
20240812,kanga,MC_withGinger,0.5,23,follower,0.41379310344827586,2.3513513513513513,87.0,37.0,0.6959247648902821,6,1.5333333333333334,4.048700996868046,0.8978014280544554,4.5095729081670335,0.034022697452672654,0.11542185113948875,0.37322578125176337,0.039958405123179566,0.6547930870091603,2.584341395093932,0.16013319318504832,0.09909521478178136,0.08607430867603742
20240812,kanga,MC_withGinger,0.5,23,follower,0.41379310344827586,2.3513513513513513,87.0,37.0,0.6959247648902821,7,2.566666666666667,4.129116941226495,1.1951848654065351,3.454793530891976,0.03469846169097895,0.09061614022319074,0.38951379798759217,0.05654904341935423,0.7271254083931714,2.5941876969452364,0.16013319318504832,0.09909521478178136,0.08607430867603742
20240812,kanga,MC_withGinger,0.5,23,follower,0.41379310344827586,2.3513513513513513,87.0,37.0,0.6959247648902821,8,3.8666666666666667,4.147570365464603,1.1739811253580326,3.532910602970474,0.03485353248289582,0.09098454612296639,0.47080735866771967,0.04135583886133894,0.6197990410639919,2.3370345288091916,0.16013319318504832,0.09909521478178136,0.08607430867603742
20240812,kanga,MC_withGinger,0.5,23,follower,0.41379310344827586,2.3513513513513513,87.0,37.0,0.6959247648902821,9,2.4,4.073137032713663,1.0399451301729556,3.9166845581903442,0.034228042291711454,0.11402602370434392,0.3589841265234039,0.037582266946163505,0.6941797815751408,2.844718718856995,0.16013319318504832,0.09909521478178136,0.08607430867603742
20240812,kanga,MC_withGinger,0.5,23,follower,0.41379310344827586,2.3513513513513513,87.0,37.0,0.6959247648902821,10,2.0,4.563477595044579,0.45473829118233167,10.035393287817078,0.038348551218862006,0.10595407167299473,0.3811789255016257,0.058017049472084636,0.35793995454021305,2.6170140141255884,0.16013319318504832,0.09909521478178136,0.08607430867603742
20240812,kanga,MC_withGinger,0.5,23,follower,0.41379310344827586,2.3513513513513513,87.0,37.0,0.6959247648902821,11,1.9,4.906996769963177,1.108408002847185,4.4270672508304685,0.04123526697448048,0.10768720966298362,0.4501236592024281,0.09507206427432055,0.45087301401435986,2.25717435630072,0.16013319318504832,0.09909521478178136,0.08607430867603742
20240812,kanga,MC_withGinger,0.5,23,follower,0.41379310344827586,2.3513513513513513,87.0,37.0,0.6959247648902821,12,2.033333333333333,4.5303755776050725,0.5868885364827853,7.719311753396223,0.03807038300508464,0.1368279505568634,0.41557657276599086,0.069182607220856,0.11425889241422867,2.147116964116553,0.16013319318504832,0.09909521478178136,0.08607430867603742
20240812,kanga,MC_withGinger,0.5,23,follower,0.41379310344827586,2.3513513513513513,87.0,37.0,0.6959247648902821,13,2.0,5.197440203636383,0.49235864231229315,10.556207928487526,0.04367596809778473,0.12303671205574739,0.45030827771292004,0.051725348419390936,0.5122585393366013,2.0511339527822536,0.16013319318504832,0.09909521478178136,0.08607430867603742
20240812,kanga,MC_withGinger,0.5,23,follower,0.41379310344827586,2.3513513513513513,87.0,37.0,0.6959247648902821,14,2.7,4.911862790587946,1.345471411067558,3.6506630688575177,0.04127615790410039,0.1010359620282993,0.4507062066653639,0.11556265551578272,0.5564847482821073,2.2362521157883126,0.16013319318504832,0.09909521478178136,0.08607430867603742
20240812,kanga,MC_withGinger,0.5,23,follower,0.41379310344827586,2.3513513513513513,87.0,37.0,0.6959247648902821,15,2.1,4.989196614155777,0.6202138872338558,8.044316189705965,0.041926021967695605,0.1085747882499455,0.4218076577830515,0.09931110642455492,0.2324306059051565,2.288366250688113,0.16013319318504832,0.09909521478178136,0.08607430867603742
20240812,kanga,MC_withGinger,0.5,23,follower,0.41379310344827586,2.3513513513513513,87.0,37.0,0.6959247648902821,16,1.5666666666666667,4.134765119852411,0.5079216237792381,8.140557373965114,0.03474592537691102,0.10735432775480024,0.4559391090125468,0.06991438579870426,0.23898540524667414,2.140882345804096,0.16013319318504832,0.09909521478178136,0.08607430867603742
20240812,kanga,MC_withGinger,0.5,23,follower,0.41379310344827586,2.3513513513513513,87.0,37.0,0.6959247648902821,17,3.1666666666666665,4.959078328444953,0.2366713803445158,20.953434763536528,0.04167292712978952,0.13281650320648655,0.37019888515955357,0.06219539950370499,0.34979140126493674,2.67739980334116,0.16013319318504832,0.09909521478178136,0.08607430867603742
20240812,kanga,MC_withGinger,0.5,23,follower,0.41379310344827586,2.3513513513513513,87.0,37.0,0.6959247648902821,18,2.2,6.487296690999956,1.4851327552493678,4.368159457846364,0.05451509824369711,0.11502411175263369,0.5299030818078013,0.2565731326768682,0.3467577331222808,1.9620511808341752,0.16013319318504832,0.09909521478178136,0.08607430867603742
20240812,kanga,MC_withGinger,0.5,23,follower,0.41379310344827586,2.3513513513513513,87.0,37.0,0.6959247648902821,19,3.966666666666667,5.812692072120184,1.5065861263791236,3.858187706858953,0.048846151866556164,0.11859189307083715,0.5514696631441259,0.15276881504263423,0.3336288699829414,1.6483939270584949,0.16013319318504832,0.09909521478178136,0.08607430867603742
20240812,kanga,MC_withGinger,0.5,23,follower,0.41379310344827586,2.3513513513513513,87.0,37.0,0.6959247648902821,20,4.1,4.507417988445177,0.9584694606174047,4.702724681015598,0.037877462087774594,0.11574161478695018,0.4234672440381027,0.08458253232703646,0.543529930070937,2.2198287559644583,0.16013319318504832,0.09909521478178136,0.08607430867603742
20240812,kanga,MC_withGinger,0.5,23,follower,0.41379310344827586,2.3513513513513513,87.0,37.0,0.6959247648902821,21,1.2666666666666666,4.085461878409522,0.5343311842869609,7.645935701584351,0.03433161242360942,0.12119270727865032,0.42665906451224356,0.07509268012999518,0.354922650533523,2.3342248495435434,0.16013319318504832,0.09909521478178136,0.08607430867603742
20240812,kanga,MC_withGinger,0.5,23,follower,0.41379310344827586,2.3513513513513513,87.0,37.0,0.6959247648902821,22,1.9333333333333333,3.415905724259878,0.7148915177414149,4.778215490724921,0.028705090119830905,0.1115238553860404,0.33112431431431294,0.04087537964740067,0.716176221589883,2.9949450074626105,0.16013319318504832,0.09909521478178136,0.08607430867603742
20240812,kanga,MC_withGinger,0.5,23,follower,0.41379310344827586,2.3513513513513513,87.0,37.0,0.6959247648902821,23,2.1333333333333333,3.1038189228181756,0.5311536837139234,5.843542119703864,0.026082511956455258,0.108235310766093,0.3429196448268993,0.053983467207166645,0.3900528300704043,2.6673287999502064,0.16013319318504832,0.09909521478178136,0.08607430867603742
20240812,kanga,MC_withGinger,0.5,23,follower,0.41379310344827586,2.3513513513513513,87.0,37.0,0.6959247648902821,24,1.8,3.0540007596031025,0.3691388650049081,8.273311344668343,0.025663871929437837,0.123330622842441,0.2913970148001676,0.03737486333120747,0.6723435616040485,3.1779272888471723,0.16013319318504832,0.09909521478178136,0.08607430867603742
20240812,kanga,MC_withGinger,0.5,23,follower,0.41379310344827586,2.3513513513513513,87.0,37.0,0.6959247648902821,25,1.1666666666666667,4.391583319829037,0.8756712354179951,5.015105147005026,0.03690406151116837,0.0950581693437983,0.4759029278738725,0.10560158493341447,0.5390275365322645,2.4030092707459243,0.16013319318504832,0.09909521478178136,0.08607430867603742
20240812,kanga,MC_withGinger,0.5,23,follower,0.41379310344827586,2.3513513513513513,87.0,37.0,0.6959247648902821,26,3.3333333333333335,5.5502030611696105,1.6260708748859083,3.4132602378472803,0.04664036185856815,0.11049064500024944,0.5461025986557622,0.07300438075551119,0.5449157034528704,1.7380895078639467,0.16013319318504832,0.09909521478178136,0.08607430867603742
20240812,kanga,MC_withGinger,0.5,23,follower,0.41379310344827586,2.3513513513513513,87.0,37.0,0.6959247648902821,27,1.9,4.294519113270896,0.2626214571645714,16.35250660641846,0.03608839590983946,0.14524998558497937,0.3595892202954366,0.05830898899550191,0.08078536609539977,2.712517497483472,0.16013319318504832,0.09909521478178136,0.08607430867603742
20240812,kanga,MC_withGinger,0.5,23,follower,0.41379310344827586,2.3513513513513513,87.0,37.0,0.6959247648902821,28,1.7666666666666666,6.6892659838845,0.4398856975037282,15.206827641464306,0.05621231919230672,0.10188419958445054,0.7395648853636577,0.4589738738494499,0.12758405923345495,1.199211984821913,0.16013319318504832,0.09909521478178136,0.08607430867603742
20240812,kanga,MC_withGinger,0.5,23,follower,0.41379310344827586,2.3513513513513513,87.0,37.0,0.6959247648902821,29,2.1333333333333333,6.688820169428981,2.49548734111408,2.6803662992907986,0.056208572852344374,0.09328676558672243,0.7229031981511486,0.1535721849966005,0.44934979583817103,1.4916213949612973,0.16013319318504832,0.09909521478178136,0.08607430867603742
20240812,kanga,MC_withGinger,0.5,23,follower,0.41379310344827586,2.3513513513513513,87.0,37.0,0.6959247648902821,30,2.7666666666666666,6.0452884193739855,1.518220377219228,3.9818253727081006,0.05080074301994946,0.1070521878583265,0.5771687007744443,0.30163030721005263,0.42732464748373195,1.6868386832374325,0.16013319318504832,0.09909521478178136,0.08607430867603742
20240812,kanga,MC_withGinger,0.5,23,follower,0.41379310344827586,2.3513513513513513,87.0,37.0,0.6959247648902821,31,1.6,5.203168071100855,0.39299512004184606,13.239777813390717,0.04372410143782231,0.11934476818030645,0.5096473372804776,0.16031268965605824,0.3554851774611544,1.7849735622286074,0.16013319318504832,0.09909521478178136,0.08607430867603742
20240812,kanga,MC_withGinger,0.5,23,follower,0.41379310344827586,2.3513513513513513,87.0,37.0,0.6959247648902821,32,3.966666666666667,5.142985838671637,0.642778067500322,8.001184388061064,0.043218368392198635,0.10237617834189187,0.49268110442950586,0.1294763316105601,0.37962401445197524,2.089614005754487,0.16013319318504832,0.09909521478178136,0.08607430867603742
20240812,kanga,MC_withGinger,0.5,23,follower,0.41379310344827586,2.3513513513513513,87.0,37.0,0.6959247648902821,33,3.8333333333333335,6.186550135770665,2.005357195513656,3.0850115628333388,0.05198781626698038,0.0906007383703549,0.6404889536995254,0.1575303705697631,0.44187181247112856,1.5045903463780481,0.16013319318504832,0.09909521478178136,0.08607430867603742
20240812,kanga,MC_withGinger,0.5,23,follower,0.41379310344827586,2.3513513513513513,87.0,37.0,0.6959247648902821,34,1.6,5.8426928269713585,0.8360031319723135,6.98884083506622,0.049098259050179484,0.08457804656359398,0.6587420452743787,0.1620083812732685,0.43517231276909557,1.5592671061416081,0.16013319318504832,0.09909521478178136,0.08607430867603742
20240812,kanga,MC_withGinger,0.5,23,follower,0.41379310344827586,2.3513513513513513,87.0,37.0,0.6959247648902821,35,3.1666666666666665,4.671242696159273,1.1029403740702681,4.235263125712423,0.03925414030385944,0.09223967345564894,0.5048428143145957,0.12313345527208892,0.6702899670009288,2.171650050332658,0.16013319318504832,0.09909521478178136,0.08607430867603742
20240812,kanga,MC_withGinger,0.5,23,follower,0.41379310344827586,2.3513513513513513,87.0,37.0,0.6959247648902821,36,2.033333333333333,4.552724724240584,0.7252280109572571,6.277646002987755,0.03825819096000491,0.10860957370165657,0.4240378257181961,0.08934623034609726,0.39168045093731496,2.236466452945175,0.16013319318504832,0.09909521478178136,0.08607430867603742
20240812,kanga,MC_withGinger,0.5,23,follower,0.41379310344827586,2.3513513513513513,87.0,37.0,0.6959247648902821,37,4.533333333333333,4.667401194326042,0.8519254490231709,5.4786498040148315,0.03922185877584909,0.10283798955801463,0.4049982525616141,0.09880830006732265,0.4998805667373807,2.6640553330586623,0.16013319318504832,0.09909521478178136,0.08607430867603742
20240812,kanga,MC_withGinger,0.5,23,follower,0.41379310344827586,2.3513513513513513,87.0,37.0,0.6959247648902821,38,1.4666666666666666,5.422810378826341,1.074734158263008,5.045722551138339,0.04556983511618774,0.09293732148569926,0.6161278588890775,0.12604512180525407,0.41886823892313507,1.5822878538990912,0.16013319318504832,0.09909521478178136,0.08607430867603742
20240812,kanga,MC_withGinger,0.5,23,follower,0.41379310344827586,2.3513513513513513,87.0,37.0,0.6959247648902821,39,2.1,5.4664532617788675,1.2030552033446784,4.543809167344347,0.04593658203175519,0.09541840216508628,0.607345596518874,0.07576938101372868,0.5268100405191904,1.8177685642555585,0.16013319318504832,0.09909521478178136,0.08607430867603742
20240812,kanga,MC_withGinger,0.5,23,follower,0.41379310344827586,2.3513513513513513,87.0,37.0,0.6959247648902821,40,3.433333333333333,5.788218185700326,0.9788460753032278,5.91330785476894,0.048640488955464925,0.09887935838153093,0.6335678024564274,0.25750738803125467,0.24001393065380458,1.5170687491517487,0.16013319318504832,0.09909521478178136,0.08607430867603742
20240812,kanga,MC_withGinger,0.5,23,follower,0.41379310344827586,2.3513513513513513,87.0,37.0,0.6959247648902821,41,1.0666666666666667,5.425024805154127,1.4796022932212192,3.666542577021417,0.04558844374079098,0.09103755278789254,0.5621536190448634,0.15164455842017824,0.5377138254440786,1.849997664466007,0.16013319318504832,0.09909521478178136,0.08607430867603742
20240812,kanga,MC_withGinger,0.5,23,follower,0.41379310344827586,2.3513513513513513,87.0,37.0,0.6959247648902821,42,2.3666666666666667,5.853902423124815,0.7566925379654997,7.7361704119140065,0.04919245733718332,0.10534051725328149,0.6148364445491435,0.17854750295180466,0.3900805565724273,1.539835144410124,0.16013319318504832,0.09909521478178136,0.08607430867603742
20240812,kanga,MC_withGinger,0.5,23,follower,0.41379310344827586,2.3513513513513513,87.0,37.0,0.6959247648902821,43,1.7666666666666666,7.242605308436975,2.1110403071535586,3.4308228430761756,0.060862229482663656,0.11575014540471237,0.6597419320917084,0.054950381223850174,0.4028087242056702,1.4010319589343616,0.16013319318504832,0.09909521478178136,0.08607430867603742
20240812,kanga,MC_withGinger,0.5,23,follower,0.41379310344827586,2.3513513513513513,87.0,37.0,0.6959247648902821,44,2.2,5.4213114929606165,0.5398325330409385,10.042580172820909,0.04555723943664384,0.11432118909171016,0.4575705723986239,0.07067969565547004,0.191802035054648,1.954248670960768,0.16013319318504832,0.09909521478178136,0.08607430867603742
20240812,kanga,MC_withGinger,0.5,23,follower,0.41379310344827586,2.3513513513513513,87.0,37.0,0.6959247648902821,45,1.2333333333333334,4.834649235010345,1.0276879381594095,4.704394257724974,0.04062730449588525,0.09530830100654329,0.4886808192148625,0.2418464115425458,0.4851593645544914,1.9805595017094766,0.16013319318504832,0.09909521478178136,0.08607430867603742
20240812,kanga,MC_withGinger,0.5,23,follower,0.41379310344827586,2.3513513513513513,87.0,37.0,0.6959247648902821,46,2.2666666666666666,4.860145306909495,0.5734342600421694,8.47550564305678,0.04084155720092013,0.11717832765965631,0.4494081645809762,0.14128271764752287,0.4581108970148371,2.1121775118109647,0.16013319318504832,0.09909521478178136,0.08607430867603742
20240812,kanga,MC_withGinger,0.5,23,follower,0.41379310344827586,2.3513513513513513,87.0,37.0,0.6959247648902821,47,1.7,6.556561803387212,1.9122440437472816,3.428726487514014,0.055097158011657245,0.11445006003142252,0.6086101562516847,0.15372570373325486,0.45369505768992274,1.5175754980713474,0.16013319318504832,0.09909521478178136,0.08607430867603742
20240812,kanga,MC_withGinger,0.5,23,follower,0.41379310344827586,2.3513513513513513,87.0,37.0,0.6959247648902821,48,2.5,4.953426929844637,0.18857689690028215,26.267411391672052,0.04162543638524905,0.12376822524160107,0.590159021933304,0.11119055791867445,0.08261763131861416,1.534915898035379,0.16013319318504832,0.09909521478178136,0.08607430867603742
20240812,kanga,MC_withGinger,0.5,23,follower,0.41379310344827586,2.3513513513513513,87.0,37.0,0.6959247648902821,49,3.7666666666666666,4.50606147341393,0.6003460873678362,7.505773033635238,0.03786606280179773,0.10217211715066328,0.4698620845823858,0.07694536005923924,0.39509407633674526,2.091827231410746,0.16013319318504832,0.09909521478178136,0.08607430867603742
20240812,kanga,MC_withGinger,0.5,23,follower,0.41379310344827586,2.3513513513513513,87.0,37.0,0.6959247648902821,50,4.833333333333333,5.087568663698992,0.8144212464731185,6.246851596432309,0.042752677846210015,0.09225369866512186,0.5903350998947031,0.13879958142349133,0.4495308056541313,1.6990679369662578,0.16013319318504832,0.09909521478178136,0.08607430867603742
20240812,kanga,MC_withGinger,0.5,23,follower,0.41379310344827586,2.3513513513513513,87.0,37.0,0.6959247648902821,51,1.0,5.36938378581427,1.223031583765834,4.390224959915925,0.045120872149699745,0.08554999001576143,0.5831526871713748,0.1191611522568663,0.46671216728574777,1.6325936951365398,0.16013319318504832,0.09909521478178136,0.08607430867603742
20240812,kanga,MC_withGinger,0.5,23,follower,0.41379310344827586,2.3513513513513513,87.0,37.0,0.6959247648902821,52,2.3666666666666667,7.403491491077442,0.6398928757273705,11.569892042729563,0.0622142142107348,0.0999964264406083,0.8041453195474766,0.28652769278507606,0.1195336295784142,1.0706598227489916,0.16013319318504832,0.09909521478178136,0.08607430867603742
20240812,kanga,MC_withGinger,0.5,23,follower,0.41379310344827586,2.3513513513513513,87.0,37.0,0.6959247648902821,53,2.8333333333333335,4.805910058972042,0.5232034646256475,9.185547084269931,0.04038579881489111,0.10748402347868738,0.5317503547087338,0.0979968468376609,0.2875031122180174,1.7921349503572537,0.16013319318504832,0.09909521478178136,0.08607430867603742
20240812,kanga,MC_withGinger,0.5,23,follower,0.41379310344827586,2.3513513513513513,87.0,37.0,0.6959247648902821,54,2.7333333333333334,4.39249282652412,1.4780369214228943,2.971842423459559,0.036911704424572436,0.08816494800077466,0.43859131601328316,0.051152875032916746,0.6401627743038883,2.440770445450433,0.16013319318504832,0.09909521478178136,0.08607430867603742
20240812,kanga,MC_withGinger,0.5,23,follower,0.41379310344827586,2.3513513513513513,87.0,37.0,0.6959247648902821,55,1.7,5.115005084475888,0.9650213183020777,5.300406309650823,0.04298323600399906,0.11259969127603568,0.5080501189751805,0.11790231493222196,0.4392981981384089,1.8736091023172259,0.16013319318504832,0.09909521478178136,0.08607430867603742
20240812,kanga,MC_withGinger,0.5,23,follower,0.41379310344827586,2.3513513513513513,87.0,37.0,0.6959247648902821,56,1.5666666666666667,4.59242272277424,1.6240465388258116,2.827765469143864,0.03859178758633815,0.10736802493753896,0.4137322898487561,0.08219862772923124,0.5719116493231688,2.3820292312727105,0.16013319318504832,0.09909521478178136,0.08607430867603742
20240812,kanga,MC_withGinger,0.5,23,follower,0.41379310344827586,2.3513513513513513,87.0,37.0,0.6959247648902821,57,1.3666666666666667,4.256312184944331,0.5329610473888453,7.986159975100301,0.03576732928524648,0.0963609653193694,0.46843583116081955,0.03745578599948934,0.22669047705529477,1.914983202587051,0.16013319318504832,0.09909521478178136,0.08607430867603742
20240812,kanga,MC_withGinger,0.5,23,follower,0.41379310344827586,2.3513513513513513,87.0,37.0,0.6959247648902821,58,2.7333333333333334,4.730217969038884,1.4988044089495938,3.1559941649450844,0.03974973083225953,0.07609583841016002,0.5296396958273364,0.1810317830458901,0.6342343779163634,1.953839648186312,0.16013319318504832,0.09909521478178136,0.08607430867603742
20240812,kanga,MC_withGinger,0.5,23,follower,0.41379310344827586,2.3513513513513513,87.0,37.0,0.6959247648902821,59,1.5333333333333334,4.104959354093948,0.6301834710371587,6.513911492058001,0.034495456757092,0.11712945824072371,0.44351458072246336,0.048116863038303384,0.4856543491812579,2.120126098945249,0.16013319318504832,0.09909521478178136,0.08607430867603742
20240812,kanga,MC_withGinger,0.5,23,follower,0.41379310344827586,2.3513513513513513,87.0,37.0,0.6959247648902821,60,2.8,3.8951697741016926,0.654329869468334,5.952914509720693,0.03273251911009826,0.10062609271174944,0.4100406413806722,0.04851289994705274,0.617712498508566,2.4717038806726284,0.16013319318504832,0.09909521478178136,0.08607430867603742
20240812,kanga,MC_withGinger,0.5,23,follower,0.41379310344827586,2.3513513513513513,87.0,37.0,0.6959247648902821,61,1.4333333333333333,4.888619833582817,0.40255245883578106,12.144056572703985,0.041080838937670734,0.12178072553417756,0.4903480187202826,0.10248445449803444,0.21516769873827893,2.091012356347526,0.16013319318504832,0.09909521478178136,0.08607430867603742
20240812,kanga,MC_withGinger,0.5,23,follower,0.41379310344827586,2.3513513513513513,87.0,37.0,0.6959247648902821,62,1.4,4.896277784613969,1.4614413449871306,3.3503074217850908,0.04114519146734428,0.09901252802926024,0.4801263425743769,0.09919458061407431,0.522432638661929,2.2466834961443367,0.16013319318504832,0.09909521478178136,0.08607430867603742
20240812,kanga,MC_withGinger,0.5,23,follower,0.41379310344827586,2.3513513513513513,87.0,37.0,0.6959247648902821,63,5.133333333333334,4.846277909365641,1.14678275331845,4.2259773225067665,0.04072502444845077,0.1194948953255746,0.411340998414404,0.10109841199533649,0.5289479742158077,2.4023704698034507,0.16013319318504832,0.09909521478178136,0.08607430867603742
20240812,kanga,MC_withGinger,0.5,23,follower,0.41379310344827586,2.3513513513513513,87.0,37.0,0.6959247648902821,64,2.033333333333333,3.777049710270222,0.4491357679192221,8.409594559277076,0.03173991353168254,0.11786997593528202,0.29475040401850616,0.055313888075108474,0.42366342480009256,3.4453823134597976,0.16013319318504832,0.09909521478178136,0.08607430867603742
20240812,kanga,MC_withGinger,0.5,23,follower,0.41379310344827586,2.3513513513513513,87.0,37.0,0.6959247648902821,65,1.7666666666666666,3.9306200345867035,0.41342289065901017,9.507504599760216,0.033030420458711796,0.11689050935734556,0.3158431447549826,0.0632676711305193,0.413357247820594,3.158985616430448,0.16013319318504832,0.09909521478178136,0.08607430867603742
20240812,kanga,MC_withGinger,0.5,23,follower,0.41379310344827586,2.3513513513513513,87.0,37.0,0.6959247648902821,66,3.533333333333333,4.805982203868379,0.8889473617210544,5.406374337580253,0.04038640507452419,0.0997098498712381,0.44674736635982737,0.0875559468403068,0.5194887376837908,2.1789001099432843,0.16013319318504832,0.09909521478178136,0.08607430867603742
20240812,kanga,MC_withGinger,0.5,23,follower,0.41379310344827586,2.3513513513513513,87.0,37.0,0.6959247648902821,67,1.3333333333333333,4.370407217074917,0.2881937111746068,15.164825072907423,0.03672611106785645,0.10629697604731872,0.4472029772495067,0.08424380245471001,0.2402147413046214,2.1960276672179186,0.16013319318504832,0.09909521478178136,0.08607430867603742
20240812,kanga,MC_withGinger,0.5,23,follower,0.41379310344827586,2.3513513513513513,87.0,37.0,0.6959247648902821,68,3.6333333333333333,5.952865281515159,1.0734499759794072,5.545545125271266,0.0500240779959257,0.1112233423598567,0.4968535109007437,0.12819782588391637,0.38284033023699393,2.018913116154954,0.16013319318504832,0.09909521478178136,0.08607430867603742
20240812,kanga,MC_withGinger,0.5,23,follower,0.41379310344827586,2.3513513513513513,87.0,37.0,0.6959247648902821,69,2.2,3.6821722883901407,0.7607254674649456,4.84034312754202,0.030942624272186057,0.10845330767307246,0.33809582041301667,0.0370013311262507,0.5208258391340588,2.7965484960113005,0.16013319318504832,0.09909521478178136,0.08607430867603742
20240812,kanga,MC_withGinger,0.5,23,follower,0.41379310344827586,2.3513513513513513,87.0,37.0,0.6959247648902821,70,4.0,6.0639595908573,1.4615390602630263,4.149023283555622,0.05095764362064958,0.11670084475234518,0.575993376380948,0.20194089364201484,0.35701258571250444,1.6652354992566958,0.16013319318504832,0.09909521478178136,0.08607430867603742
20240812,kanga,MC_withGinger,0.5,23,follower,0.41379310344827586,2.3513513513513513,87.0,37.0,0.6959247648902821,71,2.6,6.49905057000157,1.0731735075082314,6.055917821798934,0.054613870336147646,0.11204371453091959,0.6356972402346072,0.13217586908606407,0.40108980119769316,1.4339008545060286,0.16013319318504832,0.09909521478178136,0.08607430867603742
20240812,kanga,MC_withGinger,0.5,23,follower,0.41379310344827586,2.3513513513513513,87.0,37.0,0.6959247648902821,72,1.5333333333333334,6.514698209110824,1.511446917724503,4.310239501443267,0.05474536310177163,0.11363318017231788,0.639401497043173,0.25605137299667785,0.39299171000153305,1.5452204186885492,0.16013319318504832,0.09909521478178136,0.08607430867603742
20240812,kanga,MC_withGinger,0.5,23,follower,0.41379310344827586,2.3513513513513513,87.0,37.0,0.6959247648902821,73,1.8,5.701105915796997,0.5371366543787713,10.613883579385671,0.04790845307392435,0.12627263580516765,0.4575300498381157,0.11342521511918638,0.11680691651068933,2.1111073823681688,0.16013319318504832,0.09909521478178136,0.08607430867603742
20240812,kanga,MC_withGinger,0.5,23,follower,0.41379310344827586,2.3513513513513513,87.0,37.0,0.6959247648902821,74,3.3333333333333335,5.999821645648676,0.2969312676540396,20.206095818238936,0.05041866929116534,0.12305858406546252,0.47994660150616036,0.13954063684461532,0.10590263369802473,2.100184315358933,0.16013319318504832,0.09909521478178136,0.08607430867603742
20240812,kanga,MC_withGinger,0.5,23,follower,0.41379310344827586,2.3513513513513513,87.0,37.0,0.6959247648902821,75,3.7,6.90618490507821,0.5225735170201057,13.215719281871873,0.05803516726956479,0.1170466504114748,0.6011235176759648,0.3510771835024504,0.23267947736157607,1.6108293517823475,0.16013319318504832,0.09909521478178136,0.08607430867603742
20240812,kanga,MC_withGinger,0.5,23,follower,0.41379310344827586,2.3513513513513513,87.0,37.0,0.6959247648902821,76,3.0,7.372922470410925,1.7845533766799553,4.131522523651136,0.06195733168412542,0.10093575571326849,0.7380760682084829,0.2685951224853659,0.3865592910408213,1.2886070693755014,0.16013319318504832,0.09909521478178136,0.08607430867603742
20240812,kanga,MC_withGinger,0.5,23,follower,0.41379310344827586,2.3513513513513513,87.0,37.0,0.6959247648902821,77,1.6,5.415541165287816,0.9677585149140061,5.595963333651509,0.04550874928813291,0.10675682220215585,0.46666647042445736,0.173377167169936,0.40524673006160705,2.0318828377160245,0.16013319318504832,0.09909521478178136,0.08607430867603742
20240812,kanga,MC_withGinger,0.5,23,follower,0.41379310344827586,2.3513513513513513,87.0,37.0,0.6959247648902821,78,3.966666666666667,4.761946482401498,0.442051392448142,10.772382043701247,0.040016356994970574,0.13606381504417742,0.36692261312927327,0.06527117006120468,0.42762235800952975,2.9198365574197855,0.16013319318504832,0.09909521478178136,0.08607430867603742
20240812,kanga,MC_withGinger,0.5,23,follower,0.41379310344827586,2.3513513513513513,87.0,37.0,0.6959247648902821,79,2.6333333333333333,5.719057682144464,0.5267341942339672,10.857578157540589,0.04805930825331482,0.13105124072971808,0.48553496654466904,0.09758763957722541,0.38141535388693215,2.1055159415561246,0.16013319318504832,0.09909521478178136,0.08607430867603742
20240812,kanga,MC_withGinger,0.5,23,follower,0.41379310344827586,2.3513513513513513,87.0,37.0,0.6959247648902821,80,1.7,5.353335618752081,1.084409525045283,4.93663647829775,0.04498601360295867,0.12595034521714557,0.39525089226962834,0.05335801474133115,0.5069893064359282,2.66133956923013,0.16013319318504832,0.09909521478178136,0.08607430867603742
20240812,kanga,MC_withGinger,0.5,23,follower,0.41379310344827586,2.3513513513513513,87.0,37.0,0.6959247648902821,81,7.833333333333333,4.918893143034621,1.1591091815405665,4.243684047517373,0.04133523649608926,0.12466603160595965,0.39650469041120345,0.07902456803201469,0.47859912004015875,2.6120057490587647,0.16013319318504832,0.09909521478178136,0.08607430867603742
20240812,kanga,MC_withGinger,0.5,23,follower,0.41379310344827586,2.3513513513513513,87.0,37.0,0.6959247648902821,82,0.9333333333333333,4.429257876259006,0.07386979340397805,59.96033929642046,0.03722065442234458,0.12763973859949246,0.31473243636817116,0.051244814303642215,0.06538016154968951,3.2477345540434532,0.16013319318504832,0.09909521478178136,0.08607430867603742
20240812,kanga,MC_withGinger,0.5,23,follower,0.41379310344827586,2.3513513513513513,87.0,37.0,0.6959247648902821,83,4.2,4.5767579546033526,1.1390015556468334,4.018219230617499,0.03846015087901977,0.10666707444332531,0.3928552414457357,0.07290005275031712,0.6238194177705153,2.584338217050052,0.16013319318504832,0.09909521478178136,0.08607430867603742
20240812,kanga,MC_withGinger,0.5,23,follower,0.41379310344827586,2.3513513513513513,87.0,37.0,0.6959247648902821,84,3.1,5.357546404023011,1.3478811858188486,3.9747912949524986,0.04502139835313455,0.10444737938116912,0.437344796239756,0.0931248639758819,0.5349081382060571,2.2364039751511795,0.16013319318504832,0.09909521478178136,0.08607430867603742
20240812,kanga,MC_withGinger,0.5,23,follower,0.41379310344827586,2.3513513513513513,87.0,37.0,0.6959247648902821,85,2.0,4.847664654643649,0.9648515183491354,5.024259756504318,0.04073667777011469,0.11858752876318246,0.37755445782686564,0.06893507897064205,0.5184457696492644,2.756941293737697,0.16013319318504832,0.09909521478178136,0.08607430867603742
20240812,kanga,MC_withGinger,0.5,23,follower,0.41379310344827586,2.3513513513513513,87.0,37.0,0.6959247648902821,86,2.033333333333333,3.52213246171169,0.24856421380597318,14.169909689658835,0.02959775177908983,0.1363973813176339,0.27681612953160967,0.018397996829279555,0.6588329566020609,3.6916824258224823,0.16013319318504832,0.09909521478178136,0.08607430867603742
20240813,kanga,MC_withKoala,0.23728813559322035,30,leader,0.4857142857142857,1.4583333333333333,35.0,24.0,1.1657142857142857,0,4.733333333333333,3.349406014019371,0.45688774995868353,7.330916651458173,0.028146269025372865,0.1651743263183663,0.22212631020340817,0.023847612343767626,0.3817997205588359,4.6248190909643,0.11496334463323807,0.07917194654607936,0.05824552711149279
20240813,kanga,MC_withKoala,0.23728813559322035,30,leader,0.4857142857142857,1.4583333333333333,35.0,24.0,1.1657142857142857,1,3.066666666666667,3.602613189418407,0.9002959751492752,4.001587576597873,0.030274060415280732,0.15143100512566032,0.2686904536897305,0.04753022601152673,0.6137163370940645,3.7157403256128507,0.11496334463323807,0.07917194654607936,0.05824552711149279
20240813,kanga,MC_withKoala,0.23728813559322035,30,leader,0.4857142857142857,1.4583333333333333,35.0,24.0,1.1657142857142857,2,2.066666666666667,3.665846829509504,0.6428601554496245,5.702401678551013,0.030805435542096672,0.15005552160594912,0.2364518396462469,0.033994098479644616,0.4310905180180662,4.396543549846249,0.11496334463323807,0.07917194654607936,0.05824552711149279
20240813,kanga,MC_withKoala,0.23728813559322035,30,leader,0.4857142857142857,1.4583333333333333,35.0,24.0,1.1657142857142857,3,1.2333333333333334,3.2781919536911217,0.6947029563506718,4.718839791486878,0.02754783154362287,0.1725642036197671,0.26069545300765035,0.01664610921192195,0.6553986974869999,4.271115975452138,0.11496334463323807,0.07917194654607936,0.05824552711149279
20240813,kanga,MC_withKoala,0.23728813559322035,30,leader,0.4857142857142857,1.4583333333333333,35.0,24.0,1.1657142857142857,4,2.6333333333333333,3.147373905976132,0.7449937975030433,4.224698133763019,0.026448520218286822,0.15186085812522804,0.20687882830580015,0.017786126521726994,0.6453498846455499,5.030406857100093,0.11496334463323807,0.07917194654607936,0.05824552711149279
20240813,kanga,MC_withKoala,0.23728813559322035,30,leader,0.4857142857142857,1.4583333333333333,35.0,24.0,1.1657142857142857,5,3.466666666666667,2.978646493458061,0.5471594593683072,5.443836239068028,0.02503064280216858,0.1573405180915444,0.23035758072982457,0.03493311520634059,0.4259014120412128,4.15498072808036,0.11496334463323807,0.07917194654607936,0.05824552711149279
20240813,kanga,MC_withKoala,0.23728813559322035,30,leader,0.4857142857142857,1.4583333333333333,35.0,24.0,1.1657142857142857,6,1.7,3.0129961671724255,0.45813653918960867,6.576633622155684,0.025319295522457357,0.16834644288084138,0.17304317728769297,0.017713821417888912,0.7283012071348371,6.112867902608563,0.11496334463323807,0.07917194654607936,0.05824552711149279
20240813,kanga,MC_withKoala,0.23728813559322035,30,leader,0.4857142857142857,1.4583333333333333,35.0,24.0,1.1657142857142857,7,6.033333333333333,3.003269174357506,0.7854044295058187,3.823850568613653,0.025237556087037868,0.16255828352649995,0.2280910538289956,0.013656491100621164,0.6410450364439196,4.653747745819131,0.11496334463323807,0.07917194654607936,0.05824552711149279
20240813,kanga,MC_withKoala,0.23728813559322035,30,leader,0.4857142857142857,1.4583333333333333,35.0,24.0,1.1657142857142857,8,1.8666666666666667,3.804490840297533,0.5493521024674458,6.925414180103159,0.03197051126300448,0.15886189786969687,0.232271231997944,0.02242927850996067,0.3000881219406948,4.575075228815963,0.11496334463323807,0.07917194654607936,0.05824552711149279
20240813,kanga,MC_withKoala,0.23728813559322035,30,leader,0.4857142857142857,1.4583333333333333,35.0,24.0,1.1657142857142857,9,1.0666666666666667,2.4432007842557195,0.7036665517280303,3.4721002131703225,0.020531099027358987,0.14897075138087507,0.17694141808929378,0.013587038650064387,1.0860684104701523,5.96670010769559,0.11496334463323807,0.07917194654607936,0.05824552711149279
20240813,kanga,MC_withKoala,0.23728813559322035,30,leader,0.4857142857142857,1.4583333333333333,35.0,24.0,1.1657142857142857,10,2.466666666666667,2.6787552845991245,0.7119252407339242,3.762691826795738,0.022510548610076675,0.13739416358398956,0.22786865642348336,0.006269718841135226,0.9764200280721876,4.573074371434785,0.11496334463323807,0.07917194654607936,0.05824552711149279
20240813,kanga,MC_withKoala,0.23728813559322035,30,leader,0.4857142857142857,1.4583333333333333,35.0,24.0,1.1657142857142857,11,2.0,2.575976014145069,0.48753881283577083,5.283632700260103,0.02164685726172327,0.1484359767796466,0.2704578276762701,0.02381080487528446,0.5297214232514385,3.814752640600877,0.11496334463323807,0.07917194654607936,0.05824552711149279
20240813,kanga,MC_withKoala,0.23728813559322035,30,leader,0.4857142857142857,1.4583333333333333,35.0,24.0,1.1657142857142857,12,3.2,1.179536015860741,0.48096679165972916,2.4524271453136635,0.009912067360174295,0.1385200403398909,0.12360959888048821,0.0017655276763686321,1.9092926220448951,7.638337080616919,0.11496334463323807,0.07917194654607936,0.05824552711149279
20240813,kanga,MC_withKoala,0.23728813559322035,30,leader,0.4857142857142857,1.4583333333333333,35.0,24.0,1.1657142857142857,13,5.866666666666666,2.7834850937313353,0.7137767512252225,3.899657825718457,0.02339063103975912,0.1573292113862678,0.18946958511670747,0.024878652888716667,0.876102976377644,5.46131971972422,0.11496334463323807,0.07917194654607936,0.05824552711149279
20240813,kanga,MC_withKoala,0.23728813559322035,30,leader,0.4857142857142857,1.4583333333333333,35.0,24.0,1.1657142857142857,14,2.6,3.0584855611467447,0.14276373687915425,21.42340644764484,0.0257015593373676,0.15814186637104402,0.181495925733038,0.006711823723917626,0.17809461764836493,5.653742490120932,0.11496334463323807,0.07917194654607936,0.05824552711149279
20240813,kanga,MC_withKoala,0.23728813559322035,30,leader,0.4857142857142857,1.4583333333333333,35.0,24.0,1.1657142857142857,15,3.066666666666667,4.194858377320897,0.8622244791190451,4.865158063717795,0.035250910733789054,0.16040678716184312,0.2796681375515519,0.06648097073935993,0.42023101326796714,3.6903714399058263,0.11496334463323807,0.07917194654607936,0.05824552711149279
20240813,kanga,MC_withKoala,0.23728813559322035,30,leader,0.4857142857142857,1.4583333333333333,35.0,24.0,1.1657142857142857,16,1.2,2.441575716359847,0.565336746253871,4.318798897362722,0.02051744299462056,0.16192764704143242,0.2038892845452791,0.017643061408178302,0.8677941756359121,4.98043488800785,0.11496334463323807,0.07917194654607936,0.05824552711149279
20240813,kanga,MC_withKoala,0.23728813559322035,30,leader,0.4857142857142857,1.4583333333333333,35.0,24.0,1.1657142857142857,17,2.8666666666666667,3.0049524548195747,0.6446454483586941,4.66140335353389,0.02525170130100483,0.15781974019936706,0.28265589350649545,0.020280749111166105,0.7788988038072403,3.717712637951893,0.11496334463323807,0.07917194654607936,0.05824552711149279
20240813,kanga,MC_withKoala,0.23728813559322035,30,leader,0.4857142857142857,1.4583333333333333,35.0,24.0,1.1657142857142857,18,3.1666666666666665,1.569296262383542,0.3291106282317133,4.768294086445197,0.01318736354944153,0.15694315589464278,0.10913162854355833,0.003476034497894247,1.5286624793836523,9.96819301332561,0.11496334463323807,0.07917194654607936,0.05824552711149279
20240813,kanga,MC_withKoala,0.23728813559322035,30,leader,0.4857142857142857,1.4583333333333333,35.0,24.0,1.1657142857142857,19,3.3333333333333335,2.589355360457553,0.3961875766190361,6.535680352610883,0.021759288743340783,0.14227324843655334,0.18700150359625742,0.016517457861282586,0.43929180628722114,5.397570332221513,0.11496334463323807,0.07917194654607936,0.05824552711149279
20240813,kanga,MC_withKoala,0.23728813559322035,30,leader,0.4857142857142857,1.4583333333333333,35.0,24.0,1.1657142857142857,20,2.9,3.779169053406621,0.8953666998407253,4.220805904529271,0.031757723137870765,0.14620323656260464,0.29085813420655066,0.04135599223698684,0.7376761685562525,3.541655820833436,0.11496334463323807,0.07917194654607936,0.05824552711149279
20240813,kanga,MC_withKoala,0.23728813559322035,30,leader,0.4857142857142857,1.4583333333333333,35.0,24.0,1.1657142857142857,21,2.533333333333333,1.9556738421260274,0.5212743627406159,3.7517169113094537,0.01643423396744561,0.15409178534139428,0.1802098026093842,0.010423640097735436,0.9858513435783942,6.162598722912673,0.11496334463323807,0.07917194654607936,0.05824552711149279
20240813,kanga,MC_withKoala,0.23728813559322035,30,leader,0.4857142857142857,1.4583333333333333,35.0,24.0,1.1657142857142857,22,1.5666666666666667,1.6702643975263305,0.5272647738103337,3.167790606332358,0.014035835273330508,0.13758985094010373,0.24525600995958327,0.011354889649426339,1.3338929341844854,4.382067056668619,0.11496334463323807,0.07917194654607936,0.05824552711149279
20240813,kanga,MC_withKoala,0.23728813559322035,30,leader,0.4857142857142857,1.4583333333333333,35.0,24.0,1.1657142857142857,23,2.533333333333333,3.003212686975504,0.6857470620841488,4.3794758344979625,0.025237081403155497,0.14287419946500315,0.2821289533568173,0.02699130541217277,0.4902058542081605,3.637131070140439,0.11496334463323807,0.07917194654607936,0.05824552711149279
20240813,kanga,MC_withKoala,0.23728813559322035,30,leader,0.4857142857142857,1.4583333333333333,35.0,24.0,1.1657142857142857,24,3.3333333333333335,3.3129281048560215,0.4879827728482466,6.789026763217888,0.02783973197358001,0.15995369707404344,0.204824797692643,0.02130130125456017,0.3476260328074701,5.334490967900235,0.11496334463323807,0.07917194654607936,0.05824552711149279
20240813,kanga,MC_withKoala,0.23728813559322035,30,leader,0.4857142857142857,1.4583333333333333,35.0,24.0,1.1657142857142857,25,1.7666666666666666,6.009796958628171,0.42881905390663544,14.014761946507754,0.0505024954506569,0.1607593455640047,0.32270545586472,0.02602084445251075,0.43784927045629013,3.363647052885027,0.11496334463323807,0.07917194654607936,0.05824552711149279
20240813,kanga,MC_withKoala,0.23728813559322035,30,leader,0.4857142857142857,1.4583333333333333,35.0,24.0,1.1657142857142857,26,3.3,4.4235262578073735,0.4407900205658317,10.035450104176581,0.0371724895614065,0.15672689933816863,0.27167955568663343,0.03447290216406589,0.24549334041241588,3.5329989633478376,0.11496334463323807,0.07917194654607936,0.05824552711149279
20240813,kanga,MC_withKoala,0.23728813559322035,30,leader,0.4857142857142857,1.4583333333333333,35.0,24.0,1.1657142857142857,27,2.2666666666666666,3.16931564913669,0.5704436836183164,5.555878240308955,0.02663290461459403,0.16491745901228103,0.18265512350947943,0.014174694553107966,0.6223253120975334,5.836968935204872,0.11496334463323807,0.07917194654607936,0.05824552711149279
20240813,kanga,MC_withKoala,0.23728813559322035,30,leader,0.4857142857142857,1.4583333333333333,35.0,24.0,1.1657142857142857,28,2.2,3.148331583232679,0.8004014762297861,3.9334405004630812,0.02645656792632503,0.15593728120207048,0.2176304098960081,0.021683306374218662,0.8896059838117142,5.474233510784003,0.11496334463323807,0.07917194654607936,0.05824552711149279
20240813,kanga,MC_withKoala,0.23728813559322035,30,leader,0.4857142857142857,1.4583333333333333,35.0,24.0,1.1657142857142857,29,3.3,3.832830806107445,1.1380964746918314,3.3677556264685573,0.03220866223619702,0.15159703540743782,0.29641982911596154,0.05611197869699128,0.5887329523157281,3.7323623842424114,0.11496334463323807,0.07917194654607936,0.05824552711149279
20240813,kanga,MC_withKoala,0.23728813559322035,30,leader,0.4857142857142857,1.4583333333333333,35.0,24.0,1.1657142857142857,30,2.1666666666666665,3.274110178119894,0.7860911862491575,4.1650513774901174,0.027513530908570536,0.15241326372708466,0.2660706971888471,0.028849830220621906,0.5728941426480387,4.1370907503591,0.11496334463323807,0.07917194654607936,0.05824552711149279
20240813,kanga,MC_withKoala,0.23728813559322035,30,leader,0.4857142857142857,1.4583333333333333,35.0,24.0,1.1657142857142857,31,2.9,2.052106971984861,0.646049277766058,3.176393879861209,0.017244596403234124,0.15303470461068072,0.23860043043142518,0.018077980232584296,1.2081903147339077,4.814462842314536,0.11496334463323807,0.07917194654607936,0.05824552711149279
20240813,kanga,MC_withKoala,0.23728813559322035,30,leader,0.4857142857142857,1.4583333333333333,35.0,24.0,1.1657142857142857,32,1.9333333333333333,3.9354013261249734,1.0511275050213231,3.7439809226998966,0.033070599379201454,0.15571854007467045,0.2501449186844465,0.031954308948966,0.6497522207002115,4.5093523344774695,0.11496334463323807,0.07917194654607936,0.05824552711149279
20240813,kanga,MC_withKoala,0.23728813559322035,30,leader,0.4857142857142857,1.4583333333333333,35.0,24.0,1.1657142857142857,33,3.066666666666667,1.8588989633859334,0.6713754176600831,2.768792116137759,0.015620999692318768,0.16091718383089704,0.2455683797588586,0.010431038175138073,1.4032494408507208,4.4577820672719835,0.11496334463323807,0.07917194654607936,0.05824552711149279
20240813,kanga,MC_withKoala,0.23728813559322035,30,leader,0.4857142857142857,1.4583333333333333,35.0,24.0,1.1657142857142857,34,1.3666666666666667,2.8175750991173194,0.7395167885169251,3.810021818122435,0.023677101673254784,0.16371428936414556,0.1628993978083642,0.007695419707927389,1.083133903462712,6.47239558057973,0.11496334463323807,0.07917194654607936,0.05824552711149279
20240814,kanga,MC_withKoala,0.6820809248554913,19,leader,0.5,1.1358024691358024,92.0,81.0,1.1571428571428573,0,4.2,3.4635047097694747,0.8406533137647434,4.120015532037426,0.029105081594701467,0.11403098059280564,0.3517547329350003,0.04848617494814188,0.659289984309852,2.865844400560661,0.1649189661425349,0.08658408208043407,0.06899124209945576
20240814,kanga,MC_withKoala,0.6820809248554913,19,leader,0.5,1.1358024691358024,92.0,81.0,1.1571428571428573,1,2.7,2.967415573308579,0.2827329305125191,10.495472062378619,0.024936265321920833,0.1298470041368191,0.21908675332290498,0.032003761889619835,0.44201282609537607,4.8165832040162,0.1649189661425349,0.08658408208043407,0.06899124209945576
20240814,kanga,MC_withKoala,0.6820809248554913,19,leader,0.5,1.1358024691358024,92.0,81.0,1.1571428571428573,2,4.666666666666667,3.3791024831834537,0.7544580142854472,4.478847622002964,0.028395819186415577,0.11340114017683346,0.3403963601861876,0.069554733146098,0.5984981963289872,3.0358152124390756,0.1649189661425349,0.08658408208043407,0.06899124209945576
20240814,kanga,MC_withKoala,0.6820809248554913,19,leader,0.5,1.1358024691358024,92.0,81.0,1.1571428571428573,3,4.4,2.869325167895562,0.3065512001543431,9.360019358759343,0.02411197620080304,0.11718682234352663,0.33310576361221983,0.04742690250534931,0.30817225465160486,2.7605403725327387,0.1649189661425349,0.08658408208043407,0.06899124209945576
20240814,kanga,MC_withKoala,0.6820809248554913,19,leader,0.5,1.1358024691358024,92.0,81.0,1.1571428571428573,4,3.066666666666667,2.480855372503227,0.3537334624573232,7.013346589460799,0.02084752413868258,0.12583208453716904,0.25611841637228133,0.019513903407103836,0.4366465242758315,3.836194332658275,0.1649189661425349,0.08658408208043407,0.06899124209945576
20240814,kanga,MC_withKoala,0.6820809248554913,19,leader,0.5,1.1358024691358024,92.0,81.0,1.1571428571428573,5,2.8333333333333335,2.5452003467957542,0.46213210011129635,5.50751689004678,0.02138823820836768,0.14331652995524816,0.21753641323431402,0.0195216944065205,0.7735268675268969,4.626561943269707,0.1649189661425349,0.08658408208043407,0.06899124209945576
20240814,kanga,MC_withKoala,0.6820809248554913,19,leader,0.5,1.1358024691358024,92.0,81.0,1.1571428571428573,6,2.8666666666666667,2.849402737180297,0.49398694355878053,5.768174188274352,0.02394456081664115,0.11591660947138227,0.25382200163767527,0.015143609497867666,0.9306396151624821,3.8070090586355336,0.1649189661425349,0.08658408208043407,0.06899124209945576
20240814,kanga,MC_withKoala,0.6820809248554913,19,leader,0.5,1.1358024691358024,92.0,81.0,1.1571428571428573,7,2.6666666666666665,3.1464698385129433,0.8409382707214677,3.7416180807343764,0.026440923012713807,0.10225444819958203,0.32242472812863926,0.03157161459781519,0.8208784732655958,3.4061062682310626,0.1649189661425349,0.08658408208043407,0.06899124209945576
20240814,kanga,MC_withKoala,0.6820809248554913,19,leader,0.5,1.1358024691358024,92.0,81.0,1.1571428571428573,8,3.466666666666667,3.0532779067293045,0.4282288721334289,7.130014124264733,0.025657797535540375,0.11519939076222686,0.2666407772513647,0.023498965562721002,0.8084164713990534,3.923330991046361,0.1649189661425349,0.08658408208043407,0.06899124209945576
20240814,kanga,MC_withKoala,0.6820809248554913,19,leader,0.5,1.1358024691358024,92.0,81.0,1.1571428571428573,9,3.7666666666666666,2.746830860356055,0.527502151723824,5.207241053670943,0.02308261227189962,0.11773050899272215,0.2321984219173895,0.026603381580175535,0.5648319152495723,4.231026531860017,0.1649189661425349,0.08658408208043407,0.06899124209945576
20240814,kanga,MC_withKoala,0.6820809248554913,19,leader,0.5,1.1358024691358024,92.0,81.0,1.1571428571428573,10,3.433333333333333,2.09363781652005,0.6434793534587356,3.2536208120223837,0.017593595096807142,0.12616312362113644,0.1806548030613393,0.01042364128616676,1.3590862275542173,5.5780825824811116,0.1649189661425349,0.08658408208043407,0.06899124209945576
20240814,kanga,MC_withKoala,0.6820809248554913,19,leader,0.5,1.1358024691358024,92.0,81.0,1.1571428571428573,11,4.0,2.74889408150677,0.856723353039625,3.208613459355098,0.023099950264762775,0.12500133202378086,0.22873784886358686,0.00994715493503825,0.8910827179959527,4.462144293286829,0.1649189661425349,0.08658408208043407,0.06899124209945576
20240814,kanga,MC_withKoala,0.6820809248554913,19,leader,0.5,1.1358024691358024,92.0,81.0,1.1571428571428573,12,2.7666666666666666,2.7762212647510496,0.3422863848972598,8.11081418147659,0.023329590460092853,0.12077732078442988,0.2349033899642137,0.024027085017662014,0.9585383741414448,4.3663349103099645,0.1649189661425349,0.08658408208043407,0.06899124209945576
20240814,kanga,MC_withKoala,0.6820809248554913,19,leader,0.5,1.1358024691358024,92.0,81.0,1.1571428571428573,13,3.6,4.351619901978262,0.8362404352118313,5.203790343952856,0.03656823447040557,0.11615660582215476,0.38119025606603585,0.09854783275302333,0.6251268934657147,2.6687888129977875,0.1649189661425349,0.08658408208043407,0.06899124209945576
20240814,kanga,MC_withKoala,0.6820809248554913,19,leader,0.5,1.1358024691358024,92.0,81.0,1.1571428571428573,14,5.266666666666667,2.976980324124797,0.4134258619824549,7.200759792456174,0.025016641379199976,0.14301153343000983,0.31438422211446887,0.03129164704399696,0.46684209886612554,3.0090845638538033,0.1649189661425349,0.08658408208043407,0.06899124209945576
20240814,kanga,MC_withKoala,0.6820809248554913,19,leader,0.5,1.1358024691358024,92.0,81.0,1.1571428571428573,15,3.1333333333333333,1.6398909859697333,0.14322587698580078,11.449683677847613,0.01378059652075406,0.14009457068924697,0.12911259306743975,0.005843133435020669,0.6789817332646885,7.628472758853575,0.1649189661425349,0.08658408208043407,0.06899124209945576
20240814,kanga,MC_withKoala,0.6820809248554913,19,leader,0.5,1.1358024691358024,92.0,81.0,1.1571428571428573,16,2.1,1.9754985999092562,0.35190543627063553,5.613720040374665,0.01660082857066602,0.11259797306986218,0.20131547968661187,0.008551477365000833,1.479921546145035,5.070299578000883,0.1649189661425349,0.08658408208043407,0.06899124209945576
20240814,kanga,MC_withKoala,0.6820809248554913,19,leader,0.5,1.1358024691358024,92.0,81.0,1.1571428571428573,17,1.9,1.6722188271869598,0.2022170158126642,8.269426885105057,0.01405225905199126,0.14723572996738202,0.1717164563006635,0.008929554373224983,0.6388832350590573,5.247343895420862,0.1649189661425349,0.08658408208043407,0.06899124209945576
20240814,kanga,MC_withKoala,0.6820809248554913,19,leader,0.5,1.1358024691358024,92.0,81.0,1.1571428571428573,18,2.4,2.134013106701055,0.5067856722194923,4.2108789251184655,0.017932883249588697,0.15463687022600883,0.15636280370366407,0.006380174696425421,0.89799570426329,6.9547100841060265,0.1649189661425349,0.08658408208043407,0.06899124209945576
20240814,kanga,MC_withKoala,0.6820809248554913,19,leader,0.5,1.1358024691358024,92.0,81.0,1.1571428571428573,19,2.066666666666667,2.9294914786633073,0.8092229288352485,3.620129106919719,0.024617575450952164,0.0952723413024993,0.3135360785788607,0.019514803147383936,0.9618346996621439,3.3604976540918434,0.1649189661425349,0.08658408208043407,0.06899124209945576
20240814,kanga,MC_withKoala,0.6820809248554913,19,leader,0.5,1.1358024691358024,92.0,81.0,1.1571428571428573,20,3.033333333333333,2.4810094413657904,0.36497686300967164,6.79771704131296,0.020848818835006642,0.1383106086382915,0.1738534371944596,0.014344391711568668,0.7796877024218902,5.93186201626356,0.1649189661425349,0.08658408208043407,0.06899124209945576
20240814,kanga,MC_withKoala,0.6820809248554913,19,leader,0.5,1.1358024691358024,92.0,81.0,1.1571428571428573,21,3.8333333333333335,2.477713225354209,0.5932800534325058,4.176296187641989,0.020821119540791674,0.13210619459459544,0.19610551136918344,0.009673739801997936,0.9649739042336966,4.907613546233323,0.1649189661425349,0.08658408208043407,0.06899124209945576
20240814,kanga,MC_withKoala,0.6820809248554913,19,leader,0.5,1.1358024691358024,92.0,81.0,1.1571428571428573,22,3.2666666666666666,3.1158211771349715,0.5735446963697768,5.432569068908508,0.026183371236428332,0.1274885138548392,0.23842442111749368,0.03752707605919776,0.6864471761967823,4.4422369236610875,0.1649189661425349,0.08658408208043407,0.06899124209945576
20240814,kanga,MC_withKoala,0.6820809248554913,19,leader,0.5,1.1358024691358024,92.0,81.0,1.1571428571428573,23,1.1333333333333333,2.7696562261967252,0.45921626407827515,6.031267711643216,0.023274422068880044,0.124963701769773,0.2523604754775823,0.026668542860525706,0.5307045374920392,3.8113052617142626,0.1649189661425349,0.08658408208043407,0.06899124209945576
20240814,kanga,MC_withKoala,0.6820809248554913,19,leader,0.5,1.1358024691358024,92.0,81.0,1.1571428571428573,24,3.1333333333333333,2.315204013702343,0.27048815886331967,8.559354403651504,0.019455495913465067,0.13639238827575662,0.2678485678101587,0.018715343147322833,0.7337826825729752,3.5046015407767115,0.1649189661425349,0.08658408208043407,0.06899124209945576
20240814,kanga,MC_withKoala,0.6820809248554913,19,leader,0.5,1.1358024691358024,92.0,81.0,1.1571428571428573,25,3.466666666666667,3.0603042014985573,0.8798312252681146,3.4782855093213794,0.025716842029399643,0.08511372678233596,0.30699781636415957,0.018301927488777365,0.9614820251091777,3.1747030990718947,0.1649189661425349,0.08658408208043407,0.06899124209945576
20240814,kanga,MC_withKoala,0.6820809248554913,19,leader,0.5,1.1358024691358024,92.0,81.0,1.1571428571428573,26,3.0,3.6943312977688594,0.8715673748857903,4.238721416405659,0.031044800821587053,0.09769060465804222,0.4277844156717482,0.091463523089062,0.35124591672209554,2.3167239931431833,0.1649189661425349,0.08658408208043407,0.06899124209945576
20240814,kanga,MC_withKoala,0.6820809248554913,19,leader,0.5,1.1358024691358024,92.0,81.0,1.1571428571428573,27,3.433333333333333,2.495264061531923,0.1865596140141687,13.3751566474747,0.020968605559091788,0.11709856613438734,0.34976389974814487,0.03423152524365736,0.17777660041501658,2.8701151504764035,0.1649189661425349,0.08658408208043407,0.06899124209945576
20240814,kanga,MC_withKoala,0.6820809248554913,19,leader,0.5,1.1358024691358024,92.0,81.0,1.1571428571428573,28,4.0,2.923570731901098,0.3193419704795855,9.154984318254504,0.02456782127647982,0.10653081199107087,0.2665099918728673,0.04601630868552038,0.29547475977592536,3.73391368779215,0.1649189661425349,0.08658408208043407,0.06899124209945576
20240814,kanga,MC_withKoala,0.6820809248554913,19,leader,0.5,1.1358024691358024,92.0,81.0,1.1571428571428573,29,3.7666666666666666,3.095851479918226,0.3384888198041766,9.14609670626417,0.02601555865477501,0.11437450167883202,0.31121502454277333,0.043463302304432065,0.675765907856776,3.1077086762183463,0.1649189661425349,0.08658408208043407,0.06899124209945576
20240814,kanga,MC_withKoala,0.6820809248554913,19,leader,0.5,1.1358024691358024,92.0,81.0,1.1571428571428573,30,2.933333333333333,3.2118969880047703,0.5193986652722764,6.1838760912507285,0.026990730991636725,0.0893508736664263,0.37720594160402426,0.03849422990853101,0.41142276755407686,2.6104445120256243,0.1649189661425349,0.08658408208043407,0.06899124209945576
20240814,kanga,MC_withKoala,0.6820809248554913,19,leader,0.5,1.1358024691358024,92.0,81.0,1.1571428571428573,31,4.166666666666667,3.4338258330767166,0.588998617523163,5.829938697507517,0.02885567926955224,0.1063187040076044,0.28843351674317863,0.023257043853045854,0.7428933036668339,3.8206521157231914,0.1649189661425349,0.08658408208043407,0.06899124209945576
20240814,kanga,MC_withKoala,0.6820809248554913,19,leader,0.5,1.1358024691358024,92.0,81.0,1.1571428571428573,32,4.333333333333333,2.782474797649227,0.4816936731398687,5.776440407680596,0.02338214115671619,0.10003538521402901,0.2554637862875485,0.041013169819794804,0.8130251159978177,3.67271671382199,0.1649189661425349,0.08658408208043407,0.06899124209945576
20240814,kanga,MC_withKoala,0.6820809248554913,19,leader,0.5,1.1358024691358024,92.0,81.0,1.1571428571428573,33,3.3666666666666667,2.9446729249163335,0.6345641666155272,4.640465188291142,0.02474515062954902,0.08723392034583992,0.3429884666807862,0.04436570453570131,0.534257767251842,2.8168817224171585,0.1649189661425349,0.08658408208043407,0.06899124209945576
20240814,kanga,MC_withKoala,0.6820809248554913,19,leader,0.5,1.1358024691358024,92.0,81.0,1.1571428571428573,34,3.933333333333333,2.771629027481312,0.3273989267585071,8.465602055945938,0.02329100023093539,0.12597595191611974,0.2600178857776956,0.019286854310069428,0.5018133404460347,3.6095728203244626,0.1649189661425349,0.08658408208043407,0.06899124209945576
20240814,kanga,MC_withKoala,0.6820809248554913,19,leader,0.5,1.1358024691358024,92.0,81.0,1.1571428571428573,35,3.6333333333333333,3.215414968718168,0.32519783552114057,9.887565713853403,0.02702029385477452,0.1300307471058807,0.25867646729318167,0.014387473056095957,0.5211612493275058,3.7655604865214123,0.1649189661425349,0.08658408208043407,0.06899124209945576
20240814,kanga,MC_withKoala,0.6820809248554913,19,leader,0.5,1.1358024691358024,92.0,81.0,1.1571428571428573,36,3.7333333333333334,3.7234970556081644,0.8545343872625989,4.3573402207206104,0.03128989122359802,0.08085467501280084,0.39690896253205193,0.0710072576089546,0.6816106626746862,2.588168500166624,0.1649189661425349,0.08658408208043407,0.06899124209945576
20240814,kanga,MC_withKoala,0.6820809248554913,19,leader,0.5,1.1358024691358024,92.0,81.0,1.1571428571428573,37,3.6,3.806154075675375,0.4679659084371848,8.133400333341326,0.03198448803088551,0.10870165397885112,0.329375177018231,0.07617615192238975,0.7013611813580529,2.9669686174969696,0.1649189661425349,0.08658408208043407,0.06899124209945576
20240814,kanga,MC_withKoala,0.6820809248554913,19,leader,0.5,1.1358024691358024,92.0,81.0,1.1571428571428573,38,3.3666666666666667,3.8773552315392554,0.47817930355621946,8.108580197225946,0.032582817071758446,0.0908555656600168,0.4324677960147888,0.051757978134606,0.5225522031035681,2.0722552541974086,0.1649189661425349,0.08658408208043407,0.06899124209945576
20240814,kanga,MC_withKoala,0.6820809248554913,19,leader,0.5,1.1358024691358024,92.0,81.0,1.1571428571428573,39,4.833333333333333,4.757058271154304,1.1186607641850987,4.252458317530818,0.03997527958953197,0.0998168402900003,0.46800706184065144,0.14076898658404086,0.45079446823083047,2.027978199279304,0.1649189661425349,0.08658408208043407,0.06899124209945576
20240814,kanga,MC_withKoala,0.6820809248554913,19,leader,0.5,1.1358024691358024,92.0,81.0,1.1571428571428573,40,2.966666666666667,4.822763307396721,1.0976478542940022,4.393725445305663,0.040527422751232944,0.11774143428719337,0.36925083229669053,0.055434981414112176,0.5094214512549962,2.764468279774721,0.1649189661425349,0.08658408208043407,0.06899124209945576
20240814,kanga,MC_withKoala,0.6820809248554913,19,leader,0.5,1.1358024691358024,92.0,81.0,1.1571428571428573,41,3.1333333333333333,4.047342455527335,1.0918306564686746,3.7069324180891936,0.03401128113888517,0.11698001576522464,0.30833060751257313,0.05632347822654036,0.6222448122834797,3.2302150193543295,0.1649189661425349,0.08658408208043407,0.06899124209945576
20240814,kanga,MC_withKoala,0.6820809248554913,19,leader,0.5,1.1358024691358024,92.0,81.0,1.1571428571428573,42,3.1,2.2190939852838683,0.7321910536505024,3.0307581255193963,0.018647848615830825,0.13913400969423315,0.22775072876716737,0.018844568309051065,1.0381314730590654,4.550077411259366,0.1649189661425349,0.08658408208043407,0.06899124209945576
20240814,kanga,MC_withKoala,0.6820809248554913,19,leader,0.5,1.1358024691358024,92.0,81.0,1.1571428571428573,43,3.2666666666666666,3.07963415033857,0.40961162974463033,7.518424592237646,0.025879278574273697,0.1065710534328008,0.37560265578798985,0.07482519452531954,0.2996561751551216,2.499358773525929,0.1649189661425349,0.08658408208043407,0.06899124209945576
20240814,kanga,MC_withKoala,0.6820809248554913,19,leader,0.5,1.1358024691358024,92.0,81.0,1.1571428571428573,44,3.0,4.202724980707051,1.5266415202390005,2.7529219695591016,0.03531701664459706,0.11829856186041691,0.3742926729210504,0.12062730651166306,0.6463059930174674,2.805677632387226,0.1649189661425349,0.08658408208043407,0.06899124209945576
20240814,kanga,MC_withKoala,0.6820809248554913,19,leader,0.5,1.1358024691358024,92.0,81.0,1.1571428571428573,45,3.1,3.3306966533073514,0.1815019186471655,18.350751761374653,0.027989047506784465,0.12386876771740128,0.36057542529145814,0.07475109872927425,0.04269271393562833,2.5226655032634007,0.1649189661425349,0.08658408208043407,0.06899124209945576
20240814,kanga,MC_withKoala,0.6820809248554913,19,leader,0.5,1.1358024691358024,92.0,81.0,1.1571428571428573,46,4.466666666666667,3.768963900561632,0.9748550531966169,3.8661787598094093,0.03167196555093808,0.10371538715291208,0.38238269386349505,0.05383564682476001,0.6744710878745319,2.4878101016945378,0.1649189661425349,0.08658408208043407,0.06899124209945576
20240814,kanga,MC_withKoala,0.6820809248554913,19,leader,0.5,1.1358024691358024,92.0,81.0,1.1571428571428573,47,2.7666666666666666,4.475944544244912,0.7675727298582361,5.8312969835074515,0.037612979363402625,0.08596915466949724,0.4517315152991044,0.085277286489048,0.5180268136383104,2.041621492734532,0.1649189661425349,0.08658408208043407,0.06899124209945576
20240814,kanga,MC_withKoala,0.6820809248554913,19,leader,0.5,1.1358024691358024,92.0,81.0,1.1571428571428573,48,2.3,4.197183855076899,0.9665389727622504,4.342487963089434,0.03527045256367142,0.10254584404039148,0.4360906130819636,0.08857402518731575,0.6553535038433359,2.303589247972243,0.1649189661425349,0.08658408208043407,0.06899124209945576
20240814,kanga,MC_withKoala,0.6820809248554913,19,leader,0.5,1.1358024691358024,92.0,81.0,1.1571428571428573,49,3.2333333333333334,4.059774688379347,0.7248728343996838,5.600671587784803,0.034115753683860064,0.09873245182278241,0.413957545251386,0.06151582162749251,0.48406231154764384,2.234893878266975,0.1649189661425349,0.08658408208043407,0.06899124209945576
20240814,kanga,MC_withKoala,0.6820809248554913,19,leader,0.5,1.1358024691358024,92.0,81.0,1.1571428571428573,50,1.6333333333333333,2.5778684183990883,0.8318438143755772,3.098981291739439,0.021662759818479732,0.1411267595552075,0.19214367664741527,0.019189289743290122,1.114412062608581,5.547192291680307,0.1649189661425349,0.08658408208043407,0.06899124209945576
20240814,kanga,MC_withKoala,0.6820809248554913,19,leader,0.5,1.1358024691358024,92.0,81.0,1.1571428571428573,51,1.5666666666666667,3.99309197420529,0.49285350724297494,8.101985509939185,0.03355539474122093,0.12526627137556637,0.36101572537966514,0.053230836847186186,0.4254811397683113,2.9229183589411094,0.1649189661425349,0.08658408208043407,0.06899124209945576
20240814,kanga,MC_withKoala,0.6820809248554913,19,leader,0.5,1.1358024691358024,92.0,81.0,1.1571428571428573,52,3.6333333333333333,2.9154739876758495,0.6138876348726403,4.749198097597626,0.02449978140904075,0.11070776195117296,0.2735894047097715,0.03524781740537509,0.7572787582165681,3.5924307972346066,0.1649189661425349,0.08658408208043407,0.06899124209945576
20240814,kanga,MC_withKoala,0.6820809248554913,19,leader,0.5,1.1358024691358024,92.0,81.0,1.1571428571428573,53,3.8333333333333335,3.102402234911271,0.6800939903796478,4.561725700854115,0.0260706070160611,0.1291847971462486,0.2480485610175373,0.02380177488592056,0.8862619070994889,4.179269067804457,0.1649189661425349,0.08658408208043407,0.06899124209945576
20240814,kanga,MC_withKoala,0.6820809248554913,19,leader,0.5,1.1358024691358024,92.0,81.0,1.1571428571428573,54,3.3,3.487475815754559,0.76003021151777,4.588601562022275,0.029306519460122343,0.10559170723596924,0.32083820247827205,0.053752950487124494,0.7197236780268885,3.104632224814996,0.1649189661425349,0.08658408208043407,0.06899124209945576
20240814,kanga,MC_withKoala,0.6820809248554913,19,leader,0.5,1.1358024691358024,92.0,81.0,1.1571428571428573,55,3.3666666666666667,4.455839717679966,1.140221319290353,3.9078726579618563,0.03744403124100812,0.12265003687510834,0.3876862075413677,0.10464584955897814,0.588400942002109,2.605038383388287,0.1649189661425349,0.08658408208043407,0.06899124209945576
20240814,kanga,MC_withKoala,0.6820809248554913,19,leader,0.5,1.1358024691358024,92.0,81.0,1.1571428571428573,56,1.2,3.436466939562294,0.31369313080994515,10.954868315699013,0.02887787344169995,0.12506668005080268,0.2532860371172909,0.05434752674203289,0.5466561988433294,4.1397638560436505,0.1649189661425349,0.08658408208043407,0.06899124209945576
20240814,kanga,MC_withKoala,0.6820809248554913,19,leader,0.5,1.1358024691358024,92.0,81.0,1.1571428571428573,57,3.1333333333333333,3.4963893264535972,0.7988208596612943,4.376937938170632,0.029381422911374768,0.12628296418163518,0.29092126421115766,0.03164163302758413,0.7581652216847402,3.641976717108558,0.1649189661425349,0.08658408208043407,0.06899124209945576
20240814,kanga,MC_withKoala,0.6820809248554913,19,leader,0.5,1.1358024691358024,92.0,81.0,1.1571428571428573,58,3.2666666666666666,2.966940495478333,0.7006703790654472,4.234431173522181,0.024932273071246496,0.1365895016402231,0.2479709605909187,0.0416198891804728,0.671506273343051,4.037098809195416,0.1649189661425349,0.08658408208043407,0.06899124209945576
20240814,kanga,MC_withKoala,0.6820809248554913,19,leader,0.5,1.1358024691358024,92.0,81.0,1.1571428571428573,59,3.466666666666667,2.641066806487719,0.5335445275303669,4.950040100144036,0.022193838709980835,0.1338222261954317,0.2207338559127106,0.021169282796108104,0.665989947151298,4.28086520962494,0.1649189661425349,0.08658408208043407,0.06899124209945576
20240814,kanga,MC_withKoala,0.6820809248554913,19,leader,0.5,1.1358024691358024,92.0,81.0,1.1571428571428573,60,3.7,2.630576696645623,0.5692020979225958,4.621516164902379,0.022105686526433806,0.11853256534844919,0.19386813205085807,0.011149930198068692,0.9239556954083745,5.1902728021579385,0.1649189661425349,0.08658408208043407,0.06899124209945576
20240814,kanga,MC_withKoala,0.6820809248554913,19,leader,0.5,1.1358024691358024,92.0,81.0,1.1571428571428573,61,4.833333333333333,2.61472617207702,0.364353330962459,7.176347654542034,0.02197248884098336,0.13494460995615196,0.18448348267721126,0.011845084932722324,0.6766039398962076,6.031422868330715,0.1649189661425349,0.08658408208043407,0.06899124209945576
20240814,kanga,MC_withKoala,0.6820809248554913,19,leader,0.5,1.1358024691358024,92.0,81.0,1.1571428571428573,62,2.933333333333333,2.276411004538026,0.5747399813051771,3.9607667442388883,0.019129504239815343,0.12728889148888725,0.18603852510802835,0.014675729769818456,1.213967706004344,5.787062404342936,0.1649189661425349,0.08658408208043407,0.06899124209945576
20240814,kanga,MC_withKoala,0.6820809248554913,19,leader,0.5,1.1358024691358024,92.0,81.0,1.1571428571428573,63,2.1333333333333333,2.5485725019492307,0.5877685516293525,4.3360137164268755,0.02141657564663219,0.10840969426898518,0.26031746932591004,0.021108353590046487,0.9698175105026005,3.7172752730943195,0.1649189661425349,0.08658408208043407,0.06899124209945576
20240814,kanga,MC_withKoala,0.6820809248554913,19,leader,0.5,1.1358024691358024,92.0,81.0,1.1571428571428573,64,2.0,3.3179409258152393,0.7195774205816543,4.610957529953144,0.02788185651945579,0.12187869140952898,0.2408138817049342,0.03291888048891705,0.6416372557210112,4.222199604174163,0.1649189661425349,0.08658408208043407,0.06899124209945576
20240814,kanga,MC_withKoala,0.6820809248554913,19,leader,0.5,1.1358024691358024,92.0,81.0,1.1571428571428573,65,1.4333333333333333,3.5231127310117136,0.561482621878657,6.274660325592587,0.029605989336232888,0.11112767726067534,0.3270035288016988,0.07436812142087845,0.2073978203983256,2.7879029510602953,0.1649189661425349,0.08658408208043407,0.06899124209945576
20240814,kanga,MC_withKoala,0.6820809248554913,19,leader,0.5,1.1358024691358024,92.0,81.0,1.1571428571428573,66,3.0,3.7885349466829332,0.7528037057787141,5.032566813368702,0.031836428123385996,0.11630949517335976,0.3111992948227831,0.05671109059462011,0.7675104874747243,2.939128903082926,0.1649189661425349,0.08658408208043407,0.06899124209945576
20240814,kanga,MC_withKoala,0.6820809248554913,19,leader,0.5,1.1358024691358024,92.0,81.0,1.1571428571428573,67,2.966666666666667,2.410331625254785,0.167383699449037,14.400037955838432,0.020254887607183067,0.11067079265223574,0.2606068101830295,0.022570923601159948,0.3603526929547428,3.3254385824607477,0.1649189661425349,0.08658408208043407,0.06899124209945576
20240814,kanga,MC_withKoala,0.6820809248554913,19,leader,0.5,1.1358024691358024,92.0,81.0,1.1571428571428573,68,3.3333333333333335,3.455019199078606,0.7490743985654644,4.612384571806533,0.02903377478217316,0.13267422711118138,0.32066057298216755,0.048708577652418664,0.9043067548472491,3.265574037498584,0.1649189661425349,0.08658408208043407,0.06899124209945576
20240814,kanga,MC_withKoala,0.6820809248554913,19,leader,0.5,1.1358024691358024,92.0,81.0,1.1571428571428573,69,3.3666666666666667,2.8276203045417874,0.45281043897555906,6.244600524093507,0.0237615151642167,0.13157967164849138,0.19753565845414475,0.014125882482740803,0.780227317300121,4.956809339138365,0.1649189661425349,0.08658408208043407,0.06899124209945576
20240814,kanga,MC_withKoala,0.6820809248554913,19,leader,0.5,1.1358024691358024,92.0,81.0,1.1571428571428573,70,3.3,2.5466258718075396,0.386618246679222,6.586926234551161,0.02140021741014739,0.11534207500610633,0.2563050891481111,0.015957410750869688,0.6735260246719504,3.7011635691825933,0.1649189661425349,0.08658408208043407,0.06899124209945576
20240814,kanga,MC_withKoala,0.6820809248554913,19,leader,0.5,1.1358024691358024,92.0,81.0,1.1571428571428573,71,3.3666666666666667,3.303226629835003,0.8024434413908351,4.1164603752130935,0.027758206973403386,0.13408335668687466,0.2575217659595381,0.02508327631430238,0.8017956856918279,4.045295724480025,0.1649189661425349,0.08658408208043407,0.06899124209945576
20240814,kanga,MC_withKoala,0.6820809248554913,19,leader,0.5,1.1358024691358024,92.0,81.0,1.1571428571428573,72,3.966666666666667,3.894514855481058,1.044778209673559,3.7275996181982967,0.0327270155922778,0.13159082953256218,0.34614071877910174,0.0855062495944741,0.521372873981368,3.2181167432967888,0.1649189661425349,0.08658408208043407,0.06899124209945576
20240814,kanga,MC_withKoala,0.6820809248554913,19,leader,0.5,1.1358024691358024,92.0,81.0,1.1571428571428573,73,1.2333333333333334,3.205522867893234,0.8698767062404575,3.685031275003633,0.026937166957086,0.13058823842445158,0.22083973318651104,0.01661558715339524,0.7800873975379391,4.812276374684002,0.1649189661425349,0.08658408208043407,0.06899124209945576
20240814,kanga,MC_withKoala,0.6820809248554913,19,leader,0.5,1.1358024691358024,92.0,81.0,1.1571428571428573,74,1.8333333333333333,3.0131575755863556,0.2786046523254008,10.815173222832938,0.02532065189568366,0.13628549313011704,0.20400273229356145,0.014320218684247495,0.7078247971905736,4.6852959289624705,0.1649189661425349,0.08658408208043407,0.06899124209945576
20240814,kanga,MC_withKoala,0.6820809248554913,19,leader,0.5,1.1358024691358024,92.0,81.0,1.1571428571428573,75,1.1333333333333333,3.3637276160392884,0.4425899451672934,7.600099488857213,0.028266618622178896,0.1333410318899556,0.2392875490519468,0.03291211692902745,0.8371219240195008,4.07453801904212,0.1649189661425349,0.08658408208043407,0.06899124209945576
20240814,kanga,MC_withKoala,0.6820809248554913,19,leader,0.5,1.1358024691358024,92.0,81.0,1.1571428571428573,76,3.7666666666666666,4.334814342785542,1.2254990913997248,3.53718282878077,0.03642701128391212,0.11540061120380386,0.351457287945855,0.057482225492689436,0.65272846211097,2.7722081467919177,0.1649189661425349,0.08658408208043407,0.06899124209945576
20240814,kanga,MC_withKoala,0.6820809248554913,19,leader,0.5,1.1358024691358024,92.0,81.0,1.1571428571428573,77,1.8666666666666667,2.878680411241434,0.32955294433704907,8.73510754708134,0.024190591691104487,0.12330898312698106,0.24535283556635998,0.03816539998269913,0.6559029183179719,4.153417080722111,0.1649189661425349,0.08658408208043407,0.06899124209945576
20240814,kanga,MC_withKoala,0.6820809248554913,19,leader,0.5,1.1358024691358024,92.0,81.0,1.1571428571428573,78,2.3333333333333335,3.282735837966035,1.0520213873691986,3.1204078903521233,0.027586015445092732,0.12231411135571889,0.25890470976562585,0.03950674561380977,0.7323812393225528,3.7368083269215795,0.1649189661425349,0.08658408208043407,0.06899124209945576
20240814,kanga,MC_withKoala,0.6820809248554913,19,leader,0.5,1.1358024691358024,92.0,81.0,1.1571428571428573,79,2.3333333333333335,2.7347246902631337,0.30343427374483045,9.01257678149723,0.02298087975011037,0.11417946841601245,0.25535268523290117,0.016640369268105505,0.6669123468536134,4.167459202693921,0.1649189661425349,0.08658408208043407,0.06899124209945576
20240814,kanga,MC_withKoala,0.6820809248554913,19,leader,0.5,1.1358024691358024,92.0,81.0,1.1571428571428573,80,3.7,2.713624598304393,0.3301613860323279,8.219085311323132,0.02280356805297809,0.13500245839606861,0.17814470423653642,0.011350147616681659,0.7425202394751712,5.593004590319174,0.1649189661425349,0.08658408208043407,0.06899124209945576
20240814,kanga,MC_withKoala,0.6820809248554913,19,leader,0.5,1.1358024691358024,92.0,81.0,1.1571428571428573,81,3.066666666666667,3.6628917279789546,0.9769242121818986,3.7494123723252972,0.03078060275612567,0.12872856562447166,0.2541191181568997,0.0399564979212022,0.6839001529396799,4.026243559855833,0.1649189661425349,0.08658408208043407,0.06899124209945576
20240814,kanga,MC_withKoala,0.6820809248554913,19,leader,0.5,1.1358024691358024,92.0,81.0,1.1571428571428573,82,3.1333333333333333,2.502604305279937,0.42460270880642265,5.893990437119138,0.02103028827966334,0.11242379222307657,0.21445634903037825,0.01930588024970367,0.9842737684086327,4.565608547355523,0.1649189661425349,0.08658408208043407,0.06899124209945576
20240814,kanga,MC_withKoala,0.6820809248554913,19,leader,0.5,1.1358024691358024,92.0,81.0,1.1571428571428573,83,3.8333333333333335,2.461415175789477,0.684934401370485,3.593650969880374,0.02068416114108804,0.10623314230928965,0.2308931891506735,0.0214148895065522,1.0589506014409646,4.43243988887753,0.1649189661425349,0.08658408208043407,0.06899124209945576
20240814,kanga,MC_withKoala,0.6820809248554913,19,leader,0.5,1.1358024691358024,92.0,81.0,1.1571428571428573,84,1.2333333333333334,3.277529502682878,0.30075827258467736,10.89755395426439,0.027542264728427544,0.12054929173817963,0.32348348735783133,0.02292374673575109,0.47172348888297766,2.8787466338903562,0.1649189661425349,0.08658408208043407,0.06899124209945576
20240814,kanga,MC_withKoala,0.6820809248554913,19,leader,0.5,1.1358024691358024,92.0,81.0,1.1571428571428573,85,3.066666666666667,3.1550634178667476,0.3471477467319672,9.088532037348271,0.026513137965266786,0.1446153361120737,0.2677159884358165,0.02684130069155805,0.4902905375515238,3.3030676222746833,0.1649189661425349,0.08658408208043407,0.06899124209945576
20240814,kanga,MC_withKoala,0.6820809248554913,19,leader,0.5,1.1358024691358024,92.0,81.0,1.1571428571428573,86,3.1666666666666665,2.478534109869935,0.3318932044525785,7.467866399849933,0.020828017729999454,0.1370659609915059,0.2044036209498762,0.012746881975623597,0.77963276596029,4.86347808695104,0.1649189661425349,0.08658408208043407,0.06899124209945576
20240814,kanga,MC_withKoala,0.6820809248554913,19,leader,0.5,1.1358024691358024,92.0,81.0,1.1571428571428573,87,1.9333333333333333,2.6526193683117416,0.41307743135595026,6.421603232121317,0.022290919061443207,0.13588834499897137,0.18801378868350793,0.021671467942484222,0.5574390796017716,5.138721012057465,0.1649189661425349,0.08658408208043407,0.06899124209945576
20240814,kanga,MC_withKoala,0.6820809248554913,19,leader,0.5,1.1358024691358024,92.0,81.0,1.1571428571428573,88,2.466666666666667,2.5431332335895998,0.28789317628836714,8.833600248455628,0.0213708675091563,0.12197212861529365,0.2933862055126494,0.014270743702555991,0.2681317319663324,3.6758241164429455,0.1649189661425349,0.08658408208043407,0.06899124209945576
20240814,kanga,MC_withKoala,0.6820809248554913,19,leader,0.5,1.1358024691358024,92.0,81.0,1.1571428571428573,89,3.6,2.503145246443767,0.503351600645252,4.972955769356763,0.021034834003729134,0.1351253856233064,0.24627960095320275,0.022076877486419264,0.612866564828105,4.291139915224967,0.1649189661425349,0.08658408208043407,0.06899124209945576
20240814,kanga,MC_withKoala,0.6820809248554913,19,leader,0.5,1.1358024691358024,92.0,81.0,1.1571428571428573,90,3.4,3.313127224260908,0.7300375826068283,4.538296798954305,0.027841405245889985,0.0901015822989482,0.3279775313098787,0.03482896744171961,0.7715389898408329,2.9328532186337624,0.1649189661425349,0.08658408208043407,0.06899124209945576
20240814,kanga,MC_withKoala,0.6820809248554913,19,leader,0.5,1.1358024691358024,92.0,81.0,1.1571428571428573,91,4.5,3.793708294298074,0.5800488911110739,6.54032505265425,0.031879901632756925,0.10964097606235418,0.38333263287431085,0.09031168581973602,0.3742756796211298,2.5800085795734344,0.1649189661425349,0.08658408208043407,0.06899124209945576
20240815,kanga,MC_withKoala,0.7230769230769231,20,leader,0.5,1.2413793103448276,72.0,58.0,0.935483870967742,0,15.3,2.993605430022695,0.41651708296623635,7.187233255125245,0.025156348151451218,0.09904510537621707,0.28159623736464273,0.020965934786834423,0.7191601198193136,3.4332720349059755,0.22494946707924393,0.08018125367351128,0.07441358616419894
20240815,kanga,MC_withKoala,0.7230769230769231,20,leader,0.5,1.2413793103448276,72.0,58.0,0.935483870967742,1,2.066666666666667,3.3161426954166546,1.1961041780102866,2.7724530658634112,0.027866745339635752,0.10385373685205086,0.3152251682566792,0.02925551947165316,0.829478364816029,3.2915860745347025,0.22494946707924393,0.08018125367351128,0.07441358616419894
20240815,kanga,MC_withKoala,0.7230769230769231,20,leader,0.5,1.2413793103448276,72.0,58.0,0.935483870967742,2,1.6333333333333333,3.0679111514455637,0.2570820747867317,11.93358640033779,0.02578076597853415,0.08579977360102646,0.26782304402929186,0.013614338847995242,0.4860166641298879,3.607282387417286,0.22494946707924393,0.08018125367351128,0.07441358616419894
20240815,kanga,MC_withKoala,0.7230769230769231,20,leader,0.5,1.2413793103448276,72.0,58.0,0.935483870967742,3,3.433333333333333,2.1141828388183375,0.2868600791477778,7.370083857953629,0.01776624234301124,0.13931856114536018,0.17343570716024265,0.007329724589697316,0.7938097141597136,5.462665863289167,0.22494946707924393,0.08018125367351128,0.07441358616419894
20240815,kanga,MC_withKoala,0.7230769230769231,20,leader,0.5,1.2413793103448276,72.0,58.0,0.935483870967742,4,5.6,3.7666331820951426,1.2573994888790891,2.9955739726384922,0.03165237968147179,0.1181040864578067,0.3966113347626953,0.04313989352972432,0.7299943943471441,2.828759679259907,0.22494946707924393,0.08018125367351128,0.07441358616419894
20240815,kanga,MC_withKoala,0.7230769230769231,20,leader,0.5,1.2413793103448276,72.0,58.0,0.935483870967742,5,2.3,3.7942471709976973,0.5385645549167306,7.045111187431076,0.031884430008384014,0.1126492807452917,0.3505335622121966,0.024671859598989678,0.7203528885362859,2.6863739599314638,0.22494946707924393,0.08018125367351128,0.07441358616419894
20240815,kanga,MC_withKoala,0.7230769230769231,20,leader,0.5,1.2413793103448276,72.0,58.0,0.935483870967742,6,2.533333333333333,2.6754379275400093,0.24297088132682346,11.011352113182818,0.022482671660000078,0.15361469384400314,0.2163379662391454,0.013370997717780702,0.16988569590197916,4.273381434484863,0.22494946707924393,0.08018125367351128,0.07441358616419894
20240815,kanga,MC_withKoala,0.7230769230769231,20,leader,0.5,1.2413793103448276,72.0,58.0,0.935483870967742,7,2.2333333333333334,3.680378425738863,1.1976187599158759,3.0730801394572205,0.030927549796124897,0.11495173937781362,0.3856839333125113,0.03035498906955615,0.6952992509423566,2.738955745400121,0.22494946707924393,0.08018125367351128,0.07441358616419894
20240815,kanga,MC_withKoala,0.7230769230769231,20,leader,0.5,1.2413793103448276,72.0,58.0,0.935483870967742,8,2.8,2.691046327405303,0.36374058921508684,7.398256909442776,0.022613834684078175,0.11762273120397745,0.24476741126557028,0.012411192481512758,0.8227457368728769,3.8713209498168553,0.22494946707924393,0.08018125367351128,0.07441358616419894
20240815,kanga,MC_withKoala,0.7230769230769231,20,leader,0.5,1.2413793103448276,72.0,58.0,0.935483870967742,9,2.6,2.823725171053025,0.19956506768531157,14.149396003040353,0.02372878295002542,0.13460962853457778,0.22855665193883273,0.019624950118829115,0.1571690385147899,4.386849340499628,0.22494946707924393,0.08018125367351128,0.07441358616419894
20240815,kanga,MC_withKoala,0.7230769230769231,20,leader,0.5,1.2413793103448276,72.0,58.0,0.935483870967742,10,2.6333333333333333,3.586733854998779,1.136006258714892,3.1573187449303974,0.03014062063024184,0.1262042503063215,0.360844296961634,0.02921694895805022,0.7382634649382258,2.9845911195978476,0.22494946707924393,0.08018125367351128,0.07441358616419894
20240815,kanga,MC_withKoala,0.7230769230769231,20,leader,0.5,1.2413793103448276,72.0,58.0,0.935483870967742,11,3.7,3.683638829692373,0.5095939372929084,7.2285766374317415,0.030954948148675405,0.11073778974349016,0.3360901211155453,0.0397215310719197,0.6441221208285961,2.800902815202418,0.22494946707924393,0.08018125367351128,0.07441358616419894
20240815,kanga,MC_withKoala,0.7230769230769231,20,leader,0.5,1.2413793103448276,72.0,58.0,0.935483870967742,12,4.933333333333334,3.449484304199155,0.23988889206008532,14.379508257244183,0.028987263060497103,0.12919550279553793,0.29878272842513626,0.022754206868257503,0.2908463182141393,3.117381091359418,0.22494946707924393,0.08018125367351128,0.07441358616419894
20240815,kanga,MC_withKoala,0.7230769230769231,20,leader,0.5,1.2413793103448276,72.0,58.0,0.935483870967742,13,2.7666666666666666,3.543123076860854,0.8455976064763298,4.19008172412564,0.02977414350303239,0.12442056928728376,0.3091318073221879,0.03815167622455111,0.586620803153794,3.275329538743395,0.22494946707924393,0.08018125367351128,0.07441358616419894
20240815,kanga,MC_withKoala,0.7230769230769231,20,leader,0.5,1.2413793103448276,72.0,58.0,0.935483870967742,14,3.933333333333333,3.4363053068799156,0.6370605407958811,5.394001177010479,0.02887651518386484,0.14515296979019623,0.28008253183625903,0.040161655542860886,0.6205055307139652,3.5826272364345875,0.22494946707924393,0.08018125367351128,0.07441358616419894
20240815,kanga,MC_withKoala,0.7230769230769231,20,leader,0.5,1.2413793103448276,72.0,58.0,0.935483870967742,15,1.4,3.2958095591629433,0.27451099363041537,12.00611136033487,0.027695878648428096,0.14955287783363475,0.240226598798468,0.031790110045793685,0.2349605636480247,3.7370319572889517,0.22494946707924393,0.08018125367351128,0.07441358616419894
20240815,kanga,MC_withKoala,0.7230769230769231,20,leader,0.5,1.2413793103448276,72.0,58.0,0.935483870967742,16,3.3666666666666667,3.4350524128938877,0.33182933562922107,10.351864781274616,0.028865986662973846,0.1439052445012046,0.23959283158234115,0.02874521791209998,0.10587675952062896,4.207380979046576,0.22494946707924393,0.08018125367351128,0.07441358616419894
20240815,kanga,MC_withKoala,0.7230769230769231,20,leader,0.5,1.2413793103448276,72.0,58.0,0.935483870967742,17,1.6333333333333333,3.1818268737385504,0.4581789402726619,6.944507034402427,0.02673804095578614,0.1475914471431861,0.27995224849036915,0.02478357539060721,0.7071637231715452,3.281370647563506,0.22494946707924393,0.08018125367351128,0.07441358616419894
20240815,kanga,MC_withKoala,0.7230769230769231,20,leader,0.5,1.2413793103448276,72.0,58.0,0.935483870967742,18,4.866666666666666,2.545490732421412,0.25936422300641004,9.81434795792364,0.021390678423709345,0.13670813829006295,0.22377925498323872,0.014362861273750232,0.6013280545694302,3.991744647085653,0.22494946707924393,0.08018125367351128,0.07441358616419894
20240815,kanga,MC_withKoala,0.7230769230769231,20,leader,0.5,1.2413793103448276,72.0,58.0,0.935483870967742,19,1.2,2.9726220613486056,1.1230232297128624,2.6469818100812157,0.02498001732225719,0.10693076496580439,0.2724537480152603,0.01858878191161734,0.8666055240447782,3.533426565528298,0.22494946707924393,0.08018125367351128,0.07441358616419894
20240815,kanga,MC_withKoala,0.7230769230769231,20,leader,0.5,1.2413793103448276,72.0,58.0,0.935483870967742,20,1.6666666666666667,2.720315205727268,0.23371176267918517,11.63961614316105,0.022859791644766956,0.1608322188891645,0.18032536333701105,0.015822802181577188,0.4164934062921626,5.51732880237824,0.22494946707924393,0.08018125367351128,0.07441358616419894
20240815,kanga,MC_withKoala,0.7230769230769231,20,leader,0.5,1.2413793103448276,72.0,58.0,0.935483870967742,21,2.9,3.1195078235598768,1.175480502408408,2.653815028976157,0.02621435145848636,0.10352115353729577,0.3315184907602648,0.02372328456881588,0.9685288320478408,3.417065121129909,0.22494946707924393,0.08018125367351128,0.07441358616419894
20240815,kanga,MC_withKoala,0.7230769230769231,20,leader,0.5,1.2413793103448276,72.0,58.0,0.935483870967742,22,2.4,4.539226970687757,0.8686901982602223,5.225369158969144,0.038144764459560984,0.09579149967085705,0.45996860737033823,0.14008093080170672,0.5205213468266802,2.162138763932573,0.22494946707924393,0.08018125367351128,0.07441358616419894
20240815,kanga,MC_withKoala,0.7230769230769231,20,leader,0.5,1.2413793103448276,72.0,58.0,0.935483870967742,23,2.8,4.238166998629527,0.76893961047578,5.51170331309525,0.03561484872797922,0.08743731657036836,0.3996429971479067,0.05954165351511443,0.5259124730001363,2.4641528961066608,0.22494946707924393,0.08018125367351128,0.07441358616419894
20240815,kanga,MC_withKoala,0.7230769230769231,20,leader,0.5,1.2413793103448276,72.0,58.0,0.935483870967742,24,2.4,4.390938122002471,1.3501262284385123,3.252242664066165,0.03689863968069303,0.10618710954961764,0.4253013500343993,0.09384046411983149,0.674457536953553,2.2695028834773145,0.22494946707924393,0.08018125367351128,0.07441358616419894
20240815,kanga,MC_withKoala,0.7230769230769231,20,leader,0.5,1.2413793103448276,72.0,58.0,0.935483870967742,25,2.8666666666666667,3.806638609081596,0.9405445403765185,4.047270964496507,0.03198855974018148,0.10216759121155293,0.3493711831247995,0.06972005121004311,0.5544337295958853,2.7808800659328208,0.22494946707924393,0.08018125367351128,0.07441358616419894
20240815,kanga,MC_withKoala,0.7230769230769231,20,leader,0.5,1.2413793103448276,72.0,58.0,0.935483870967742,26,2.4,3.4986395928808944,0.8870682945812434,3.9440476164605687,0.02940033271328483,0.11155954295057621,0.3127020861951788,0.03762904601815488,0.6595968581906106,2.9186063524447894,0.22494946707924393,0.08018125367351128,0.07441358616419894
20240815,kanga,MC_withKoala,0.7230769230769231,20,leader,0.5,1.2413793103448276,72.0,58.0,0.935483870967742,27,3.066666666666667,3.6175997523177252,1.0581723005781132,3.41872467304362,0.030399997918636346,0.10222264163644877,0.3668584153428422,0.08831098114409475,0.7347332460671022,2.7902310489796287,0.22494946707924393,0.08018125367351128,0.07441358616419894
20240815,kanga,MC_withKoala,0.7230769230769231,20,leader,0.5,1.2413793103448276,72.0,58.0,0.935483870967742,28,1.5666666666666667,4.491825284241556,0.7624682579520705,5.891163648315333,0.03774643096001307,0.10675843019438111,0.3925408371022365,0.07007424957353063,0.4659080237954409,2.5468394383304416,0.22494946707924393,0.08018125367351128,0.07441358616419894
20240815,kanga,MC_withKoala,0.7230769230769231,20,leader,0.5,1.2413793103448276,72.0,58.0,0.935483870967742,29,3.1666666666666665,3.8529242254080565,1.2607323337064151,3.0561001113383686,0.032377514499227364,0.09842952776188742,0.3826729810467037,0.0467860524232557,0.7000182331741649,2.767111092250219,0.22494946707924393,0.08018125367351128,0.07441358616419894
20240815,kanga,MC_withKoala,0.7230769230769231,20,leader,0.5,1.2413793103448276,72.0,58.0,0.935483870967742,30,5.966666666666667,3.5600667271730853,1.1893164933702085,2.993372030925761,0.029916527119101557,0.08539305231856201,0.3660797519887581,0.06715928873247945,0.7361262678670968,2.711641306100178,0.22494946707924393,0.08018125367351128,0.07441358616419894
20240815,kanga,MC_withKoala,0.7230769230769231,20,leader,0.5,1.2413793103448276,72.0,58.0,0.935483870967742,31,2.433333333333333,2.5961391399376947,0.4767013369436983,5.446049630534845,0.021816295293594072,0.14069475326383435,0.2026596745704849,0.016277321704646602,0.7197982138777718,5.099981016647777,0.22494946707924393,0.08018125367351128,0.07441358616419894
20240815,kanga,MC_withKoala,0.7230769230769231,20,leader,0.5,1.2413793103448276,72.0,58.0,0.935483870967742,32,3.0,3.1775051509674883,0.6397025671345273,4.967160230731526,0.026701723957709984,0.09521813409126786,0.3076275064492637,0.04341029309999955,0.6728630032589964,3.2566308823981114,0.22494946707924393,0.08018125367351128,0.07441358616419894
20240815,kanga,MC_withKoala,0.7230769230769231,20,leader,0.5,1.2413793103448276,72.0,58.0,0.935483870967742,33,2.5,3.9825969463585817,0.7389814467382769,5.389305731472698,0.03346720122990405,0.08275166352946056,0.3705957986297251,0.03430810660362709,0.45675045579731305,2.7009838266693347,0.22494946707924393,0.08018125367351128,0.07441358616419894
20240815,kanga,MC_withKoala,0.7230769230769231,20,leader,0.5,1.2413793103448276,72.0,58.0,0.935483870967742,34,3.533333333333333,4.949483044759393,0.8220336404773607,6.021022499620811,0.04159229449377642,0.0845200212522394,0.48751497949506545,0.14816759876333982,0.5039529862861334,2.0613186049186694,0.22494946707924393,0.08018125367351128,0.07441358616419894
20240815,kanga,MC_withKoala,0.7230769230769231,20,leader,0.5,1.2413793103448276,72.0,58.0,0.935483870967742,35,6.1,2.943731300580303,0.44728480612185245,6.581335337776601,0.024737237820002547,0.11277644503123799,0.308655738382078,0.06007732941138942,0.5269681729541988,3.0198388306382125,0.22494946707924393,0.08018125367351128,0.07441358616419894
20240815,kanga,MC_withKoala,0.7230769230769231,20,leader,0.5,1.2413793103448276,72.0,58.0,0.935483870967742,36,3.466666666666667,5.447358035265317,2.2300999592772515,2.44265195943537,0.045776117943406025,0.09099390589913944,0.5412927259185143,0.06207215691557019,0.5153591949500662,1.854455506830482,0.22494946707924393,0.08018125367351128,0.07441358616419894
20240815,kanga,MC_withKoala,0.7230769230769231,20,leader,0.5,1.2413793103448276,72.0,58.0,0.935483870967742,37,2.466666666666667,4.602250921710172,0.9742809621873099,4.723740994977349,0.03867437749336279,0.10867426747353803,0.41609348975408245,0.04951517120689337,0.5526180730990601,2.192951801547402,0.22494946707924393,0.08018125367351128,0.07441358616419894
20240815,kanga,MC_withKoala,0.7230769230769231,20,leader,0.5,1.2413793103448276,72.0,58.0,0.935483870967742,38,4.433333333333334,4.067285443389067,1.29161154247689,3.1490005389618454,0.03417886927217703,0.09036236141403092,0.43003151827790503,0.05172466602841881,0.7594472296666521,2.5026471602367697,0.22494946707924393,0.08018125367351128,0.07441358616419894
20240815,kanga,MC_withKoala,0.7230769230769231,20,leader,0.5,1.2413793103448276,72.0,58.0,0.935483870967742,39,1.7,4.10331647349898,1.6299433924728581,2.517459497334849,0.03448165103780655,0.09450770426169881,0.43136434286352443,0.03900024032075651,0.6920503426594949,2.6326181794151378,0.22494946707924393,0.08018125367351128,0.07441358616419894
20240815,kanga,MC_withKoala,0.7230769230769231,20,leader,0.5,1.2413793103448276,72.0,58.0,0.935483870967742,40,4.833333333333333,4.976364588613509,0.6410824483718113,7.7624408549200306,0.04181818982028159,0.11356569199771856,0.4170156693359902,0.05995539182541259,0.19288226480170945,2.390427376782427,0.22494946707924393,0.08018125367351128,0.07441358616419894
20240815,kanga,MC_withKoala,0.7230769230769231,20,leader,0.5,1.2413793103448276,72.0,58.0,0.935483870967742,41,1.9666666666666666,5.479724034929404,1.055343921772876,5.192358549546575,0.04604810113386054,0.09650448876873521,0.5185142216207624,0.05386348973409409,0.4185742786911191,1.9068329687745864,0.22494946707924393,0.08018125367351128,0.07441358616419894
20240815,kanga,MC_withKoala,0.7230769230769231,20,leader,0.5,1.2413793103448276,72.0,58.0,0.935483870967742,42,2.2666666666666666,5.364811731708492,1.6924615171808606,3.1698278969702534,0.045082451526962115,0.08277972502954273,0.5368967671244232,0.12154356339119293,0.5310824874520611,1.805636272785465,0.22494946707924393,0.08018125367351128,0.07441358616419894
20240815,kanga,MC_withKoala,0.7230769230769231,20,leader,0.5,1.2413793103448276,72.0,58.0,0.935483870967742,43,6.466666666666667,3.0339781073011554,0.2706551267515596,11.209756651260893,0.025495614347068533,0.10866741849957445,0.2807652549841343,0.024242741997346356,0.620015168875581,3.6731071871521404,0.22494946707924393,0.08018125367351128,0.07441358616419894
20240815,kanga,MC_withKoala,0.7230769230769231,20,leader,0.5,1.2413793103448276,72.0,58.0,0.935483870967742,44,1.0,3.6181855489780013,1.2222829377199156,2.960186579817171,0.03040492057964707,0.09298550001807815,0.3752251223155545,0.07467176399247356,0.7725987755102425,2.687993281415048,0.22494946707924393,0.08018125367351128,0.07441358616419894
20240815,kanga,MC_withKoala,0.7230769230769231,20,leader,0.5,1.2413793103448276,72.0,58.0,0.935483870967742,45,2.3666666666666667,4.443590661100106,1.0882933356362543,4.083081753415523,0.037341097992437865,0.10288040354644584,0.4175213331387898,0.1020891144537477,0.5384950642882272,2.426022991679054,0.22494946707924393,0.08018125367351128,0.07441358616419894
20240815,kanga,MC_withKoala,0.7230769230769231,20,leader,0.5,1.2413793103448276,72.0,58.0,0.935483870967742,46,2.8666666666666667,3.8078736853310726,0.7390174611459934,5.152616664058529,0.03199893853219389,0.1278468278957762,0.33943107526262345,0.046143707230537095,0.5614388888111933,3.137911364927734,0.22494946707924393,0.08018125367351128,0.07441358616419894
20240815,kanga,MC_withKoala,0.7230769230769231,20,leader,0.5,1.2413793103448276,72.0,58.0,0.935483870967742,47,3.8,4.196086963753166,0.4396320228082555,9.54454349560264,0.035261234989522404,0.08319097988745748,0.3715973579403988,0.025614754304873904,0.3445263552921685,2.645580789133473,0.22494946707924393,0.08018125367351128,0.07441358616419894
20240815,kanga,MC_withKoala,0.7230769230769231,20,leader,0.5,1.2413793103448276,72.0,58.0,0.935483870967742,48,3.2666666666666666,4.1181345207495035,1.249401894985741,3.2960847404481504,0.03460617244327314,0.09883755473035542,0.4067741279984706,0.08201625060383702,0.611101867338749,2.56770300556426,0.22494946707924393,0.08018125367351128,0.07441358616419894
20240815,kanga,MC_withKoala,0.7230769230769231,20,leader,0.5,1.2413793103448276,72.0,58.0,0.935483870967742,49,6.966666666666667,3.965961585593367,0.8128140967168086,4.8792972484274495,0.0333274082822972,0.08973742192913473,0.3951932420803998,0.037277678412675624,0.5680552602944976,2.639213509148732,0.22494946707924393,0.08018125367351128,0.07441358616419894
20240815,kanga,MC_withKoala,0.7230769230769231,20,leader,0.5,1.2413793103448276,72.0,58.0,0.935483870967742,50,4.3,3.55532822926727,0.20082908274351544,17.703253835042812,0.029876707808968655,0.11386050199763875,0.3365184465645985,0.030403723489639933,0.3262056460336441,3.1153928461056295,0.22494946707924393,0.08018125367351128,0.07441358616419894
20240815,kanga,MC_withKoala,0.7230769230769231,20,leader,0.5,1.2413793103448276,72.0,58.0,0.935483870967742,51,3.7666666666666666,5.6816078471658304,1.7325670168935863,3.279300478288392,0.047744603757696055,0.08423968157028966,0.5809387809123893,0.161456040329089,0.4861513933482404,1.629858331874572,0.22494946707924393,0.08018125367351128,0.07441358616419894
20240815,kanga,MC_withKoala,0.7230769230769231,20,leader,0.5,1.2413793103448276,72.0,58.0,0.935483870967742,52,2.933333333333333,3.9563418157979444,1.3955253438747,2.8350196814148094,0.033246569880655,0.08838338292836856,0.39719105493149226,0.02888545257869234,0.7717181965557909,2.447152562354826,0.22494946707924393,0.08018125367351128,0.07441358616419894
20240815,kanga,MC_withKoala,0.7230769230769231,20,leader,0.5,1.2413793103448276,72.0,58.0,0.935483870967742,53,2.7333333333333334,2.9439812477571827,0.4986327647026452,5.904107102774919,0.024739338216446912,0.11144095935855619,0.2444843485227926,0.023383226266918175,0.4760157624344411,3.9205778302092806,0.22494946707924393,0.08018125367351128,0.07441358616419894
20240815,kanga,MC_withKoala,0.7230769230769231,20,leader,0.5,1.2413793103448276,72.0,58.0,0.935483870967742,54,3.3,2.6702496627996153,0.43069426213752543,6.199872850748532,0.02243907279663542,0.12269551762509003,0.26368462972947015,0.010977271585709157,0.8900105174060988,3.5740571187100256,0.22494946707924393,0.08018125367351128,0.07441358616419894
20240815,kanga,MC_withKoala,0.7230769230769231,20,leader,0.5,1.2413793103448276,72.0,58.0,0.935483870967742,55,3.433333333333333,3.1192536801092783,1.040877512385071,2.9967538379821534,0.02621221579923763,0.10534816172711531,0.30677734509132776,0.031388776377792416,0.817176453294422,3.4130259906896927,0.22494946707924393,0.08018125367351128,0.07441358616419894
20240815,kanga,MC_withKoala,0.7230769230769231,20,leader,0.5,1.2413793103448276,72.0,58.0,0.935483870967742,56,4.3,3.2002757737508496,0.2279395370464355,14.040020503765849,0.026893073728998736,0.1279465373208689,0.2586719412436222,0.027926449716927624,0.3401999598642526,4.107805624497134,0.22494946707924393,0.08018125367351128,0.07441358616419894
20240815,kanga,MC_withKoala,0.7230769230769231,20,leader,0.5,1.2413793103448276,72.0,58.0,0.935483870967742,57,2.7333333333333334,2.343170039787609,0.33811503478560256,6.930097152507294,0.01969050453603033,0.1241688636606543,0.23144194523485462,0.010678302075711913,0.5724802124037768,3.956349216843054,0.22494946707924393,0.08018125367351128,0.07441358616419894
20240815,kanga,MC_withKoala,0.7230769230769231,20,leader,0.5,1.2413793103448276,72.0,58.0,0.935483870967742,58,1.8333333333333333,2.7843706455365322,0.6745001249327526,4.128050600159834,0.023398072651567497,0.13371488659220876,0.25641986694003666,0.01854435199852679,0.9832631315153622,3.595881736920748,0.22494946707924393,0.08018125367351128,0.07441358616419894
20240815,kanga,MC_withKoala,0.7230769230769231,20,leader,0.5,1.2413793103448276,72.0,58.0,0.935483870967742,59,3.466666666666667,2.8026811613506846,0.4171857946224889,6.718064702770689,0.023551942532358695,0.14990327941297985,0.23968663722652742,0.031906324884814784,0.8054902008413288,3.8643126073921032,0.22494946707924393,0.08018125367351128,0.07441358616419894
20240815,kanga,MC_withKoala,0.7230769230769231,20,leader,0.5,1.2413793103448276,72.0,58.0,0.935483870967742,60,5.733333333333333,3.4426259191925452,0.5102649376918565,6.746742064553747,0.028929629573046598,0.1255742369149277,0.2549000017162862,0.014949415194296798,0.38520852071713446,4.13897790269523,0.22494946707924393,0.08018125367351128,0.07441358616419894
20240815,kanga,MC_withKoala,0.7230769230769231,20,leader,0.5,1.2413793103448276,72.0,58.0,0.935483870967742,61,1.4,3.1006338106450575,0.9802397551646925,3.1631381958428246,0.02605574630794166,0.09648812389938805,0.3108902650190136,0.018487223287148816,0.8934784373428951,3.1935247982948725,0.22494946707924393,0.08018125367351128,0.07441358616419894
20240815,kanga,MC_withKoala,0.7230769230769231,20,leader,0.5,1.2413793103448276,72.0,58.0,0.935483870967742,62,6.566666666666666,2.4482314057222605,0.5273046541537021,4.642916360470117,0.02057337315732992,0.14393540022681917,0.18417402067767993,0.014435270839167293,0.8999081771329682,5.1663615661102975,0.22494946707924393,0.08018125367351128,0.07441358616419894
20240815,kanga,MC_withKoala,0.7230769230769231,20,leader,0.5,1.2413793103448276,72.0,58.0,0.935483870967742,63,3.2,2.3081630993549362,0.5287405021801833,4.36539869716348,0.019396328566007866,0.08930559161058167,0.2271999429397568,0.016813816292402983,0.9614377769380225,4.3892268554111915,0.22494946707924393,0.08018125367351128,0.07441358616419894
20240815,kanga,MC_withKoala,0.7230769230769231,20,leader,0.5,1.2413793103448276,72.0,58.0,0.935483870967742,64,2.7666666666666666,2.747837887774951,0.9515259409957156,2.8878223592091468,0.023091074687184462,0.1154169439285161,0.2568838391920157,0.020830861726415836,0.9447455889781822,3.8366157635421465,0.22494946707924393,0.08018125367351128,0.07441358616419894
20240815,kanga,MC_withKoala,0.7230769230769231,20,leader,0.5,1.2413793103448276,72.0,58.0,0.935483870967742,65,4.5,2.2947505781667368,0.23840917093943795,9.625261348480853,0.019283618303922157,0.1506482777137132,0.2002982935081384,0.010303634991602343,0.9721445393867597,4.464088072006724,0.22494946707924393,0.08018125367351128,0.07441358616419894
20240815,kanga,MC_withKoala,0.7230769230769231,20,leader,0.5,1.2413793103448276,72.0,58.0,0.935483870967742,66,2.1,3.1540353914065276,0.17987048762697902,17.535035530383748,0.026504499087449812,0.09827148592032907,0.26030295227823436,0.01280435546276109,0.14372580248681915,3.8078300433337566,0.22494946707924393,0.08018125367351128,0.07441358616419894
20240815,kanga,MC_withKoala,0.7230769230769231,20,leader,0.5,1.2413793103448276,72.0,58.0,0.935483870967742,67,3.7,3.1241726879104212,1.0337565953254881,3.0221550237623833,0.026253551999247237,0.11141804848857632,0.29008526565911513,0.02931001199272714,0.7857095850069193,3.287830444384535,0.22494946707924393,0.08018125367351128,0.07441358616419894
20240815,kanga,MC_withKoala,0.7230769230769231,20,leader,0.5,1.2413793103448276,72.0,58.0,0.935483870967742,68,2.2666666666666666,2.6901512453301257,0.4704095889674641,5.718742364999261,0.022606312985967443,0.1314142746364994,0.21973120618581815,0.015660699344741773,0.8547195063212201,4.078683080302868,0.22494946707924393,0.08018125367351128,0.07441358616419894
20240815,kanga,MC_withKoala,0.7230769230769231,20,leader,0.5,1.2413793103448276,72.0,58.0,0.935483870967742,69,4.066666666666666,2.492003852934071,0.37457277787356386,6.65292301026542,0.02094120884818547,0.13878821004784594,0.1990310460070756,0.005962708391612898,0.3547072936473139,5.015616024646792,0.22494946707924393,0.08018125367351128,0.07441358616419894
20240815,kanga,MC_withKoala,0.7230769230769231,20,leader,0.5,1.2413793103448276,72.0,58.0,0.935483870967742,70,4.466666666666667,3.2272925305344886,1.1657235008471132,2.7684888639452367,0.027120105298609146,0.09611168080001042,0.3403784902108846,0.0258340467721371,0.8521140044211943,3.0428611768463836,0.22494946707924393,0.08018125367351128,0.07441358616419894
20240815,kanga,MC_withKoala,0.7230769230769231,20,leader,0.5,1.2413793103448276,72.0,58.0,0.935483870967742,71,2.4,2.5261426749175926,0.15344569349231815,16.46277987621762,0.021228089705189853,0.15025398426111516,0.19063979391000505,0.018213710724924108,0.2507533397230351,5.245588254344857,0.22494946707924393,0.08018125367351128,0.07441358616419894
20240819,kanga,MC_withVermelho,0.6491228070175439,21,follower,0.4868421052631579,2.0,76.0,38.0,1.0882352941176472,0,2.933333333333333,3.434881304488855,0.8999156053491059,3.816892699795283,0.028864548777217267,0.09886810798723507,0.3557006007674888,0.021787057673590238,0.7910842373464945,2.762579493883828,0.19051000746408703,0.07270068512881583,0.07018185798081099
20240819,kanga,MC_withVermelho,0.6491228070175439,21,follower,0.4868421052631579,2.0,76.0,38.0,1.0882352941176472,1,1.7666666666666666,2.9566445631681977,0.8980896281099189,3.2921486571341725,0.024845752631665528,0.13678403949795254,0.22114150371913474,0.007496591814045488,1.0107475493561842,3.820063922487142,0.19051000746408703,0.07270068512881583,0.07018185798081099
20240819,kanga,MC_withVermelho,0.6491228070175439,21,follower,0.4868421052631579,2.0,76.0,38.0,1.0882352941176472,2,3.0,3.988660108337654,0.4229222339264348,9.431190390031519,0.033518152170904654,0.12706613843908568,0.36422583664718733,0.019900244660052982,0.3588797051795912,2.590651348117734,0.19051000746408703,0.07270068512881583,0.07018185798081099
20240819,kanga,MC_withVermelho,0.6491228070175439,21,follower,0.4868421052631579,2.0,76.0,38.0,1.0882352941176472,3,1.6333333333333333,4.896652537909009,0.768499748144828,6.37170350378073,0.04114834065469756,0.10166541219645713,0.43380866440394655,0.03784750145492361,0.4186758741384775,2.1758837933099375,0.19051000746408703,0.07270068512881583,0.07018185798081099
20240819,kanga,MC_withVermelho,0.6491228070175439,21,follower,0.4868421052631579,2.0,76.0,38.0,1.0882352941176472,4,2.7,4.250345114397261,1.3039325089185039,3.259635821122785,0.0357171858352711,0.1025132695782713,0.4387159757887936,0.021506488634122443,0.6684120074213996,2.3576601009850147,0.19051000746408703,0.07270068512881583,0.07018185798081099
20240819,kanga,MC_withVermelho,0.6491228070175439,21,follower,0.4868421052631579,2.0,76.0,38.0,1.0882352941176472,5,1.8666666666666667,4.378640447700773,0.47411974052111067,9.235305079025306,0.03679529787983843,0.10633126457220779,0.37735500065910316,0.07459188269588624,0.29381510592192667,2.6441011392517453,0.19051000746408703,0.07270068512881583,0.07018185798081099
20240819,kanga,MC_withVermelho,0.6491228070175439,21,follower,0.4868421052631579,2.0,76.0,38.0,1.0882352941176472,6,2.6333333333333333,3.868496427772464,0.8465734217871382,4.5695935263429,0.03250837334262575,0.10908737483553108,0.39062270336563926,0.0348599927745555,0.6690213328537218,2.540500072528706,0.19051000746408703,0.07270068512881583,0.07018185798081099
20240819,kanga,MC_withVermelho,0.6491228070175439,21,follower,0.4868421052631579,2.0,76.0,38.0,1.0882352941176472,7,2.8,4.229248106908141,1.2137914647993706,3.4843284283657407,0.035539900058051604,0.10700489918600305,0.3821202962742912,0.03638551134024209,0.6610140688128184,2.3250147117153395,0.19051000746408703,0.07270068512881583,0.07018185798081099
20240819,kanga,MC_withVermelho,0.6491228070175439,21,follower,0.4868421052631579,2.0,76.0,38.0,1.0882352941176472,8,3.0,3.5980592762295283,0.4779136154200907,7.528681251457545,0.030235792237222926,0.10301251797799246,0.3699006043848216,0.027084749666343673,0.6391630192512026,2.484124601523528,0.19051000746408703,0.07270068512881583,0.07018185798081099
20240819,kanga,MC_withVermelho,0.6491228070175439,21,follower,0.4868421052631579,2.0,76.0,38.0,1.0882352941176472,9,2.8333333333333335,3.7020834331572723,0.38090114627656874,9.719276167442207,0.031109944816447667,0.09270683970258081,0.33666368526182056,0.04857703886594855,0.38991273326622455,2.963956567582785,0.19051000746408703,0.07270068512881583,0.07018185798081099
20240819,kanga,MC_withVermelho,0.6491228070175439,21,follower,0.4868421052631579,2.0,76.0,38.0,1.0882352941176472,10,2.933333333333333,4.147558511186668,0.9189470787432489,4.513381245913383,0.034853432867114856,0.0878428311511165,0.37952171853336364,0.02844990897970545,0.47463963651603347,2.703209697388104,0.19051000746408703,0.07270068512881583,0.07018185798081099
20240819,kanga,MC_withVermelho,0.6491228070175439,21,follower,0.4868421052631579,2.0,76.0,38.0,1.0882352941176472,11,3.6,4.422084529070875,1.0039782987290071,4.404561866196751,0.0371603741938729,0.09558806550172855,0.41491513498860005,0.061745396110687446,0.6355796775255461,2.244607490404031,0.19051000746408703,0.07270068512881583,0.07018185798081099
20240819,kanga,MC_withVermelho,0.6491228070175439,21,follower,0.4868421052631579,2.0,76.0,38.0,1.0882352941176472,12,2.8666666666666667,4.762412951917157,0.7083622426196344,6.723132128422047,0.04002027690686687,0.09845798888640031,0.4208033925368263,0.04845851731163745,0.42573366057367995,2.315593934681346,0.19051000746408703,0.07270068512881583,0.07018185798081099
20240819,kanga,MC_withVermelho,0.6491228070175439,21,follower,0.4868421052631579,2.0,76.0,38.0,1.0882352941176472,13,3.1,5.954313742992309,2.158063662155561,2.759100135648872,0.050036249941111846,0.07199763764375243,0.6055847658624138,0.07516002854091675,0.5226596830458446,1.6144366440646667,0.19051000746408703,0.07270068512881583,0.07018185798081099
20240819,kanga,MC_withVermelho,0.6491228070175439,21,follower,0.4868421052631579,2.0,76.0,38.0,1.0882352941176472,14,1.5333333333333334,3.9915193219700176,1.0040224862636906,3.975527815939481,0.033542179176218635,0.08564466924756037,0.39051833229340915,0.04783231529566094,0.6316845077472169,2.440555762436567,0.19051000746408703,0.07270068512881583,0.07018185798081099
20240819,kanga,MC_withVermelho,0.6491228070175439,21,follower,0.4868421052631579,2.0,76.0,38.0,1.0882352941176472,15,3.5,4.835100611188618,0.40974884748651946,11.800156707817683,0.04063109757301359,0.09526119144348386,0.44498605690893883,0.06507697368142817,0.42962135724053335,2.131050750007746,0.19051000746408703,0.07270068512881583,0.07018185798081099
20240819,kanga,MC_withVermelho,0.6491228070175439,21,follower,0.4868421052631579,2.0,76.0,38.0,1.0882352941176472,16,3.3666666666666667,4.921300995670407,0.9956307721268209,4.9428976418213235,0.04135547055185216,0.09290702579983043,0.4710803666765326,0.13445618319344796,0.4677869099098879,2.1321152061899884,0.19051000746408703,0.07270068512881583,0.07018185798081099
20240819,kanga,MC_withVermelho,0.6491228070175439,21,follower,0.4868421052631579,2.0,76.0,38.0,1.0882352941176472,17,3.933333333333333,4.173377367571133,1.2556336113090973,3.323722246667208,0.03507039804681624,0.09322697192140116,0.4104756091205065,0.08956151862066895,0.5876641137239542,2.470825641099715,0.19051000746408703,0.07270068512881583,0.07018185798081099
20240819,kanga,MC_withVermelho,0.6491228070175439,21,follower,0.4868421052631579,2.0,76.0,38.0,1.0882352941176472,18,3.1333333333333333,3.8068469683813535,0.19782756753038427,19.24325823698288,0.03199031065866684,0.11407996458123978,0.311344656185976,0.04536921598975351,0.2396265504214137,3.2253582910438334,0.19051000746408703,0.07270068512881583,0.07018185798081099
20240819,kanga,MC_withVermelho,0.6491228070175439,21,follower,0.4868421052631579,2.0,76.0,38.0,1.0882352941176472,19,3.8333333333333335,4.784550182852628,1.1439628263550292,4.182435016789384,0.04020630405758511,0.09567733156707639,0.4613307457602981,0.05414764556793838,0.5051516139065095,2.2610992062653055,0.19051000746408703,0.07270068512881583,0.07018185798081099
20240819,kanga,MC_withVermelho,0.6491228070175439,21,follower,0.4868421052631579,2.0,76.0,38.0,1.0882352941176472,20,3.6,3.8513462186526737,0.8822805588073789,4.36521714119908,0.03236425393825776,0.10551959099695729,0.36065768870967163,0.05160640666143485,0.6062885151874051,2.9005292773208584,0.19051000746408703,0.07270068512881583,0.07018185798081099
20240819,kanga,MC_withVermelho,0.6491228070175439,21,follower,0.4868421052631579,2.0,76.0,38.0,1.0882352941176472,21,4.333333333333333,3.9109014887446123,0.4718609016785505,8.288250784992707,0.03286471839281187,0.10168225036739142,0.3648190238240543,0.04657150694711318,0.5070567761256566,2.550323107051502,0.19051000746408703,0.07270068512881583,0.07018185798081099
20240819,kanga,MC_withVermelho,0.6491228070175439,21,follower,0.4868421052631579,2.0,76.0,38.0,1.0882352941176472,22,1.6666666666666667,4.233382865755333,1.3498935472322915,3.1360864524725716,0.03557464593071708,0.09904695902222631,0.41742853094659294,0.05870359254058327,0.5573205380027274,2.3317328500336028,0.19051000746408703,0.07270068512881583,0.07018185798081099
20240819,kanga,MC_withVermelho,0.6491228070175439,21,follower,0.4868421052631579,2.0,76.0,38.0,1.0882352941176472,23,2.8,4.882867501151979,0.9750458468111832,5.00783375173695,0.04103250000968049,0.0913956041985518,0.46678558660763153,0.1707480892537005,0.47286216876016807,2.140959368723966,0.19051000746408703,0.07270068512881583,0.07018185798081099
20240819,kanga,MC_withVermelho,0.6491228070175439,21,follower,0.4868421052631579,2.0,76.0,38.0,1.0882352941176472,24,3.3666666666666667,4.8480863109352175,0.9904630401766477,4.894767512042215,0.040740221100295945,0.09104400753241058,0.47467222150584865,0.09566984336958516,0.45448681548189473,2.1118608652422024,0.19051000746408703,0.07270068512881583,0.07018185798081099
20240819,kanga,MC_withVermelho,0.6491228070175439,21,follower,0.4868421052631579,2.0,76.0,38.0,1.0882352941176472,25,4.366666666666666,3.7834003508921206,0.6428666668154414,5.88520224517767,0.03179328025959765,0.106376972338763,0.3659748641633577,0.07328799336828383,0.7831588453130253,2.7001044502838707,0.19051000746408703,0.07270068512881583,0.07018185798081099
20240819,kanga,MC_withVermelho,0.6491228070175439,21,follower,0.4868421052631579,2.0,76.0,38.0,1.0882352941176472,26,1.8,3.7111705285492635,1.3418608549956108,2.765689538325047,0.031186306962598852,0.08974739223305579,0.34762725882569057,0.03169572907876397,0.7376339996321201,2.915857309571516,0.19051000746408703,0.07270068512881583,0.07018185798081099
20240819,kanga,MC_withVermelho,0.6491228070175439,21,follower,0.4868421052631579,2.0,76.0,38.0,1.0882352941176472,27,2.6666666666666665,3.2226386392303294,0.7617862644277487,4.230371154894956,0.027080996968322096,0.1093053506524559,0.2990423285642491,0.03226526018580157,0.8175207059917649,3.3481947610804936,0.19051000746408703,0.07270068512881583,0.07018185798081099
20240819,kanga,MC_withVermelho,0.6491228070175439,21,follower,0.4868421052631579,2.0,76.0,38.0,1.0882352941176472,28,3.533333333333333,3.822145410027498,0.3636756788313539,10.509763595711686,0.03211886899182771,0.09626294864753687,0.35930084152332437,0.024479983032796537,0.6903088563489461,2.6550684817400305,0.19051000746408703,0.07270068512881583,0.07018185798081099
20240819,kanga,MC_withVermelho,0.6491228070175439,21,follower,0.4868421052631579,2.0,76.0,38.0,1.0882352941176472,29,0.9,5.270929909155669,1.5370322844504658,3.429290303450055,0.04429352864836696,0.09562414717646874,0.5025874597566682,0.1571150576427744,0.48190223327440657,2.0145113541592146,0.19051000746408703,0.07270068512881583,0.07018185798081099
20240819,kanga,MC_withVermelho,0.6491228070175439,21,follower,0.4868421052631579,2.0,76.0,38.0,1.0882352941176472,30,1.4333333333333333,4.8858363917847685,0.7313384966360675,6.680677161476,0.04105744867046024,0.12773704070462996,0.4000794246319697,0.1102491702589316,0.3295854614338583,2.5876836915328707,0.19051000746408703,0.07270068512881583,0.07018185798081099
20240819,kanga,MC_withVermelho,0.6491228070175439,21,follower,0.4868421052631579,2.0,76.0,38.0,1.0882352941176472,31,3.0,3.558758631356235,0.7097593671716043,5.0140354547737935,0.029905534717279286,0.09215136587420143,0.3772247865307848,0.041197254845699596,0.5831920664606268,2.6198477275332266,0.19051000746408703,0.07270068512881583,0.07018185798081099
20240819,kanga,MC_withVermelho,0.6491228070175439,21,follower,0.4868421052631579,2.0,76.0,38.0,1.0882352941176472,32,3.2333333333333334,4.467742622617246,0.9302235750754201,4.80286969963647,0.037544055652245764,0.10135402579994869,0.4234910406475752,0.12051838862120424,0.6163833931127719,2.1589227218026426,0.19051000746408703,0.07270068512881583,0.07018185798081099
20240819,kanga,MC_withVermelho,0.6491228070175439,21,follower,0.4868421052631579,2.0,76.0,38.0,1.0882352941176472,33,3.7333333333333334,6.030077249520846,2.059983538017215,2.927245358147349,0.05067291806320039,0.0904777984992063,0.6488638942099385,0.09564448329242274,0.47979757059724404,1.639688926786139,0.19051000746408703,0.07270068512881583,0.07018185798081099
20240819,kanga,MC_withVermelho,0.6491228070175439,21,follower,0.4868421052631579,2.0,76.0,38.0,1.0882352941176472,34,3.0,4.014690514597156,1.0878891635251282,3.6903488417774133,0.033736895080648366,0.13308366653832537,0.32440162255238225,0.03814066088226628,0.5986211306580916,3.0153765417037484,0.19051000746408703,0.07270068512881583,0.07018185798081099
20240819,kanga,MC_withVermelho,0.6491228070175439,21,follower,0.4868421052631579,2.0,76.0,38.0,1.0882352941176472,35,3.2666666666666666,2.9487353852844316,0.678563854704927,4.345553281152423,0.024779288951970013,0.11846961876163659,0.26223435079318025,0.01654056706721329,0.8844702643737324,4.060051414730375,0.19051000746408703,0.07270068512881583,0.07018185798081099
20240819,kanga,MC_withVermelho,0.6491228070175439,21,follower,0.4868421052631579,2.0,76.0,38.0,1.0882352941176472,36,2.8,2.5404288594926543,0.6964210181645636,3.6478348487930807,0.02134814167640886,0.13581056386146229,0.22277644231566315,0.028452371645082106,1.1175998079731564,4.814037759563604,0.19051000746408703,0.07270068512881583,0.07018185798081099
20240819,kanga,MC_withVermelho,0.6491228070175439,21,follower,0.4868421052631579,2.0,76.0,38.0,1.0882352941176472,37,1.4,2.8994874907049293,0.5781879908842816,5.014783316876659,0.02436544109836075,0.11254735708524098,0.2629412981421952,0.025681788113480052,0.8562142456981199,4.0285701021784375,0.19051000746408703,0.07270068512881583,0.07018185798081099
20240819,kanga,MC_withVermelho,0.6491228070175439,21,follower,0.4868421052631579,2.0,76.0,38.0,1.0882352941176472,38,3.7333333333333334,2.5729273357450726,0.9249649773821537,2.7816483852469753,0.02162123811550481,0.12696941664463288,0.2148921174411013,0.020672193875093586,0.9008622684372387,4.83710513458603,0.19051000746408703,0.07270068512881583,0.07018185798081099
20240819,kanga,MC_withVermelho,0.6491228070175439,21,follower,0.4868421052631579,2.0,76.0,38.0,1.0882352941176472,39,1.2333333333333334,2.348897300031683,0.24512388089340245,9.582490663376667,0.019738632773375488,0.1149842039280206,0.2139635398939993,0.01868802857178123,0.5066510919282611,4.497309375890362,0.19051000746408703,0.07270068512881583,0.07018185798081099
20240819,kanga,MC_withVermelho,0.6491228070175439,21,follower,0.4868421052631579,2.0,76.0,38.0,1.0882352941176472,40,1.9666666666666666,3.1158046014472047,0.817576886525236,3.811023345693653,0.026183231944934493,0.11091709897189705,0.2885842451187557,0.05532663164121357,0.7622702774680774,3.5440976109376883,0.19051000746408703,0.07270068512881583,0.07018185798081099
20240819,kanga,MC_withVermelho,0.6491228070175439,21,follower,0.4868421052631579,2.0,76.0,38.0,1.0882352941176472,41,1.9666666666666666,2.9836479782953202,0.38494049635100247,7.750932953478409,0.025072672086515296,0.11314513266086795,0.2590083096935363,0.030393514645664685,0.48504047290321567,3.8284552765543944,0.19051000746408703,0.07270068512881583,0.07018185798081099
20240819,kanga,MC_withVermelho,0.6491228070175439,21,follower,0.4868421052631579,2.0,76.0,38.0,1.0882352941176472,42,2.8333333333333335,1.6175709279953572,0.35636099376826097,4.539135753581527,0.013593033008364347,0.13831724463113515,0.1701634241572638,0.006790048946475805,1.7193823894468652,5.999103962307388,0.19051000746408703,0.07270068512881583,0.07018185798081099
20240819,kanga,MC_withVermelho,0.6491228070175439,21,follower,0.4868421052631579,2.0,76.0,38.0,1.0882352941176472,43,2.9,3.209451755860578,0.8014339743352924,4.0046365123496175,0.0269701828223578,0.12174317442420843,0.2683283418735087,0.029258290167363872,0.7615610354609513,3.676792844861775,0.19051000746408703,0.07270068512881583,0.07018185798081099
20240819,kanga,MC_withVermelho,0.6491228070175439,21,follower,0.4868421052631579,2.0,76.0,38.0,1.0882352941176472,44,2.966666666666667,3.1445162646012803,1.1952200623028906,2.630909874908377,0.02642450642522084,0.09401886003634778,0.3195673885132541,0.03638779305006948,0.8848014712707597,3.2988986088577867,0.19051000746408703,0.07270068512881583,0.07018185798081099
20240819,kanga,MC_withVermelho,0.6491228070175439,21,follower,0.4868421052631579,2.0,76.0,38.0,1.0882352941176472,45,3.2,2.86879109890325,0.5718197028159596,5.016950421217947,0.02410748822607773,0.12268957278681968,0.25620831315865084,0.03304820552152337,0.4876873125747425,3.9157833098716326,0.19051000746408703,0.07270068512881583,0.07018185798081099
20240819,kanga,MC_withVermelho,0.6491228070175439,21,follower,0.4868421052631579,2.0,76.0,38.0,1.0882352941176472,46,3.2,3.78623391778765,0.631892826313476,5.991892549052829,0.031817091746114703,0.08135617413857268,0.3755014228200307,0.058390594984262086,0.584735975027056,2.6024482859669016,0.19051000746408703,0.07270068512881583,0.07018185798081099
20240819,kanga,MC_withVermelho,0.6491228070175439,21,follower,0.4868421052631579,2.0,76.0,38.0,1.0882352941176472,47,1.1,3.285220048051638,0.8201763514581976,4.005504477434421,0.027606891160097798,0.0880592364788224,0.3575237698860978,0.03779878235402181,0.6867790855253371,2.685801469001669,0.19051000746408703,0.07270068512881583,0.07018185798081099
20240819,kanga,MC_withVermelho,0.6491228070175439,21,follower,0.4868421052631579,2.0,76.0,38.0,1.0882352941176472,48,4.066666666666666,3.1592111211382945,0.13180795712216214,23.968288334901338,0.026547992614607517,0.12171314749437712,0.26054631909244336,0.0259886608644282,0.20335148350354493,3.6391773738696216,0.19051000746408703,0.07270068512881583,0.07018185798081099
20240819,kanga,MC_withVermelho,0.6491228070175439,21,follower,0.4868421052631579,2.0,76.0,38.0,1.0882352941176472,49,3.7666666666666666,2.9965968683185507,0.6823844615762311,4.391361522794276,0.025181486288391182,0.09667617572834687,0.2860851882636443,0.016110886703522877,0.8492782204415049,3.327301846515658,0.19051000746408703,0.07270068512881583,0.07018185798081099
20240819,kanga,MC_withVermelho,0.6491228070175439,21,follower,0.4868421052631579,2.0,76.0,38.0,1.0882352941176472,50,1.3,2.5793961578809745,0.41483153460696137,6.217936542179379,0.02167559796538634,0.11806131727007962,0.2527893589821137,0.018956987755270296,0.9162073775894692,4.000644607815921,0.19051000746408703,0.07270068512881583,0.07018185798081099
20240819,kanga,MC_withVermelho,0.6491228070175439,21,follower,0.4868421052631579,2.0,76.0,38.0,1.0882352941176472,51,1.5666666666666667,3.888995239438052,1.0969053111387947,3.5454247508388312,0.032680632264185314,0.1003123263279017,0.35027455771796345,0.034453797900471116,0.7758184494512645,3.052083308070562,0.19051000746408703,0.07270068512881583,0.07018185798081099
20240819,kanga,MC_withVermelho,0.6491228070175439,21,follower,0.4868421052631579,2.0,76.0,38.0,1.0882352941176472,52,1.9666666666666666,3.745558422669288,0.9619710498573085,3.8936290475943904,0.03147528086276712,0.10479186417816326,0.34164926629942205,0.04703685966909794,0.5909577111693436,3.165415630516836,0.19051000746408703,0.07270068512881583,0.07018185798081099
20240819,kanga,MC_withVermelho,0.6491228070175439,21,follower,0.4868421052631579,2.0,76.0,38.0,1.0882352941176472,53,1.2666666666666666,2.7201722835555686,1.0149239262720349,2.680173570788859,0.022858590618114023,0.11649868459956685,0.26904408438627087,0.018147406579909892,1.0267875564086786,3.499739330247453,0.19051000746408703,0.07270068512881583,0.07018185798081099
20240819,kanga,MC_withVermelho,0.6491228070175439,21,follower,0.4868421052631579,2.0,76.0,38.0,1.0882352941176472,54,3.6333333333333333,3.699298730012258,0.8302811586733662,4.455477149358712,0.03108654394968284,0.08945422125601339,0.3671576885963784,0.02936465732811327,0.8012711910872361,2.6666696360733,0.19051000746408703,0.07270068512881583,0.07018185798081099
20240819,kanga,MC_withVermelho,0.6491228070175439,21,follower,0.4868421052631579,2.0,76.0,38.0,1.0882352941176472,55,2.3666666666666667,5.3972523163661466,1.7975830380935818,3.00250514273331,0.04535506148206846,0.0930421851253392,0.5129499168314662,0.10150458142514027,0.48917438474614916,1.914474368488287,0.19051000746408703,0.07270068512881583,0.07018185798081099
20240819,kanga,MC_withVermelho,0.6491228070175439,21,follower,0.4868421052631579,2.0,76.0,38.0,1.0882352941176472,56,3.7333333333333334,4.858062230786979,0.6848823413464912,7.093280024180417,0.04082405235955445,0.11777949655670253,0.40293775309559454,0.08750993367952278,0.44078850021341015,2.416813011427832,0.19051000746408703,0.07270068512881583,0.07018185798081099
20240819,kanga,MC_withVermelho,0.6491228070175439,21,follower,0.4868421052631579,2.0,76.0,38.0,1.0882352941176472,57,1.5666666666666667,4.6045874692127065,0.2951772851702412,15.599396364652673,0.03869401234632527,0.12288196802463411,0.3780899240833099,0.052176784063705905,0.2754323324434912,2.6819342801696853,0.19051000746408703,0.07270068512881583,0.07018185798081099
20240819,kanga,MC_withVermelho,0.6491228070175439,21,follower,0.4868421052631579,2.0,76.0,38.0,1.0882352941176472,58,2.033333333333333,4.5244320519980326,1.3740567066167202,3.2927549716185616,0.038020437411748174,0.1030358252646698,0.3941060093556066,0.06327429387724272,0.6458898420137447,2.4035660072310683,0.19051000746408703,0.07270068512881583,0.07018185798081099
20240819,kanga,MC_withVermelho,0.6491228070175439,21,follower,0.4868421052631579,2.0,76.0,38.0,1.0882352941176472,59,2.466666666666667,6.154440463872243,0.5895186932460997,10.43977151934522,0.05171798709136339,0.11617369371489604,0.5670048506238791,0.08000261117869806,0.2585505984385635,1.7801126880014648,0.19051000746408703,0.07270068512881583,0.07018185798081099
20240819,kanga,MC_withVermelho,0.6491228070175439,21,follower,0.4868421052631579,2.0,76.0,38.0,1.0882352941176472,60,2.6,6.273187665634551,0.6282084433815621,9.985837872325975,0.0527158627364248,0.10509606256808264,0.5243656230494216,0.06827458298043142,0.20831915434670173,1.8831809867962022,0.19051000746408703,0.07270068512881583,0.07018185798081099
20240819,kanga,MC_withVermelho,0.6491228070175439,21,follower,0.4868421052631579,2.0,76.0,38.0,1.0882352941176472,61,3.4,4.836254287628181,1.7071084766623408,2.833009356900272,0.04064079233300993,0.11414733082652077,0.5205688677750326,0.028274097530644998,0.6163406182417964,2.0442858741701198,0.19051000746408703,0.07270068512881583,0.07018185798081099
20240819,kanga,MC_withVermelho,0.6491228070175439,21,follower,0.4868421052631579,2.0,76.0,38.0,1.0882352941176472,62,4.133333333333334,6.192839926566248,1.1209792598459845,5.524491084176798,0.05204067165181721,0.09781809964290654,0.5535173907130579,0.06576002567045176,0.40188253040001487,1.7764421680162714,0.19051000746408703,0.07270068512881583,0.07018185798081099
20240819,kanga,MC_withVermelho,0.6491228070175439,21,follower,0.4868421052631579,2.0,76.0,38.0,1.0882352941176472,63,1.5333333333333334,4.709848564833619,0.7104885488091669,6.629028114144394,0.03957855936834974,0.11711617376033441,0.43018735364219507,0.057441251780619394,0.5284462098364492,2.186793072440271,0.19051000746408703,0.07270068512881583,0.07018185798081099
20240819,kanga,MC_withVermelho,0.6491228070175439,21,follower,0.4868421052631579,2.0,76.0,38.0,1.0882352941176472,64,2.2,5.225291051444044,1.2625183999955465,4.138784077493426,0.04391000883566423,0.10355275982381691,0.476175067021087,0.0823494031355133,0.531755361935267,1.9996771006024254,0.19051000746408703,0.07270068512881583,0.07018185798081099
20240819,kanga,MC_withVermelho,0.6491228070175439,21,follower,0.4868421052631579,2.0,76.0,38.0,1.0882352941176472,65,3.3666666666666667,3.859434320197904,0.5984983840185909,6.448529224563487,0.032432221178133644,0.13215643309513384,0.3647003471474285,0.05569368623001308,0.41714980741933033,2.4448250007295966,0.19051000746408703,0.07270068512881583,0.07018185798081099
20240819,kanga,MC_withVermelho,0.6491228070175439,21,follower,0.4868421052631579,2.0,76.0,38.0,1.0882352941176472,66,4.033333333333333,5.659116805179253,0.7176721476099752,7.885378893448079,0.047555603404867676,0.1093101334941044,0.46047857515779533,0.0364395420417069,0.2913587209042304,1.8648132079287247,0.19051000746408703,0.07270068512881583,0.07018185798081099
20240819,kanga,MC_withVermelho,0.6491228070175439,21,follower,0.4868421052631579,2.0,76.0,38.0,1.0882352941176472,67,3.533333333333333,5.152301115052016,1.1705457228339091,4.40162311864095,0.0432966480256472,0.11192852998165896,0.48147425168403746,0.019965344162342535,0.5639522212663209,1.9495952380324406,0.19051000746408703,0.07270068512881583,0.07018185798081099
20240819,kanga,MC_withVermelho,0.6491228070175439,21,follower,0.4868421052631579,2.0,76.0,38.0,1.0882352941176472,68,1.5,6.690592325159042,2.0077050042460427,3.332457861592855,0.05622346491730287,0.09343513772780085,0.6166252124711409,0.025287812064182572,0.4443071265981714,1.4452527073095482,0.19051000746408703,0.07270068512881583,0.07018185798081099
20240819,kanga,MC_withVermelho,0.6491228070175439,21,follower,0.4868421052631579,2.0,76.0,38.0,1.0882352941176472,69,3.4,4.241757304431944,1.0742043850095837,3.948743240695392,0.03564501936497432,0.08183727801699196,0.4602452618608604,0.03585415686594932,0.657719858102892,2.165421583687139,0.19051000746408703,0.07270068512881583,0.07018185798081099
20240819,kanga,MC_withVermelho,0.6491228070175439,21,follower,0.4868421052631579,2.0,76.0,38.0,1.0882352941176472,70,3.966666666666667,3.8702047329979377,0.9443420032119485,4.09830836692044,0.03252272884872216,0.08453905497734804,0.3435630342690273,0.007963941391276234,0.6989239854997322,2.810674641078155,0.19051000746408703,0.07270068512881583,0.07018185798081099
20240819,kanga,MC_withVermelho,0.6491228070175439,21,follower,0.4868421052631579,2.0,76.0,38.0,1.0882352941176472,71,1.1333333333333333,4.602418821638467,1.335461661711784,3.446312951986299,0.03867578841712997,0.10519372019679304,0.4102297091154225,0.04752430748174838,0.5839811372207292,2.346613846429064,0.19051000746408703,0.07270068512881583,0.07018185798081099
20240819,kanga,MC_withVermelho,0.6491228070175439,21,follower,0.4868421052631579,2.0,76.0,38.0,1.0882352941176472,72,3.066666666666667,4.503902685980639,0.39050288297790076,11.533596504165944,0.03784792173092973,0.11738678069232175,0.3400448684847318,0.032183322576232146,0.1739112754240043,2.840647448863165,0.19051000746408703,0.07270068512881583,0.07018185798081099
20240819,kanga,MC_withVermelho,0.6491228070175439,21,follower,0.4868421052631579,2.0,76.0,38.0,1.0882352941176472,73,3.066666666666667,5.202227743508382,0.7611936535359726,6.834302571155809,0.04371619952528052,0.10554516296384765,0.44591208987889447,0.08236728180089971,0.2998570785581376,2.169539024116425,0.19051000746408703,0.07270068512881583,0.07018185798081099
20240819,kanga,MC_withVermelho,0.6491228070175439,21,follower,0.4868421052631579,2.0,76.0,38.0,1.0882352941176472,74,2.8,6.689022285727438,2.001152863353295,3.3425843713502057,0.05621027130863393,0.1044607072243456,0.5827910680859751,0.041453405995649645,0.3647373511242784,1.5463862375959265,0.19051000746408703,0.07270068512881583,0.07018185798081099
20240819,kanga,MC_withVermelho,0.6491228070175439,21,follower,0.4868421052631579,2.0,76.0,38.0,1.0882352941176472,75,1.3,3.692376849729513,1.0845328934894365,3.404578018698404,0.0310283768884833,0.14328070970865367,0.3882849015834481,0.018437411227366085,0.7271582199946672,2.7166846985670605,0.19051000746408703,0.07270068512881583,0.07018185798081099
20240821,kanga,MC_withVermelho,0.6329113924050633,19,follower,0.5714285714285714,1.6333333333333333,49.0,30.0,1.7142857142857142,0,5.4,3.484606922388213,0.8420687513286483,4.138150141410741,0.02928241111250599,0.11889575329824158,0.2648476545324548,0.027104769424917432,0.7586400092862362,3.781076944499679,0.18191075556590053,0.11244708602499574,0.08952750625137464
20240821,kanga,MC_withVermelho,0.6329113924050633,19,follower,0.5714285714285714,1.6333333333333333,49.0,30.0,1.7142857142857142,1,4.7,2.2028089520354017,0.2687119669122567,8.197658546240673,0.01851099959693615,0.14455462796947824,0.16367282444696674,0.009120897962990366,1.0871120003138757,5.924443644309078,0.18191075556590053,0.11244708602499574,0.08952750625137464
20240821,kanga,MC_withVermelho,0.6329113924050633,19,follower,0.5714285714285714,1.6333333333333333,49.0,30.0,1.7142857142857142,2,2.066666666666667,1.3781291072237065,0.22246167147008525,6.194905837561441,0.011580916867426105,0.1560246005255248,0.1228347955470003,0.0024134602447487526,2.0340846789946743,8.158652904692838,0.18191075556590053,0.11244708602499574,0.08952750625137464
20240821,kanga,MC_withVermelho,0.6329113924050633,19,follower,0.5714285714285714,1.6333333333333333,49.0,30.0,1.7142857142857142,3,2.6666666666666665,2.574719741587598,0.4099520555629628,6.28053867921674,0.021636300349475612,0.11565883118446577,0.1729367275877506,0.009548689273724308,0.7845663656174382,5.845823160440398,0.18191075556590053,0.11244708602499574,0.08952750625137464
20240821,kanga,MC_withVermelho,0.6329113924050633,19,follower,0.5714285714285714,1.6333333333333333,49.0,30.0,1.7142857142857142,4,1.3333333333333333,1.8372946799036496,0.41734685042196745,4.402320702902187,0.015439451091627308,0.12643030320021365,0.1704888856607959,0.0031363012912373808,1.3133839645586234,6.274337640436336,0.18191075556590053,0.11244708602499574,0.08952750625137464
20240821,kanga,MC_withVermelho,0.6329113924050633,19,follower,0.5714285714285714,1.6333333333333333,49.0,30.0,1.7142857142857142,5,1.4,3.3216567230139455,0.4242304284254586,7.8298408139707325,0.027913081705999543,0.12003397322425563,0.2300694934246967,0.00769847133543425,0.713875175429094,4.255524185886292,0.18191075556590053,0.11244708602499574,0.08952750625137464
20240821,kanga,MC_withVermelho,0.6329113924050633,19,follower,0.5714285714285714,1.6333333333333333,49.0,30.0,1.7142857142857142,6,3.2666666666666666,2.501741070937161,0.7986862227938113,3.132320302441238,0.021023034209555976,0.12339692428302255,0.20358148726835246,0.010715071984348089,1.1039963809210047,5.05389140581807,0.18191075556590053,0.11244708602499574,0.08952750625137464
20240821,kanga,MC_withVermelho,0.6329113924050633,19,follower,0.5714285714285714,1.6333333333333333,49.0,30.0,1.7142857142857142,7,1.6666666666666667,2.5702880265952044,0.5844566617286057,4.39773929343751,0.021599059047018525,0.11189142525051332,0.18855484923217272,0.01354805401452222,0.8275367975891978,5.659708733302983,0.18191075556590053,0.11244708602499574,0.08952750625137464
20240821,kanga,MC_withVermelho,0.6329113924050633,19,follower,0.5714285714285714,1.6333333333333333,49.0,30.0,1.7142857142857142,8,3.1333333333333333,3.643183864010892,0.9436145089404668,3.8608815670941983,0.03061499045387304,0.11140882691378608,0.2646443424112379,0.021810306517862636,0.6914378629609411,4.052370923976518,0.18191075556590053,0.11244708602499574,0.08952750625137464
20240821,kanga,MC_withVermelho,0.6329113924050633,19,follower,0.5714285714285714,1.6333333333333333,49.0,30.0,1.7142857142857142,9,1.9333333333333333,2.904030821309821,0.6545480499428562,4.436696162433531,0.024403620347141355,0.11331587112531492,0.22234259015185423,0.022026208259674693,0.7053939026450786,4.680313062977884,0.18191075556590053,0.11244708602499574,0.08952750625137464
20240821,kanga,MC_withVermelho,0.6329113924050633,19,follower,0.5714285714285714,1.6333333333333333,49.0,30.0,1.7142857142857142,10,3.533333333333333,3.4016055591456777,0.8476918005281499,4.012785728287481,0.02858492066508973,0.11303949061050468,0.2555508483909679,0.007678340438509466,0.6695003636212197,4.272061756508839,0.18191075556590053,0.11244708602499574,0.08952750625137464
20240821,kanga,MC_withVermelho,0.6329113924050633,19,follower,0.5714285714285714,1.6333333333333333,49.0,30.0,1.7142857142857142,11,3.1333333333333333,4.63316358800624,0.9307814519369827,4.977713703216254,0.03893414779837177,0.11276250668602192,0.34213358553928136,0.03615969135349485,0.4369504080309598,3.095532612340086,0.18191075556590053,0.11244708602499574,0.08952750625137464
20240821,kanga,MC_withVermelho,0.6329113924050633,19,follower,0.5714285714285714,1.6333333333333333,49.0,30.0,1.7142857142857142,12,3.933333333333333,3.2219338331901386,0.6758234742214467,4.767419239028103,0.02707507422848856,0.12532619954485702,0.24473961855556242,0.02223832790098457,0.5365904301823787,4.680344988109061,0.18191075556590053,0.11244708602499574,0.08952750625137464
20240821,kanga,MC_withVermelho,0.6329113924050633,19,follower,0.5714285714285714,1.6333333333333333,49.0,30.0,1.7142857142857142,13,3.2666666666666666,4.152395309063121,0.7360605197168659,5.641377574034792,0.03489407822742119,0.1120211711254493,0.318360959413785,0.043872593983256755,0.5768935606618766,3.2078603733777196,0.18191075556590053,0.11244708602499574,0.08952750625137464
20240821,kanga,MC_withVermelho,0.6329113924050633,19,follower,0.5714285714285714,1.6333333333333333,49.0,30.0,1.7142857142857142,14,2.0,3.812020352615698,1.0695490182911291,3.564138050172165,0.03203378447576217,0.1108362947289073,0.29321793144431824,0.05839878582149543,0.5406754324082091,3.308221612630609,0.18191075556590053,0.11244708602499574,0.08952750625137464
20240821,kanga,MC_withVermelho,0.6329113924050633,19,follower,0.5714285714285714,1.6333333333333333,49.0,30.0,1.7142857142857142,15,3.3333333333333335,1.4082945148496422,0.5099762386944224,2.7614904538591487,0.01183440768781212,0.12572993339781327,0.17614054765732318,0.009207554368050631,1.6159246729453305,5.8109685833799185,0.18191075556590053,0.11244708602499574,0.08952750625137464
20240821,kanga,MC_withVermelho,0.6329113924050633,19,follower,0.5714285714285714,1.6333333333333333,49.0,30.0,1.7142857142857142,16,1.1666666666666667,2.440877489992461,0.323220241214458,7.55174700947311,0.020511575546155132,0.1283325038538303,0.17590830634167634,0.010036609779509823,1.0409519044410669,5.921236117126761,0.18191075556590053,0.11244708602499574,0.08952750625137464
20240821,kanga,MC_withVermelho,0.6329113924050633,19,follower,0.5714285714285714,1.6333333333333333,49.0,30.0,1.7142857142857142,17,5.133333333333334,4.26093059712589,0.24969875685599935,17.064284383214442,0.03580613947164613,0.1160732397081661,0.3500252096069758,0.043878757905010675,0.22328155758933402,2.7571487047037175,0.18191075556590053,0.11244708602499574,0.08952750625137464
20240821,kanga,MC_withVermelho,0.6329113924050633,19,follower,0.5714285714285714,1.6333333333333333,49.0,30.0,1.7142857142857142,18,4.233333333333333,3.2990804195026127,0.4235206395233906,7.789656776149649,0.027723364869769854,0.12567950418654797,0.24008507043878788,0.014378579954521539,0.6217023474727562,4.368987376704715,0.18191075556590053,0.11244708602499574,0.08952750625137464
20240821,kanga,MC_withVermelho,0.6329113924050633,19,follower,0.5714285714285714,1.6333333333333333,49.0,30.0,1.7142857142857142,19,4.1,4.270848829541003,0.5300141646987914,8.057989982151023,0.03588948596252944,0.11372430366135819,0.2931502635907942,0.0315037663021342,0.5748102054193083,3.403770708332024,0.18191075556590053,0.11244708602499574,0.08952750625137464
20240821,kanga,MC_withVermelho,0.6329113924050633,19,follower,0.5714285714285714,1.6333333333333333,49.0,30.0,1.7142857142857142,20,3.6333333333333333,4.986300612486254,0.8751079245229397,5.697926475988099,0.04190168581921221,0.10584966118910512,0.37784956043979423,0.019748432854763753,0.326165601278666,2.8174707282227156,0.18191075556590053,0.11244708602499574,0.08952750625137464
20240821,kanga,MC_withVermelho,0.6329113924050633,19,follower,0.5714285714285714,1.6333333333333333,49.0,30.0,1.7142857142857142,21,1.8,2.9986597473675376,0.5336202477427429,5.619463954098655,0.025198821406449894,0.12230138428702696,0.24833878312939647,0.0322647108711244,0.8191076422674031,4.187620106323816,0.18191075556590053,0.11244708602499574,0.08952750625137464
20240821,kanga,MC_withVermelho,0.6329113924050633,19,follower,0.5714285714285714,1.6333333333333333,49.0,30.0,1.7142857142857142,22,4.333333333333333,4.229404645355543,0.40227076553398644,10.513825531769138,0.03554121550718944,0.11477628565286367,0.28910205013437107,0.014596369313618384,0.5363583302917775,3.457152131863817,0.18191075556590053,0.11244708602499574,0.08952750625137464
20240821,kanga,MC_withVermelho,0.6329113924050633,19,follower,0.5714285714285714,1.6333333333333333,49.0,30.0,1.7142857142857142,23,4.266666666666667,4.680892607841922,1.0639128931268789,4.399695349197816,0.03933523199867161,0.11345711331221278,0.3790879096920824,0.06164842766105565,0.5299421047114923,2.710895931409539,0.18191075556590053,0.11244708602499574,0.08952750625137464
20240821,kanga,MC_withVermelho,0.6329113924050633,19,follower,0.5714285714285714,1.6333333333333333,49.0,30.0,1.7142857142857142,24,2.5,3.416907604692327,0.8893522829936744,3.8420181406524034,0.0287135092831288,0.13247008548242512,0.2766290276489241,0.03280622056401448,0.8240135545874518,3.733177560761778,0.18191075556590053,0.11244708602499574,0.08952750625137464
20240821,kanga,MC_withVermelho,0.6329113924050633,19,follower,0.5714285714285714,1.6333333333333333,49.0,30.0,1.7142857142857142,25,3.0,3.198956507335762,0.33190337667118286,9.638216216477282,0.026881987456603043,0.12269300995597435,0.23213919966842325,0.027256156747624726,0.5860534738851559,4.308827635997817,0.18191075556590053,0.11244708602499574,0.08952750625137464
20240821,kanga,MC_withVermelho,0.6329113924050633,19,follower,0.5714285714285714,1.6333333333333333,49.0,30.0,1.7142857142857142,26,3.933333333333333,2.984774829827652,0.4783045884615428,6.240322384169722,0.025082141427123127,0.12701931988006904,0.23552024510435043,0.029172425469821097,0.7145621927540886,4.185712467936055,0.18191075556590053,0.11244708602499574,0.08952750625137464
20240821,kanga,MC_withVermelho,0.6329113924050633,19,follower,0.5714285714285714,1.6333333333333333,49.0,30.0,1.7142857142857142,27,1.8333333333333333,4.3462181599195935,0.7191670448917774,6.043405618751102,0.03652284167999659,0.13182811187868418,0.34732276412786856,0.044997739999684726,0.37052364715268243,3.068591533395503,0.18191075556590053,0.11244708602499574,0.08952750625137464
20240821,kanga,MC_withVermelho,0.6329113924050633,19,follower,0.5714285714285714,1.6333333333333333,49.0,30.0,1.7142857142857142,28,3.7,4.975658098897038,0.34584840580002946,14.386818084030661,0.041812252931907885,0.10849038508780609,0.4138921913035752,0.07025656612565256,0.10915512586910275,2.5106945112107453,0.18191075556590053,0.11244708602499574,0.08952750625137464
20240821,kanga,MC_withVermelho,0.6329113924050633,19,follower,0.5714285714285714,1.6333333333333333,49.0,30.0,1.7142857142857142,29,3.3666666666666667,3.6782254888196877,0.9977405567667953,3.6865550506827898,0.030909457889241074,0.10845467224868403,0.2657370346293305,0.05705699174144978,0.6126975785316788,3.827045063107962,0.18191075556590053,0.11244708602499574,0.08952750625137464
20240821,kanga,MC_withVermelho,0.6329113924050633,19,follower,0.5714285714285714,1.6333333333333333,49.0,30.0,1.7142857142857142,30,3.5,4.6811618906089185,0.5599665020443889,8.359717721539422,0.03933749487906654,0.12455933359458948,0.3500295252218714,0.038110627496935626,0.2322241425583203,2.8038499404254704,0.18191075556590053,0.11244708602499574,0.08952750625137464
20240821,kanga,MC_withVermelho,0.6329113924050633,19,follower,0.5714285714285714,1.6333333333333333,49.0,30.0,1.7142857142857142,31,3.2333333333333334,2.784945089184225,0.35134477808414466,7.926530470640009,0.023402899909111135,0.1294087955329234,0.21175699450392427,0.0209371769907594,0.26805170800312905,4.80314417443381,0.18191075556590053,0.11244708602499574,0.08952750625137464
20240821,kanga,MC_withVermelho,0.6329113924050633,19,follower,0.5714285714285714,1.6333333333333333,49.0,30.0,1.7142857142857142,32,3.3666666666666667,2.8706565782984477,1.1369460183821891,2.5248837956117143,0.024123164523516368,0.12523946723002477,0.2334682323437475,0.027746960373689473,1.0300314529263777,4.59093498831876,0.18191075556590053,0.11244708602499574,0.08952750625137464
20240821,kanga,MC_withVermelho,0.6329113924050633,19,follower,0.5714285714285714,1.6333333333333333,49.0,30.0,1.7142857142857142,33,3.7333333333333334,3.0279897583505,0.5504138072560252,5.501296875973951,0.02544529208697899,0.10447338022270952,0.2654828158807106,0.03803900662165666,0.4804497531622255,3.795319143785195,0.18191075556590053,0.11244708602499574,0.08952750625137464
20240821,kanga,MC_withVermelho,0.6329113924050633,19,follower,0.5714285714285714,1.6333333333333333,49.0,30.0,1.7142857142857142,34,3.966666666666667,2.9796586313565743,0.6156555236550141,4.839814663997463,0.02503914816266029,0.12161248583974509,0.23390820716069943,0.020302543634886802,0.527249097139847,4.361669936258789,0.18191075556590053,0.11244708602499574,0.08952750625137464
20240821,kanga,MC_withVermelho,0.6329113924050633,19,follower,0.5714285714285714,1.6333333333333333,49.0,30.0,1.7142857142857142,35,1.5333333333333334,2.9833428313690273,0.17150530411925566,17.395047031866547,0.02507010782663048,0.12732467322701232,0.24310113245014744,0.012700395700071221,0.13158413131029606,4.137123882495898,0.18191075556590053,0.11244708602499574,0.08952750625137464
20240821,kanga,MC_withVermelho,0.6329113924050633,19,follower,0.5714285714285714,1.6333333333333333,49.0,30.0,1.7142857142857142,36,4.6,3.2477439323997603,0.23584532147618886,13.770652358383353,0.02729196581848538,0.12049727581150192,0.2980367633055229,0.018234580515469095,0.21583876713341832,3.4522363711472095,0.18191075556590053,0.11244708602499574,0.08952750625137464
20240821,kanga,MC_withVermelho,0.6329113924050633,19,follower,0.5714285714285714,1.6333333333333333,49.0,30.0,1.7142857142857142,37,2.4,2.6309987036976437,0.265362980546459,9.914716432109925,0.02210923280418188,0.11982612453552954,0.18832212764363596,0.0051562083403625435,0.5301997603515037,5.265828365819208,0.18191075556590053,0.11244708602499574,0.08952750625137464
20240821,kanga,MC_withVermelho,0.6329113924050633,19,follower,0.5714285714285714,1.6333333333333333,49.0,30.0,1.7142857142857142,38,4.466666666666667,3.1792116871434697,0.5824955536400005,5.457915802578498,0.026716064597844282,0.12002750280884632,0.22853212397411557,0.016270140692994258,0.6809012692927706,4.675594724997768,0.18191075556590053,0.11244708602499574,0.08952750625137464
20240821,kanga,MC_withVermelho,0.6329113924050633,19,follower,0.5714285714285714,1.6333333333333333,49.0,30.0,1.7142857142857142,39,2.2333333333333334,2.1461790075648746,0.588648550895905,3.645942904808746,0.018035117710629198,0.12867929560606448,0.15142625901440113,0.013676494538738464,0.8974903143337452,6.553543160512908,0.18191075556590053,0.11244708602499574,0.08952750625137464
20240821,kanga,MC_withVermelho,0.6329113924050633,19,follower,0.5714285714285714,1.6333333333333333,49.0,30.0,1.7142857142857142,40,3.3666666666666667,2.302530975367928,0.304853656437641,7.552905883675762,0.0193489997930078,0.12374707708822756,0.18827397920541436,0.009530651180019084,0.543507941479482,5.358371200086673,0.18191075556590053,0.11244708602499574,0.08952750625137464
20240821,kanga,MC_withVermelho,0.6329113924050633,19,follower,0.5714285714285714,1.6333333333333333,49.0,30.0,1.7142857142857142,41,4.566666666666666,2.690893239096932,0.5529630419527762,4.8663166160148865,0.022612548227705313,0.12816163615914658,0.18035711260239065,0.0038957611308931936,0.7952848384226572,5.260848262993127,0.18191075556590053,0.11244708602499574,0.08952750625137464
20240821,kanga,MC_withVermelho,0.6329113924050633,19,follower,0.5714285714285714,1.6333333333333333,49.0,30.0,1.7142857142857142,42,2.2,2.807324558803185,0.7984823236627712,3.515825555067419,0.023590962679018362,0.10602887872586485,0.21255764608836927,0.007817729355618811,0.8568819737156183,5.026236813024482,0.18191075556590053,0.11244708602499574,0.08952750625137464
20240821,kanga,MC_withVermelho,0.6329113924050633,19,follower,0.5714285714285714,1.6333333333333333,49.0,30.0,1.7142857142857142,43,1.2333333333333334,3.1055289579864813,0.7246266474535221,4.285695218220182,0.026096881999886398,0.11725973494692275,0.22374904275539945,0.017368911065902572,0.819624282350582,4.753993413675605,0.18191075556590053,0.11244708602499574,0.08952750625137464
20240821,kanga,MC_withVermelho,0.6329113924050633,19,follower,0.5714285714285714,1.6333333333333333,49.0,30.0,1.7142857142857142,44,2.6666666666666665,1.6899147711977287,0.4131160188944304,4.090654184072144,0.01420096446384646,0.12636376180536663,0.14759377867065399,0.005821763355580722,1.4153838001145733,6.823116465012947,0.18191075556590053,0.11244708602499574,0.08952750625137464
20240821,kanga,MC_withVermelho,0.6329113924050633,19,follower,0.5714285714285714,1.6333333333333333,49.0,30.0,1.7142857142857142,45,3.9,2.722101357526774,0.19356791848301055,14.062771242568756,0.022874801323754402,0.13276497431881804,0.22113656791792427,0.011347455487636883,0.28755385960528995,4.443724291443836,0.18191075556590053,0.11244708602499574,0.08952750625137464
20240821,kanga,MC_withVermelho,0.6329113924050633,19,follower,0.5714285714285714,1.6333333333333333,49.0,30.0,1.7142857142857142,46,3.1,3.068752917727024,0.3221471245547251,9.525936082678633,0.025787839644764908,0.13651083608512654,0.24856185654339494,0.012539012095730703,0.7160556413161082,3.929821767692549,0.18191075556590053,0.11244708602499574,0.08952750625137464
20240821,kanga,MC_withVermelho,0.6329113924050633,19,follower,0.5714285714285714,1.6333333333333333,49.0,30.0,1.7142857142857142,47,3.066666666666667,2.2450796521316874,0.5250515532093215,4.275922313549742,0.018866215564131827,0.11121756282723323,0.1895368002747476,0.006832115776077082,1.0263474840656062,5.324420614196086,0.18191075556590053,0.11244708602499574,0.08952750625137464
20240821,kanga,MC_withVermelho,0.6329113924050633,19,follower,0.5714285714285714,1.6333333333333333,49.0,30.0,1.7142857142857142,48,3.3333333333333335,2.704620049904832,0.2855496926224886,9.47162654971049,0.022727899579032203,0.11216129259823955,0.2236179341144756,0.011367528274809063,0.27195399310339174,4.8405947525519135,0.18191075556590053,0.11244708602499574,0.08952750625137464
20240822,kanga,MC_withVermelho,0.7529411764705882,16,follower,0.5714285714285714,1.3611111111111112,49.0,36.0,1.7142857142857142,0,4.933333333333334,2.8717591905622633,0.3234426767802545,8.87872688647492,0.024132430172792128,0.12892827682289898,0.20922691631166757,0.008933597466719916,0.7365875981411534,4.674589439766401,0.20938391515302673,0.10491754567459403,0.09213096423518158
20240822,kanga,MC_withVermelho,0.7529411764705882,16,follower,0.5714285714285714,1.3611111111111112,49.0,36.0,1.7142857142857142,1,10.233333333333333,2.1048428198236757,0.5791486735703502,3.6343738937494035,0.01768775478843425,0.13294318559340862,0.14709544780131373,0.001906333812079972,1.3954837463119438,7.0608728328349155,0.20938391515302673,0.10491754567459403,0.09213096423518158
20240822,kanga,MC_withVermelho,0.7529411764705882,16,follower,0.5714285714285714,1.3611111111111112,49.0,36.0,1.7142857142857142,2,2.933333333333333,1.9285883179911465,0.13709551976016437,14.067478801386281,0.016206624520934004,0.12834165410186654,0.1451806033570558,0.0024939375635799916,0.5811907762931992,6.734114324186237,0.20938391515302673,0.10491754567459403,0.09213096423518158
20240822,kanga,MC_withVermelho,0.7529411764705882,16,follower,0.5714285714285714,1.3611111111111112,49.0,36.0,1.7142857142857142,3,3.4,2.8549765174747326,0.4365428533982814,6.539968516836501,0.02399139930651036,0.11613399328982975,0.1934808759291111,0.006639378152987474,0.9531734446775678,5.09092876243717,0.20938391515302673,0.10491754567459403,0.09213096423518158
20240822,kanga,MC_withVermelho,0.7529411764705882,16,follower,0.5714285714285714,1.3611111111111112,49.0,36.0,1.7142857142857142,4,2.7333333333333334,1.5786664383443607,0.5649630731907819,2.794282517312883,0.013266104523902192,0.1255230326380383,0.15342403323084775,0.01026604984293678,1.8843653127346318,6.7979045809875585,0.20938391515302673,0.10491754567459403,0.09213096423518158
20240822,kanga,MC_withVermelho,0.7529411764705882,16,follower,0.5714285714285714,1.3611111111111112,49.0,36.0,1.7142857142857142,5,2.7666666666666666,3.5660374075098002,0.6423151720803093,5.5518498745097915,0.0299667009034437,0.12743796626495502,0.2618661176010892,0.03025041398815549,0.6551533934458659,3.9506010995680363,0.20938391515302673,0.10491754567459403,0.09213096423518158
20240822,kanga,MC_withVermelho,0.7529411764705882,16,follower,0.5714285714285714,1.3611111111111112,49.0,36.0,1.7142857142857142,6,3.466666666666667,2.2881592604126406,0.23093023113298186,9.90844398841396,0.01922822907909782,0.1328498095675246,0.16261188262671186,0.004730771942201395,0.4803227401788788,6.028656985980852,0.20938391515302673,0.10491754567459403,0.09213096423518158
20240822,kanga,MC_withVermelho,0.7529411764705882,16,follower,0.5714285714285714,1.3611111111111112,49.0,36.0,1.7142857142857142,7,3.1333333333333333,3.197960827449867,0.6241681976646548,5.123556181515077,0.026873620398738376,0.11003217181235671,0.21855639216566225,0.015610090105627058,0.8111831057548441,4.763114839338643,0.20938391515302673,0.10491754567459403,0.09213096423518158
20240822,kanga,MC_withVermelho,0.7529411764705882,16,follower,0.5714285714285714,1.3611111111111112,49.0,36.0,1.7142857142857142,8,2.8333333333333335,1.928700597831157,0.5225154688821588,3.691183730803825,0.01620756804900132,0.1231592802174177,0.16709518785392324,0.014382495194433432,1.1255217067831578,6.0981982999048245,0.20938391515302673,0.10491754567459403,0.09213096423518158
20240822,kanga,MC_withVermelho,0.7529411764705882,16,follower,0.5714285714285714,1.3611111111111112,49.0,36.0,1.7142857142857142,9,2.8666666666666667,1.82200017899618,0.7530838623558042,2.419385502826447,0.015310925873917478,0.11804036440606491,0.17843383413577338,0.004563159901315689,1.5561841741792608,5.542394611884578,0.20938391515302673,0.10491754567459403,0.09213096423518158
20240822,kanga,MC_withVermelho,0.7529411764705882,16,follower,0.5714285714285714,1.3611111111111112,49.0,36.0,1.7142857142857142,10,1.2333333333333334,1.5953919497092792,0.34457558671456406,4.6300202661509315,0.013406655039573775,0.1179378197756767,0.1393788655203266,0.0034934870668704423,1.1757672602019156,7.04477028594507,0.20938391515302673,0.10491754567459403,0.09213096423518158
20240822,kanga,MC_withVermelho,0.7529411764705882,16,follower,0.5714285714285714,1.3611111111111112,49.0,36.0,1.7142857142857142,11,2.033333333333333,2.6725780600534224,0.8242929513010747,3.242267273831458,0.022458639160112794,0.12305803368496791,0.19860454138892347,0.01444867228119454,1.02952599985579,4.94809530172858,0.20938391515302673,0.10491754567459403,0.09213096423518158
20240822,kanga,MC_withVermelho,0.7529411764705882,16,follower,0.5714285714285714,1.3611111111111112,49.0,36.0,1.7142857142857142,12,2.3666666666666667,3.342455416765549,0.8765899469979537,3.8130204757793686,0.028087860645088645,0.11490913854058475,0.2448145429878036,0.011185521356870674,0.6335756929055821,4.363220165583786,0.20938391515302673,0.10491754567459403,0.09213096423518158
20240822,kanga,MC_withVermelho,0.7529411764705882,16,follower,0.5714285714285714,1.3611111111111112,49.0,36.0,1.7142857142857142,13,3.0,2.438318965797204,0.30275086053989636,8.053879554459215,0.02049007534283365,0.1214715065132923,0.18944671843551972,0.01455833955738041,0.6338301532199364,5.510003243321226,0.20938391515302673,0.10491754567459403,0.09213096423518158
20240822,kanga,MC_withVermelho,0.7529411764705882,16,follower,0.5714285714285714,1.3611111111111112,49.0,36.0,1.7142857142857142,14,3.5,2.3490264219665087,0.5958410153188393,3.942371138565421,0.019739717831651335,0.11826475496948086,0.17516617838540252,0.005781542640189551,1.065134404770844,6.294538174304164,0.20938391515302673,0.10491754567459403,0.09213096423518158
20240822,kanga,MC_withVermelho,0.7529411764705882,16,follower,0.5714285714285714,1.3611111111111112,49.0,36.0,1.7142857142857142,15,2.566666666666667,2.077150850515042,0.37832347426445173,5.490409640991755,0.01745504916399195,0.1401689771689041,0.13636613070684372,0.010541071736122008,0.8087867888362451,7.680944704738351,0.20938391515302673,0.10491754567459403,0.09213096423518158
20240822,kanga,MC_withVermelho,0.7529411764705882,16,follower,0.5714285714285714,1.3611111111111112,49.0,36.0,1.7142857142857142,16,1.4666666666666666,2.955412005589464,0.6800891581733759,4.345624349500419,0.02483539500495348,0.11492739930937275,0.25344992104505465,0.03778009562505853,0.5417791089205534,4.224490874018093,0.20938391515302673,0.10491754567459403,0.09213096423518158
20240822,kanga,MC_withVermelho,0.7529411764705882,16,follower,0.5714285714285714,1.3611111111111112,49.0,36.0,1.7142857142857142,17,2.433333333333333,2.4935883435073634,0.34981784302126423,7.128248010367461,0.02095452389501986,0.11530581410620787,0.20491294747261624,0.01846387006480256,0.7810440440022964,4.801727677947775,0.20938391515302673,0.10491754567459403,0.09213096423518158
20240822,kanga,MC_withVermelho,0.7529411764705882,16,follower,0.5714285714285714,1.3611111111111112,49.0,36.0,1.7142857142857142,18,6.2,5.1900314241201615,0.934869178810488,5.551612505531384,0.04361370944638791,0.11642908384855528,0.35548460266818815,0.028355636126467184,0.5355143991513558,2.8825360620649585,0.20938391515302673,0.10491754567459403,0.09213096423518158
20240822,kanga,MC_withVermelho,0.7529411764705882,16,follower,0.5714285714285714,1.3611111111111112,49.0,36.0,1.7142857142857142,19,2.433333333333333,2.2780698290927957,0.5733806892444736,3.9730494448540625,0.019143443941956266,0.13506656766522565,0.21973798564396663,0.027178566480683865,0.9470730696408548,4.4027470929163,0.20938391515302673,0.10491754567459403,0.09213096423518158
20240822,kanga,MC_withVermelho,0.7529411764705882,16,follower,0.5714285714285714,1.3611111111111112,49.0,36.0,1.7142857142857142,20,1.8666666666666667,3.902874478053134,0.6963756005410986,5.604553742291542,0.03279726452145491,0.12202276646826657,0.2552341143675076,0.029229014633819075,0.6790226281107802,3.7716502168349675,0.20938391515302673,0.10491754567459403,0.09213096423518158
20240822,kanga,MC_withVermelho,0.7529411764705882,16,follower,0.5714285714285714,1.3611111111111112,49.0,36.0,1.7142857142857142,21,2.1666666666666665,3.942310828681825,0.5635132642124756,6.995950368961246,0.03312866242589769,0.1193954409309072,0.27071966904995165,0.010997175656001444,0.5445039645672424,3.7280481194170183,0.20938391515302673,0.10491754567459403,0.09213096423518158
20240822,kanga,MC_withVermelho,0.7529411764705882,16,follower,0.5714285714285714,1.3611111111111112,49.0,36.0,1.7142857142857142,22,3.8,4.408864174120926,0.07376972222635378,59.7652267225955,0.03704927877412543,0.11480409069622274,0.33859478220753575,0.04000112501206351,0.10755271739037021,3.010802870423455,0.20938391515302673,0.10491754567459403,0.09213096423518158
20240822,kanga,MC_withVermelho,0.7529411764705882,16,follower,0.5714285714285714,1.3611111111111112,49.0,36.0,1.7142857142857142,23,2.933333333333333,4.521300105487975,0.5190111975975276,8.711372946126804,0.037994118533512394,0.12685117283714373,0.3602431348181812,0.10828893770744191,0.42406713089640863,2.7746258421082106,0.20938391515302673,0.10491754567459403,0.09213096423518158
20240822,kanga,MC_withVermelho,0.7529411764705882,16,follower,0.5714285714285714,1.3611111111111112,49.0,36.0,1.7142857142857142,24,2.7666666666666666,3.3659938142197867,0.49429491824530974,6.80968727368001,0.028285662304367954,0.11710179497675469,0.2621105532269451,0.034370434871318085,0.6567806789784917,3.6820377642494253,0.20938391515302673,0.10491754567459403,0.09213096423518158
20240822,kanga,MC_withVermelho,0.7529411764705882,16,follower,0.5714285714285714,1.3611111111111112,49.0,36.0,1.7142857142857142,25,3.466666666666667,3.7125642546828717,0.8996394975312026,4.126724387791907,0.031198018946914888,0.11441238879435009,0.3217035914338073,0.04618625037505012,0.5220605483384197,3.0940796232796304,0.20938391515302673,0.10491754567459403,0.09213096423518158
20240822,kanga,MC_withVermelho,0.7529411764705882,16,follower,0.5714285714285714,1.3611111111111112,49.0,36.0,1.7142857142857142,26,3.3666666666666667,2.744833180155436,0.2621562448183352,10.470218560147236,0.023065825043322993,0.11619733447106628,0.22399096775386118,0.019327958480641533,0.2051242042432167,4.442408007361732,0.20938391515302673,0.10491754567459403,0.09213096423518158
20240822,kanga,MC_withVermelho,0.7529411764705882,16,follower,0.5714285714285714,1.3611111111111112,49.0,36.0,1.7142857142857142,27,3.3333333333333335,1.934417303864482,0.18935916121114862,10.21559924268714,0.01625560759549985,0.1385271757479227,0.14558341280167847,0.007043334714381602,0.6084417088040932,6.798659851544843,0.20938391515302673,0.10491754567459403,0.09213096423518158
20240822,kanga,MC_withVermelho,0.7529411764705882,16,follower,0.5714285714285714,1.3611111111111112,49.0,36.0,1.7142857142857142,28,4.033333333333333,2.16458947943018,0.3560190008949085,6.079983017729816,0.018189827558236806,0.12129641782706549,0.18794656343457358,0.018079960516455464,0.7040051604738763,5.639364458116375,0.20938391515302673,0.10491754567459403,0.09213096423518158
20240822,kanga,MC_withVermelho,0.7529411764705882,16,follower,0.5714285714285714,1.3611111111111112,49.0,36.0,1.7142857142857142,29,3.2666666666666666,5.088204423722739,0.3542488191039725,14.363363120285644,0.04275802036741797,0.13276011826281525,0.3675384987553509,0.10908858306941653,0.2557560504164335,2.5755050277888274,0.20938391515302673,0.10491754567459403,0.09213096423518158
20240822,kanga,MC_withVermelho,0.7529411764705882,16,follower,0.5714285714285714,1.3611111111111112,49.0,36.0,1.7142857142857142,30,4.266666666666667,4.9700559009008956,0.5520795187763934,9.002427606654066,0.04176517563782265,0.11726285664460058,0.35655429698443314,0.0682734665737053,0.42414907530929535,2.8253962463303752,0.20938391515302673,0.10491754567459403,0.09213096423518158
20240822,kanga,MC_withVermelho,0.7529411764705882,16,follower,0.5714285714285714,1.3611111111111112,49.0,36.0,1.7142857142857142,31,1.3666666666666667,1.8944132462254903,0.43003165318500053,4.405287918214034,0.015919439043911684,0.11893266218786702,0.14841224412409107,0.009989545502231597,1.1151378888850108,7.336595028682149,0.20938391515302673,0.10491754567459403,0.09213096423518158
20240822,kanga,MC_withVermelho,0.7529411764705882,16,follower,0.5714285714285714,1.3611111111111112,49.0,36.0,1.7142857142857142,32,1.9,2.5558524224422734,0.6752084038694415,3.7852793416008397,0.021477751449094733,0.11851516843563968,0.2076449662302874,0.008570614132574527,1.1220140257294713,5.031054588758691,0.20938391515302673,0.10491754567459403,0.09213096423518158
20240822,kanga,MC_withVermelho,0.7529411764705882,16,follower,0.5714285714285714,1.3611111111111112,49.0,36.0,1.7142857142857142,33,4.1,2.0751652386144763,0.42797795981642267,4.848766603552669,0.01743836334970148,0.11983470056941137,0.14058537334149204,0.006174557111786998,1.032768000829544,6.855479829445189,0.20938391515302673,0.10491754567459403,0.09213096423518158
20240822,kanga,MC_withVermelho,0.7529411764705882,16,follower,0.5714285714285714,1.3611111111111112,49.0,36.0,1.7142857142857142,34,6.033333333333333,3.0811443286267908,0.4043114248541903,7.620720413077533,0.02589196914812429,0.11937430319802621,0.24516380652315017,0.020383669188605468,0.32637653037443065,4.332395595173936,0.20938391515302673,0.10491754567459403,0.09213096423518158
20240822,kanga,MC_withVermelho,0.7529411764705882,16,follower,0.5714285714285714,1.3611111111111112,49.0,36.0,1.7142857142857142,35,2.3666666666666667,3.2374069196444175,0.426961121350796,7.5824396127733795,0.027205100165079137,0.12773986141588334,0.22537256100748865,0.013586127837477237,0.5685762568123344,4.410291077809835,0.20938391515302673,0.10491754567459403,0.09213096423518158
20240822,kanga,MC_withVermelho,0.7529411764705882,16,follower,0.5714285714285714,1.3611111111111112,49.0,36.0,1.7142857142857142,36,3.066666666666667,1.8970248213390088,0.5175723215195583,3.6652362239338236,0.015941385053268982,0.11419762295887045,0.1388209977229346,0.007497226330363379,1.1159461484497044,7.37854338981881,0.20938391515302673,0.10491754567459403,0.09213096423518158
20240822,kanga,MC_withVermelho,0.7529411764705882,16,follower,0.5714285714285714,1.3611111111111112,49.0,36.0,1.7142857142857142,37,3.2333333333333334,2.5068153384303025,0.28363454602538885,8.838187638137391,0.021065675112859686,0.12401103632792138,0.1889489769552785,0.008841365666055262,0.6991280803477219,5.4042085432576155,0.20938391515302673,0.10491754567459403,0.09213096423518158
20240822,kanga,MC_withVermelho,0.7529411764705882,16,follower,0.5714285714285714,1.3611111111111112,49.0,36.0,1.7142857142857142,38,2.8333333333333335,2.1224217932673515,0.42923692585506673,4.944639348162684,0.01783547725434749,0.12310769359654991,0.14401170320430898,0.006842669666467536,1.0645533726865952,6.980694547900073,0.20938391515302673,0.10491754567459403,0.09213096423518158
20240822,kanga,MC_withVermelho,0.7529411764705882,16,follower,0.5714285714285714,1.3611111111111112,49.0,36.0,1.7142857142857142,39,2.433333333333333,2.5088825445740044,0.26014866855882113,9.644033769124333,0.02108304659305886,0.11766478923891747,0.20635880611526405,0.008695487269160685,0.1880554156432776,4.828575014984656,0.20938391515302673,0.10491754567459403,0.09213096423518158
20240822,kanga,MC_withVermelho,0.7529411764705882,16,follower,0.5714285714285714,1.3611111111111112,49.0,36.0,1.7142857142857142,40,3.4,1.6139931112084434,0.518371362912872,3.1135846358081394,0.013562967321079356,0.11742670496266198,0.16662452319903137,0.009995728827520199,1.3745471875348907,5.983007613715735,0.20938391515302673,0.10491754567459403,0.09213096423518158
20240822,kanga,MC_withVermelho,0.7529411764705882,16,follower,0.5714285714285714,1.3611111111111112,49.0,36.0,1.7142857142857142,41,2.933333333333333,2.107998323491369,0.7783688667539284,2.708225384556377,0.01771427162597789,0.1101344520874133,0.2192440086624447,0.011047525705122392,1.0239088649020804,4.883450765416208,0.20938391515302673,0.10491754567459403,0.09213096423518158
20240822,kanga,MC_withVermelho,0.7529411764705882,16,follower,0.5714285714285714,1.3611111111111112,49.0,36.0,1.7142857142857142,42,3.2,1.2353579876489031,0.18796765611976296,6.572183816889215,0.010381159560074816,0.1575181749938238,0.09564376459668207,0.001312979729326212,1.4574309894442738,10.69510481889038,0.20938391515302673,0.10491754567459403,0.09213096423518158
20240822,kanga,MC_withVermelho,0.7529411764705882,16,follower,0.5714285714285714,1.3611111111111112,49.0,36.0,1.7142857142857142,43,4.566666666666666,2.6986514274523428,0.5081606942082404,5.3106260641765735,0.022677743087834813,0.12141457834903,0.1963436950809895,0.007563093817952427,0.6549319018156524,5.30399417559794,0.20938391515302673,0.10491754567459403,0.09213096423518158
20240822,kanga,MC_withVermelho,0.7529411764705882,16,follower,0.5714285714285714,1.3611111111111112,49.0,36.0,1.7142857142857142,44,0.5,1.6741612221186786,0.3726695533110761,4.492347730701833,0.01406858169847629,0.13469102635508035,0.1564217731701067,0.007695582670797634,1.154544955509126,6.343601389623928,0.20938391515302673,0.10491754567459403,0.09213096423518158
20240822,kanga,MC_withVermelho,0.7529411764705882,16,follower,0.5714285714285714,1.3611111111111112,49.0,36.0,1.7142857142857142,45,6.1,1.3324956370408052,0.4263958757404161,3.1250199939832677,0.011197442328073993,0.17100318871795114,0.10806065750441658,0.003380216396052882,1.0333570731270352,9.996184896439882,0.20938391515302673,0.10491754567459403,0.09213096423518158
20240822,kanga,MC_withVermelho,0.7529411764705882,16,follower,0.5714285714285714,1.3611111111111112,49.0,36.0,1.7142857142857142,46,1.6666666666666667,1.4955611120142431,0.5042363056007475,2.965992522558308,0.01256774043709448,0.13471700134754083,0.14075715017478813,0.003926719077749418,1.7160116948759772,7.69584080813778,0.20938391515302673,0.10491754567459403,0.09213096423518158
20240822,kanga,MC_withVermelho,0.7529411764705882,16,follower,0.5714285714285714,1.3611111111111112,49.0,36.0,1.7142857142857142,47,3.7333333333333334,2.082504647231744,0.5454905621007731,3.817673103658621,0.017500039052367595,0.12813164108479597,0.19474962449429356,0.017807294081483373,0.8898652963248314,5.348410321656963,0.20938391515302673,0.10491754567459403,0.09213096423518158
20240822,kanga,MC_withVermelho,0.7529411764705882,16,follower,0.5714285714285714,1.3611111111111112,49.0,36.0,1.7142857142857142,48,3.2,1.3622120256675398,0.3060927491646128,4.450324384962675,0.011447159879559158,0.15935476368938087,0.09693709231068678,0.002196076229872712,1.4677965771879244,11.014561927878697,0.20938391515302673,0.10491754567459403,0.09213096423518158
20250415,kanga,MC_withDodson,0.6666666666666666,42,follower,0.8125,0.8421052631578947,48.0,57.0,3.3080357142857144,0,1.5333333333333334,7.4963847150105165,1.7508962046938612,4.281455802413619,0.0629948295379035,0.11974420430335748,0.5552238779608664,0.17949622132965276,0.31718777688868743,1.9396082131636252,0.15118864679055075,0.09569638516449491,0.059895520128724726
20250415,kanga,MC_withDodson,0.6666666666666666,42,follower,0.8125,0.8421052631578947,48.0,57.0,3.3080357142857144,1,3.3666666666666667,6.878781412205865,1.4630279497928849,4.7017429934812025,0.05780488581685601,0.1202797105185029,0.5027876548875077,0.11546644792767032,0.3459866233605615,2.222380525261182,0.15118864679055075,0.09569638516449491,0.059895520128724726
20250415,kanga,MC_withDodson,0.6666666666666666,42,follower,0.8125,0.8421052631578947,48.0,57.0,3.3080357142857144,2,2.3,7.950878142022252,1.0718989084957278,7.417563427861203,0.06681410203380043,0.12453843082660021,0.5862490482414219,0.18537546424503942,0.16860943296162392,1.7754892136555727,0.15118864679055075,0.09569638516449491,0.059895520128724726
20250415,kanga,MC_withDodson,0.6666666666666666,42,follower,0.8125,0.8421052631578947,48.0,57.0,3.3080357142857144,3,2.8,6.925398683601925,1.149900020108859,6.022609411682861,0.058196627593293485,0.12437195455765739,0.511152608996796,0.1406332048469245,0.3246835609855419,2.1085355173015126,0.15118864679055075,0.09569638516449491,0.059895520128724726
20250415,kanga,MC_withDodson,0.6666666666666666,42,follower,0.8125,0.8421052631578947,48.0,57.0,3.3080357142857144,4,3.9,6.122865450484445,0.7634370810755913,8.020131065494045,0.0514526508444071,0.12359486727727344,0.47140426114912387,0.07161920944376156,0.21892191835562044,2.1962171065300455,0.15118864679055075,0.09569638516449491,0.059895520128724726
20250415,kanga,MC_withDodson,0.6666666666666666,42,follower,0.8125,0.8421052631578947,48.0,57.0,3.3080357142857144,5,4.633333333333334,3.601415350188534,0.2918723779495418,12.33900712184261,0.030263994539399444,0.1300172317096746,0.268623304591717,0.028467190679958943,0.23873370305713815,3.72504399254664,0.15118864679055075,0.09569638516449491,0.059895520128724726
20250415,kanga,MC_withDodson,0.6666666666666666,42,follower,0.8125,0.8421052631578947,48.0,57.0,3.3080357142857144,6,4.133333333333334,4.167416250326559,0.69677811413593,5.980980409372565,0.03502030462459293,0.13523975336433244,0.3124479851155802,0.0503702448012417,0.41684877199331266,3.224305795678609,0.15118864679055075,0.09569638516449491,0.059895520128724726
20250415,kanga,MC_withDodson,0.6666666666666666,42,follower,0.8125,0.8421052631578947,48.0,57.0,3.3080357142857144,7,3.566666666666667,4.254905564296914,0.9471943191256534,4.492114741803539,0.03575550894367155,0.15294900867440878,0.25616214149083927,0.03739968673702855,0.41775632903066506,3.786323063604381,0.15118864679055075,0.09569638516449491,0.059895520128724726
20250415,kanga,MC_withDodson,0.6666666666666666,42,follower,0.8125,0.8421052631578947,48.0,57.0,3.3080357142857144,8,3.2333333333333334,4.537354082320192,1.0892245279306125,4.165673803674423,0.038129025901850355,0.15770772375908068,0.28629314546513124,0.07836273627103482,0.45231037721364986,3.614820744740396,0.15118864679055075,0.09569638516449491,0.059895520128724726
20250415,kanga,MC_withDodson,0.6666666666666666,42,follower,0.8125,0.8421052631578947,48.0,57.0,3.3080357142857144,9,4.2,5.229758228160654,0.6120641028073794,8.544461608143834,0.043947548135803816,0.13676021080355105,0.34192276351938583,0.10442589546584932,0.2937762561451357,2.929140886881138,0.15118864679055075,0.09569638516449491,0.059895520128724726
20250415,kanga,MC_withDodson,0.6666666666666666,42,follower,0.8125,0.8421052631578947,48.0,57.0,3.3080357142857144,10,4.0,4.382293473026523,0.6718642907784357,6.522587274208468,0.03682599557165145,0.1284943664988224,0.3130142138001998,0.08892588758331928,0.38294871299784705,3.222321138778172,0.15118864679055075,0.09569638516449491,0.059895520128724726
20250415,kanga,MC_withDodson,0.6666666666666666,42,follower,0.8125,0.8421052631578947,48.0,57.0,3.3080357142857144,11,4.266666666666667,5.33426853688064,0.48601402080775824,10.97554454913678,0.04482578602420706,0.12961353912600915,0.37965161199616515,0.03381005324811262,0.48139973549767506,2.6394813350594113,0.15118864679055075,0.09569638516449491,0.059895520128724726
20250415,kanga,MC_withDodson,0.6666666666666666,42,follower,0.8125,0.8421052631578947,48.0,57.0,3.3080357142857144,12,3.933333333333333,6.225539613676104,0.9460288922150354,6.58070769815455,0.052315458938454656,0.12590060489937893,0.4485818454845486,0.07954406502044205,0.4353510773591046,2.3573693816457273,0.15118864679055075,0.09569638516449491,0.059895520128724726
20250415,kanga,MC_withDodson,0.6666666666666666,42,follower,0.8125,0.8421052631578947,48.0,57.0,3.3080357142857144,13,4.866666666666666,4.4221076085400846,0.7795432987874104,5.672690170537967,0.03716056813899231,0.11982208731244105,0.3126834064642712,0.054616209425450236,0.6328782940096497,3.2794425113351404,0.15118864679055075,0.09569638516449491,0.059895520128724726
20250415,kanga,MC_withDodson,0.6666666666666666,42,follower,0.8125,0.8421052631578947,48.0,57.0,3.3080357142857144,14,4.433333333333334,6.326601468167668,0.6987697848764349,9.053913899964085,0.05316471821989637,0.11638300026576964,0.45610448448541036,0.05217877892774601,0.19688004130075532,2.2127406475855502,0.15118864679055075,0.09569638516449491,0.059895520128724726
20250415,kanga,MC_withDodson,0.6666666666666666,42,follower,0.8125,0.8421052631578947,48.0,57.0,3.3080357142857144,15,3.566666666666667,4.5183539165616375,0.9497362030981845,4.757483079851097,0.037969360643375104,0.1295693403955435,0.34744708121343826,0.035415911871563004,0.5568525536985262,2.9364296406637136,0.15118864679055075,0.09569638516449491,0.059895520128724726
20250415,kanga,MC_withDodson,0.6666666666666666,42,follower,0.8125,0.8421052631578947,48.0,57.0,3.3080357142857144,16,3.5,3.8869243610873174,0.7055350270798973,5.50918694593337,0.03266322992510351,0.129069523052118,0.28804717526949175,0.0336292588267083,0.5832925094798574,3.750999732231095,0.15118864679055075,0.09569638516449491,0.059895520128724726
20250415,kanga,MC_withDodson,0.6666666666666666,42,follower,0.8125,0.8421052631578947,48.0,57.0,3.3080357142857144,17,3.2666666666666666,3.315061586118285,0.5857691772889014,5.659330867256091,0.027857660387548614,0.11450241134247033,0.282248967470476,0.011377304450134632,0.85871548751955,3.6718294416359307,0.15118864679055075,0.09569638516449491,0.059895520128724726
20250415,kanga,MC_withDodson,0.6666666666666666,42,follower,0.8125,0.8421052631578947,48.0,57.0,3.3080357142857144,18,4.033333333333333,4.687526933781903,0.9524241634749616,4.921679975736078,0.03939098263682272,0.12432324729433747,0.3599973502336056,0.06139679320815362,0.5592958574230094,2.899819926431542,0.15118864679055075,0.09569638516449491,0.059895520128724726
20250415,kanga,MC_withDodson,0.6666666666666666,42,follower,0.8125,0.8421052631578947,48.0,57.0,3.3080357142857144,19,3.7666666666666666,3.3521036800112607,1.0335887646085244,3.2431696190901245,0.028168938487489584,0.12628959155334224,0.2521277455216581,0.023331025798705367,0.8296444504165855,4.431453473526749,0.15118864679055075,0.09569638516449491,0.059895520128724726
20250415,kanga,MC_withDodson,0.6666666666666666,42,follower,0.8125,0.8421052631578947,48.0,57.0,3.3080357142857144,20,4.566666666666666,3.98100749297833,0.4458985183376023,8.928057235579773,0.033453844478809495,0.13074432460619692,0.27378786485129347,0.02078909892910369,0.504924238344444,3.6810972265757234,0.15118864679055075,0.09569638516449491,0.059895520128724726
20250415,kanga,MC_withDodson,0.6666666666666666,42,follower,0.8125,0.8421052631578947,48.0,57.0,3.3080357142857144,21,3.6,4.458332321228774,1.2137327951292782,3.6732403862860967,0.03746497748931742,0.11568265691109995,0.3856880479206728,0.1125920853367685,0.5700700959263997,2.6471401037105786,0.15118864679055075,0.09569638516449491,0.059895520128724726
20250415,kanga,MC_withDodson,0.6666666666666666,42,follower,0.8125,0.8421052631578947,48.0,57.0,3.3080357142857144,22,5.7,4.349819503338103,0.9608392883982914,4.527104122260867,0.03655310507006809,0.1155286055689763,0.33518436672967966,0.03514436903485264,0.5917775988372516,3.3656846189307643,0.15118864679055075,0.09569638516449491,0.059895520128724726
20250415,kanga,MC_withDodson,0.6666666666666666,42,follower,0.8125,0.8421052631578947,48.0,57.0,3.3080357142857144,23,4.166666666666667,5.298874875114272,0.6755471563526007,7.843826778464794,0.044528360295077916,0.13071329740395587,0.3853505127505482,0.06631792532397508,0.5068618645096817,2.8158224439666752,0.15118864679055075,0.09569638516449491,0.059895520128724726
20250415,kanga,MC_withDodson,0.6666666666666666,42,follower,0.8125,0.8421052631578947,48.0,57.0,3.3080357142857144,24,2.7333333333333334,5.584103147319246,0.8982654947320021,6.216539742501482,0.04692523653209451,0.12565856559465013,0.3857596374777744,0.0755402312205199,0.5432996228350316,2.6750201042620625,0.15118864679055075,0.09569638516449491,0.059895520128724726
20250415,kanga,MC_withDodson,0.6666666666666666,42,follower,0.8125,0.8421052631578947,48.0,57.0,3.3080357142857144,25,2.7,6.725313903433208,1.596833348789777,4.211656719550761,0.05651524288599335,0.12264658657641883,0.5054124151995625,0.22929738497943294,0.4174943757400058,2.0242031833323257,0.15118864679055075,0.09569638516449491,0.059895520128724726
20250415,kanga,MC_withDodson,0.6666666666666666,42,follower,0.8125,0.8421052631578947,48.0,57.0,3.3080357142857144,26,1.8333333333333333,4.928403755804258,1.157911114268356,4.256288496650579,0.041415157611800486,0.13014033949946702,0.35266541424006426,0.07338856405026448,0.5966457940343641,2.8649334437866725,0.15118864679055075,0.09569638516449491,0.059895520128724726
20250415,kanga,MC_withDodson,0.6666666666666666,42,follower,0.8125,0.8421052631578947,48.0,57.0,3.3080357142857144,27,2.433333333333333,4.551500284838188,1.3212187410555116,3.444925615573715,0.03824790155326208,0.13076226764257248,0.3024394029409584,0.02968455447249615,0.5641861125296761,3.3556234352022205,0.15118864679055075,0.09569638516449491,0.059895520128724726
20250415,kanga,MC_withDodson,0.6666666666666666,42,follower,0.8125,0.8421052631578947,48.0,57.0,3.3080357142857144,28,3.2,6.8480868340319585,0.9320189493220087,7.347583264281865,0.057546948185142506,0.1195610419644188,0.4950575017130248,0.17365209277657292,0.3783839865805656,2.0204172122137094,0.15118864679055075,0.09569638516449491,0.059895520128724726
20250415,kanga,MC_withDodson,0.6666666666666666,42,follower,0.8125,0.8421052631578947,48.0,57.0,3.3080357142857144,29,1.7666666666666666,6.71267043234935,1.1356363553941569,5.910933020473368,0.056408995229826474,0.12098598974508891,0.44876218543127155,0.09626289755742745,0.39267248403410565,2.25106277205033,0.15118864679055075,0.09569638516449491,0.059895520128724726
20250415,kanga,MC_withDodson,0.6666666666666666,42,follower,0.8125,0.8421052631578947,48.0,57.0,3.3080357142857144,30,2.033333333333333,7.444636953902562,1.3267847123240024,5.611036127227077,0.06255997440254255,0.11471700889052097,0.518849228211008,0.1413469394482699,0.3197885403047814,1.985913485731894,0.15118864679055075,0.09569638516449491,0.059895520128724726
20250415,kanga,MC_withDodson,0.6666666666666666,42,follower,0.8125,0.8421052631578947,48.0,57.0,3.3080357142857144,31,2.1333333333333333,10.254549674008697,1.3909719868689867,7.3722186865108705,0.08617268633620753,0.1150850567805191,0.7310379284858174,0.3185997689572363,0.22033885013466611,1.4402955975281748,0.15118864679055075,0.09569638516449491,0.059895520128724726
20250415,kanga,MC_withDodson,0.6666666666666666,42,follower,0.8125,0.8421052631578947,48.0,57.0,3.3080357142857144,32,3.2666666666666666,9.411202225400398,1.0919556843523306,8.618666819782568,0.07908573298655797,0.12237139087773453,0.7119397051815265,0.1263534576557928,0.19691722202649434,1.4468940739644525,0.15118864679055075,0.09569638516449491,0.059895520128724726
20250415,kanga,MC_withDodson,0.6666666666666666,42,follower,0.8125,0.8421052631578947,48.0,57.0,3.3080357142857144,33,1.8666666666666667,10.098100769161054,0.5717705362923035,17.661107259291605,0.08485798965681558,0.1242207943229978,0.7725874610574494,0.2891175333602728,0.05426918861856481,1.2541142281920061,0.15118864679055075,0.09569638516449491,0.059895520128724726
20250415,kanga,MC_withDodson,0.6666666666666666,42,follower,0.8125,0.8421052631578947,48.0,57.0,3.3080357142857144,34,5.6,5.653279574225304,0.43033628512051414,13.13688798666402,0.04750655104391012,0.13226643098968158,0.36241543728873166,0.03363475318630998,0.29085971723706344,2.705108093255357,0.15118864679055075,0.09569638516449491,0.059895520128724726
20250415,kanga,MC_withDodson,0.6666666666666666,42,follower,0.8125,0.8421052631578947,48.0,57.0,3.3080357142857144,35,4.866666666666666,5.881488516027152,0.920019918877311,6.392783890162138,0.04942427324392564,0.12902779953083807,0.38473443044639616,0.06860141501851932,0.4559811437318565,2.599427095118639,0.15118864679055075,0.09569638516449491,0.059895520128724726
20250415,kanga,MC_withDodson,0.6666666666666666,42,follower,0.8125,0.8421052631578947,48.0,57.0,3.3080357142857144,36,1.6666666666666667,6.076442005105017,1.0148818054944728,5.987339582016095,0.05106253785802535,0.12735016250238038,0.417208392077793,0.11563423287462565,0.40823001677536486,2.3405386926410765,0.15118864679055075,0.09569638516449491,0.059895520128724726
20250415,kanga,MC_withDodson,0.6666666666666666,42,follower,0.8125,0.8421052631578947,48.0,57.0,3.3080357142857144,37,4.766666666666667,5.710290540555453,0.3843287987977568,14.857826315431408,0.04798563479458364,0.1304488846254464,0.45015764158555777,0.07819307848176417,0.3159709224969256,2.1300336064783383,0.15118864679055075,0.09569638516449491,0.059895520128724726
20250415,kanga,MC_withDodson,0.6666666666666666,42,follower,0.8125,0.8421052631578947,48.0,57.0,3.3080357142857144,38,1.8666666666666667,4.601330369133986,0.4494115633270587,10.238566927538919,0.038666641757428455,0.13179438811027705,0.3343889309013918,0.03645126245281781,0.5340795568256558,2.9591563513268513,0.15118864679055075,0.09569638516449491,0.059895520128724726
20250415,kanga,MC_withDodson,0.6666666666666666,42,follower,0.8125,0.8421052631578947,48.0,57.0,3.3080357142857144,39,2.066666666666667,4.212016476935318,0.536566821092508,7.849938369948402,0.03539509644483461,0.1337069285626779,0.28181264484695734,0.013943298514814252,0.5505420004435007,3.6223100742561742,0.15118864679055075,0.09569638516449491,0.059895520128724726
20250415,kanga,MC_withDodson,0.6666666666666666,42,follower,0.8125,0.8421052631578947,48.0,57.0,3.3080357142857144,40,3.7666666666666666,4.3961980881811495,0.8989831935131283,4.890189404989082,0.03694284107715252,0.1267195847351215,0.29330466433749186,0.05261899207060543,0.5864654037136768,3.4644560040070016,0.15118864679055075,0.09569638516449491,0.059895520128724726
20250415,kanga,MC_withDodson,0.6666666666666666,42,follower,0.8125,0.8421052631578947,48.0,57.0,3.3080357142857144,41,2.933333333333333,5.801781940064753,0.9001535044530955,6.445325059962668,0.048754470084577756,0.12434052831453773,0.373952291484862,0.051086318164623515,0.4558845516239396,2.683765195717453,0.15118864679055075,0.09569638516449491,0.059895520128724726
20250415,kanga,MC_withDodson,0.6666666666666666,42,follower,0.8125,0.8421052631578947,48.0,57.0,3.3080357142857144,42,5.333333333333333,6.171213715617067,1.3460072000397665,4.584829646850882,0.05185893878669804,0.12046590723723524,0.4230190612161499,0.11025856750152374,0.48831865365419397,2.4652955021955516,0.15118864679055075,0.09569638516449491,0.059895520128724726
20250415,kanga,MC_withDodson,0.6666666666666666,42,follower,0.8125,0.8421052631578947,48.0,57.0,3.3080357142857144,43,2.1333333333333333,4.900752986607108,0.9714424342387635,5.044820788014484,0.04118279820678242,0.1226314241412209,0.3752586549593216,0.11615924459784856,0.4024466750597307,2.7557821321241573,0.15118864679055075,0.09569638516449491,0.059895520128724726
20250415,kanga,MC_withDodson,0.6666666666666666,42,follower,0.8125,0.8421052631578947,48.0,57.0,3.3080357142857144,44,1.6666666666666667,4.034398604412247,0.5329876819249582,7.569403086092839,0.033902509280775185,0.12509404465279136,0.27590960930170816,0.02767965061489215,0.6715578482808827,3.7442636191002583,0.15118864679055075,0.09569638516449491,0.059895520128724726
20250415,kanga,MC_withDodson,0.6666666666666666,42,follower,0.8125,0.8421052631578947,48.0,57.0,3.3080357142857144,45,4.0,4.4666055189746645,0.8397144329330125,5.319195840630482,0.037534500159450965,0.1196341609488815,0.32501864114607854,0.04288303791457243,0.46630051594915806,3.293169679074587,0.15118864679055075,0.09569638516449491,0.059895520128724726
20250415,kanga,MC_withDodson,0.6666666666666666,42,follower,0.8125,0.8421052631578947,48.0,57.0,3.3080357142857144,46,3.8,5.58516982760754,0.7511940829266283,7.435055672760222,0.04693420023199614,0.12569376866173776,0.3568776342338681,0.05333214310336538,0.5352942268253459,2.7664133310216314,0.15118864679055075,0.09569638516449491,0.059895520128724726
20250415,kanga,MC_withDodson,0.6666666666666666,42,follower,0.8125,0.8421052631578947,48.0,57.0,3.3080357142857144,47,2.066666666666667,6.046349785606908,0.7662306795326586,7.891030661020665,0.050809662063923594,0.12886456155576617,0.39478765801498455,0.07591060820786666,0.387852077696578,2.542559138829058,0.15118864679055075,0.09569638516449491,0.059895520128724726
20250417,kanga,MC_withDodson,0.4881889763779528,29,follower,0.49206349206349204,0.984375,63.0,64.0,1.1663727219282773,0,4.533333333333333,3.9729666821822662,0.49323563203440945,8.054906061419953,0.03338627464018711,0.10122689653081192,0.349249206831803,0.05482858018555771,0.42947176555777966,2.78983294155249,0.15782450660847733,0.13202218096195065,0.0917785376706011
20250417,kanga,MC_withDodson,0.4881889763779528,29,follower,0.49206349206349204,0.984375,63.0,64.0,1.1663727219282773,1,5.9,3.012621033415789,0.6358472752025912,4.737963267131906,0.025316143137947805,0.1232462412571806,0.2905136265346292,0.033915233533950595,0.6701114705421045,3.287230971026163,0.15782450660847733,0.13202218096195065,0.0917785376706011
20250417,kanga,MC_withDodson,0.4881889763779528,29,follower,0.49206349206349204,0.984375,63.0,64.0,1.1663727219282773,2,0.43333333333333335,2.2040573785093986,0.31412079242696483,7.016591806866324,0.018521490575709232,0.1525089062373221,0.1588091985123491,0.013716338900548712,0.7511222998146063,6.347361423063188,0.15782450660847733,0.13202218096195065,0.0917785376706011
20250417,kanga,MC_withDodson,0.4881889763779528,29,follower,0.49206349206349204,0.984375,63.0,64.0,1.1663727219282773,3,3.6666666666666665,3.129286387190408,0.49631734000337074,6.305011199425665,0.02629652426210427,0.1256364959752178,0.25191802021308757,0.033309485062386145,0.550205318337788,3.992766350000138,0.15782450660847733,0.13202218096195065,0.0917785376706011
20250417,kanga,MC_withDodson,0.4881889763779528,29,follower,0.49206349206349204,0.984375,63.0,64.0,1.1663727219282773,4,1.8333333333333333,3.5417158717707675,0.33893255778662656,10.449618339706504,0.029762318250174516,0.10545178527643441,0.28613928096574676,0.01551011165357202,0.1871692998798682,3.4362580862950978,0.15782450660847733,0.13202218096195065,0.0917785376706011
20250417,kanga,MC_withDodson,0.4881889763779528,29,follower,0.49206349206349204,0.984375,63.0,64.0,1.1663727219282773,5,1.5666666666666667,3.3633642813163984,0.7894029707188277,4.260643050600291,0.028263565389213433,0.10201122085452352,0.31901134544696264,0.030546260046934046,0.5555223883209307,3.207861148043137,0.15782450660847733,0.13202218096195065,0.0917785376706011
20250417,kanga,MC_withDodson,0.4881889763779528,29,follower,0.49206349206349204,0.984375,63.0,64.0,1.1663727219282773,6,1.4333333333333333,3.795985350376994,0.8231375888228517,4.611604915048937,0.03189903655778987,0.11037154194173243,0.36567918929733406,0.09648481314912469,0.4751100768429678,2.829589758844658,0.15782450660847733,0.13202218096195065,0.0917785376706011
20250417,kanga,MC_withDodson,0.4881889763779528,29,follower,0.49206349206349204,0.984375,63.0,64.0,1.1663727219282773,7,2.033333333333333,4.272927556263923,0.08388644568294318,50.93704377956196,0.03590695425431868,0.11316925775203414,0.3323921042178549,0.035869749396838166,0.028159197719525863,2.995868715566148,0.15782450660847733,0.13202218096195065,0.0917785376706011
20250417,kanga,MC_withDodson,0.4881889763779528,29,follower,0.49206349206349204,0.984375,63.0,64.0,1.1663727219282773,8,3.533333333333333,3.2533994483926016,0.600811425023511,5.415009290586125,0.02733949116296304,0.12860578740592024,0.26395041045293377,0.025535156839124638,0.6191134230890143,4.018447716305992,0.15782450660847733,0.13202218096195065,0.0917785376706011
20250417,kanga,MC_withDodson,0.4881889763779528,29,follower,0.49206349206349204,0.984375,63.0,64.0,1.1663727219282773,9,2.033333333333333,2.4172680136259426,0.4870785732181105,4.9627886475382,0.020313176585091953,0.12695302503231456,0.2044652256008318,0.010869942389123727,0.5008392165247789,4.858971773954458,0.15782450660847733,0.13202218096195065,0.0917785376706011
20250417,kanga,MC_withDodson,0.4881889763779528,29,follower,0.49206349206349204,0.984375,63.0,64.0,1.1663727219282773,10,4.4,3.34383227762019,0.4039805592199886,8.277210873900737,0.028099430904371343,0.1364342850291601,0.24140990438985444,0.022540025597615337,0.39589069632870455,4.086751901747378,0.15782450660847733,0.13202218096195065,0.0917785376706011
20250417,kanga,MC_withDodson,0.4881889763779528,29,follower,0.49206349206349204,0.984375,63.0,64.0,1.1663727219282773,11,7.5,2.576360550962529,0.5891440490855505,4.373057073158032,0.021650088663550664,0.11920083847474114,0.24457323151389437,0.022653683904265927,0.8910223063228138,3.9712748609315702,0.15782450660847733,0.13202218096195065,0.0917785376706011
20250417,kanga,MC_withDodson,0.4881889763779528,29,follower,0.49206349206349204,0.984375,63.0,64.0,1.1663727219282773,12,3.433333333333333,4.699088078100839,0.5640670796961289,8.330725630420243,0.03948813511009109,0.11134846822652954,0.3859847015403143,0.06915558439749035,0.23287260392012188,2.5670670169930463,0.15782450660847733,0.13202218096195065,0.0917785376706011
20250417,kanga,MC_withDodson,0.4881889763779528,29,follower,0.49206349206349204,0.984375,63.0,64.0,1.1663727219282773,13,4.1,3.753406014033822,0.7675868343922433,4.889878051394248,0.03154122700868758,0.11614485013552919,0.2870155804994821,0.06558133403139217,0.4862148524940871,3.422832433634797,0.15782450660847733,0.13202218096195065,0.0917785376706011
20250417,kanga,MC_withDodson,0.4881889763779528,29,follower,0.49206349206349204,0.984375,63.0,64.0,1.1663727219282773,14,2.3333333333333335,3.437645341319917,0.934097251862101,3.6801792687721235,0.028887775977478294,0.131559756104374,0.2788754777008388,0.039524586527086375,0.561805380584143,3.6254908573151643,0.15782450660847733,0.13202218096195065,0.0917785376706011
20250417,kanga,MC_withDodson,0.4881889763779528,29,follower,0.49206349206349204,0.984375,63.0,64.0,1.1663727219282773,15,4.0,2.687554513746288,0.28652338925145443,9.379878273698893,0.02258449171215368,0.10931112332987654,0.2215199514496369,0.015699007418088853,0.2337329576478353,4.425276950677659,0.15782450660847733,0.13202218096195065,0.0917785376706011
20250417,kanga,MC_withDodson,0.4881889763779528,29,follower,0.49206349206349204,0.984375,63.0,64.0,1.1663727219282773,16,3.933333333333333,2.4688955471228224,0.4029801050350318,6.126594132750541,0.020747021404393468,0.09750045728061475,0.21522193025175532,0.012039728065252435,0.6475528198592964,4.692836317700545,0.15782450660847733,0.13202218096195065,0.0917785376706011
20250417,kanga,MC_withDodson,0.4881889763779528,29,follower,0.49206349206349204,0.984375,63.0,64.0,1.1663727219282773,17,3.3,3.5137752497108368,0.448958954891032,7.826495521319258,0.029527523106813756,0.11167013056045276,0.2939381010914238,0.027160072545385716,0.2925433373803739,3.1349558230582923,0.15782450660847733,0.13202218096195065,0.0917785376706011
20250417,kanga,MC_withDodson,0.4881889763779528,29,follower,0.49206349206349204,0.984375,63.0,64.0,1.1663727219282773,18,2.3,4.086188650475602,0.38185358840085537,10.700930342406727,0.03433771975189582,0.11623331141398466,0.3212751219599596,0.024721322116721005,0.23855101558405004,3.280263498119975,0.15782450660847733,0.13202218096195065,0.0917785376706011
20250417,kanga,MC_withDodson,0.4881889763779528,29,follower,0.49206349206349204,0.984375,63.0,64.0,1.1663727219282773,19,3.8333333333333335,4.021044332348789,0.5933974171287959,6.776309124844115,0.033790288507132685,0.1331335434514474,0.33738367243137546,0.06730169300285103,0.5307655915002509,2.9123417374625746,0.15782450660847733,0.13202218096195065,0.0917785376706011
20250417,kanga,MC_withDodson,0.4881889763779528,29,follower,0.49206349206349204,0.984375,63.0,64.0,1.1663727219282773,20,2.2666666666666666,5.295817501340525,0.7806497701950615,6.783858400441539,0.044502668078491806,0.0995733405353056,0.45847015363137167,0.05977488557398956,0.2734259218169119,2.1449011186837903,0.15782450660847733,0.13202218096195065,0.0917785376706011
20250417,kanga,MC_withDodson,0.4881889763779528,29,follower,0.49206349206349204,0.984375,63.0,64.0,1.1663727219282773,21,2.2,6.51635964896338,1.550978002079952,4.20145201300377,0.05475932478120488,0.09013690676972062,0.5621724807290505,0.16543474571497255,0.18637364437719417,1.8011440547934907,0.15782450660847733,0.13202218096195065,0.0917785376706011
20250417,kanga,MC_withDodson,0.4881889763779528,29,follower,0.49206349206349204,0.984375,63.0,64.0,1.1663727219282773,22,2.7,3.1880422120811027,0.7993300899728969,3.988392595340932,0.026790270689757166,0.11667478179709968,0.31349090870199847,0.03263055104018911,0.628264744826187,3.3146076338126416,0.15782450660847733,0.13202218096195065,0.0917785376706011
20250417,kanga,MC_withDodson,0.4881889763779528,29,follower,0.49206349206349204,0.984375,63.0,64.0,1.1663727219282773,23,3.033333333333333,4.101589236754876,0.6224830339893048,6.58907795521596,0.03446713644331829,0.10184793720325747,0.3376162113627042,0.07336581348268809,0.40915199866303475,2.94636860960243,0.15782450660847733,0.13202218096195065,0.0917785376706011
20250417,kanga,MC_withDodson,0.4881889763779528,29,follower,0.49206349206349204,0.984375,63.0,64.0,1.1663727219282773,24,4.0,5.187370466905992,0.9402812028794474,5.5168288497319455,0.04359134846139489,0.10539723886022265,0.46312517751072313,0.07805309158392493,0.3734286082770005,2.091611629291251,0.15782450660847733,0.13202218096195065,0.0917785376706011
20250417,kanga,MC_withDodson,0.4881889763779528,29,follower,0.49206349206349204,0.984375,63.0,64.0,1.1663727219282773,25,4.966666666666667,3.2867535800186753,0.5504338768425012,5.971205113451134,0.027619777983350212,0.1338653602656129,0.23548727271559114,0.0212924817832956,0.631021306158681,4.4525141007771625,0.15782450660847733,0.13202218096195065,0.0917785376706011
20250417,kanga,MC_withDodson,0.4881889763779528,29,follower,0.49206349206349204,0.984375,63.0,64.0,1.1663727219282773,26,2.3,4.1436228192546,1.189172950164719,3.484457680172294,0.0348203598256689,0.09365005144509528,0.3887847146290525,0.037240238525248326,0.4316617558536999,2.665781203147781,0.15782450660847733,0.13202218096195065,0.0917785376706011
20250417,kanga,MC_withDodson,0.4881889763779528,29,follower,0.49206349206349204,0.984375,63.0,64.0,1.1663727219282773,27,3.1,5.822847629130752,1.2039496868225465,4.836454291124375,0.04893149268177103,0.10934496899289214,0.556667271628569,0.11453199821097673,0.35837238011015765,1.8389219599013915,0.15782450660847733,0.13202218096195065,0.0917785376706011
20250417,kanga,MC_withDodson,0.4881889763779528,29,follower,0.49206349206349204,0.984375,63.0,64.0,1.1663727219282773,28,4.033333333333333,2.67671755888522,0.524422800158783,5.104121251163703,0.02249342486458168,0.09587780966730719,0.2676042154468702,0.022602906653511185,0.7018894933410366,3.927460595942694,0.15782450660847733,0.13202218096195065,0.0917785376706011
20250417,kanga,MC_withDodson,0.4881889763779528,29,follower,0.49206349206349204,0.984375,63.0,64.0,1.1663727219282773,29,3.1333333333333333,2.8781495889835482,0.5991555736139543,4.80367656704465,0.02418613099986175,0.12071579779930076,0.23036267835073207,0.025661166243737783,0.47804800699048694,4.457874645694513,0.15782450660847733,0.13202218096195065,0.0917785376706011
20250417,kanga,MC_withDodson,0.4881889763779528,29,follower,0.49206349206349204,0.984375,63.0,64.0,1.1663727219282773,30,2.433333333333333,2.784155628791417,0.4763332808401699,5.844973972594662,0.023396265788163166,0.13325273778833507,0.2657849113176323,0.03844255713775049,1.0499391791569743,3.4407315014416535,0.15782450660847733,0.13202218096195065,0.0917785376706011
20250417,kanga,MC_withDodson,0.4881889763779528,29,follower,0.49206349206349204,0.984375,63.0,64.0,1.1663727219282773,31,2.1333333333333333,2.9132575299183174,0.9533782142463804,3.055720685018137,0.024481155713599306,0.1121311330738431,0.30820555826021273,0.0287300992230357,0.833539782431178,3.63309550901283,0.15782450660847733,0.13202218096195065,0.0917785376706011
20250417,kanga,MC_withDodson,0.4881889763779528,29,follower,0.49206349206349204,0.984375,63.0,64.0,1.1663727219282773,32,1.9333333333333333,2.1613890374818956,0.45629520073310836,4.736821763650576,0.018162933088083155,0.1354851412556657,0.1903519210908185,0.00710777528843674,0.6830280874578558,5.1889469558583805,0.15782450660847733,0.13202218096195065,0.0917785376706011
20250417,kanga,MC_withDodson,0.4881889763779528,29,follower,0.49206349206349204,0.984375,63.0,64.0,1.1663727219282773,33,3.7666666666666666,2.1805959397403805,0.2074426391198459,10.511801956398097,0.018324335628070423,0.11272835321246648,0.1694232099623965,0.0049633170343515295,0.24229069567263703,5.985755156926475,0.15782450660847733,0.13202218096195065,0.0917785376706011
20250417,kanga,MC_withDodson,0.4881889763779528,29,follower,0.49206349206349204,0.984375,63.0,64.0,1.1663727219282773,34,2.0,2.5668900173324767,0.35492579864136475,7.232187761944558,0.021570504347331737,0.09733916426580362,0.24266147225040946,0.011792941229612053,0.7277165545376143,4.122776593125647,0.15782450660847733,0.13202218096195065,0.0917785376706011
20250417,kanga,MC_withDodson,0.4881889763779528,29,follower,0.49206349206349204,0.984375,63.0,64.0,1.1663727219282773,35,3.1666666666666665,1.8354240029870752,0.41301305403633326,4.443985450458936,0.015423731117538447,0.11069325058595095,0.15922236881445453,0.005826328517820132,0.9928009465585309,6.107838350135691,0.15782450660847733,0.13202218096195065,0.0917785376706011
20250417,kanga,MC_withDodson,0.4881889763779528,29,follower,0.49206349206349204,0.984375,63.0,64.0,1.1663727219282773,36,1.8666666666666667,2.823997999199648,0.9571462044899677,2.950435352459518,0.023731075623526453,0.10267452930668565,0.2941508354249766,0.0350285530528603,0.8463482463006748,3.580186253105695,0.15782450660847733,0.13202218096195065,0.0917785376706011
20250417,kanga,MC_withDodson,0.4881889763779528,29,follower,0.49206349206349204,0.984375,63.0,64.0,1.1663727219282773,37,3.966666666666667,3.185905434551724,0.6705284720202905,4.751335055098625,0.026772314576064906,0.1045559811291793,0.3071469040675793,0.02940750166390928,0.512723784891524,3.3784734539614947,0.15782450660847733,0.13202218096195065,0.0917785376706011
20250417,kanga,MC_withDodson,0.4881889763779528,29,follower,0.49206349206349204,0.984375,63.0,64.0,1.1663727219282773,38,2.566666666666667,5.714854657791612,0.43238834302117773,13.216948953482095,0.04802398872093792,0.10795354285410613,0.42638784058421814,0.11626217911845889,0.1707741757456889,2.354824243939573,0.15782450660847733,0.13202218096195065,0.0917785376706011
20250417,kanga,MC_withDodson,0.4881889763779528,29,follower,0.49206349206349204,0.984375,63.0,64.0,1.1663727219282773,39,2.0,6.527538902299783,0.6876196342554335,9.492950138586307,0.054853268086552796,0.122798533376017,0.4989467176994055,0.1528811735131153,0.2008689462579958,1.8684947249046653,0.15782450660847733,0.13202218096195065,0.0917785376706011
20250417,kanga,MC_withDodson,0.4881889763779528,29,follower,0.49206349206349204,0.984375,63.0,64.0,1.1663727219282773,40,2.566666666666667,4.996227718158249,0.8952899984280556,5.580569119425653,0.0419851068752794,0.14960693954890156,0.3246445950431499,0.06413006032871278,0.5589779809136284,3.1515221011832217,0.15782450660847733,0.13202218096195065,0.0917785376706011
20250417,kanga,MC_withDodson,0.4881889763779528,29,follower,0.49206349206349204,0.984375,63.0,64.0,1.1663727219282773,41,4.166666666666667,5.96938601198633,1.7772768064959734,3.3587261084869473,0.05016290766375067,0.15125860129861807,0.35983946647696763,0.03314137945562224,0.4662621221027434,3.063035015694182,0.15782450660847733,0.13202218096195065,0.0917785376706011
20250417,kanga,MC_withDodson,0.4881889763779528,29,follower,0.49206349206349204,0.984375,63.0,64.0,1.1663727219282773,42,2.466666666666667,5.360865915913437,1.7239066505891771,3.1097193772535547,0.045049293411037285,0.15729841668999844,0.3766773230418552,0.07265966139711634,0.5361026986246962,2.7354814189639325,0.15782450660847733,0.13202218096195065,0.0917785376706011
20250417,kanga,MC_withDodson,0.4881889763779528,29,follower,0.49206349206349204,0.984375,63.0,64.0,1.1663727219282773,43,2.033333333333333,6.139953996777942,0.9098918971627832,6.748003818831108,0.05159625207376422,0.13378694217248915,0.4264542957035734,0.10670397042536363,0.0697460205380702,2.267992266665527,0.15782450660847733,0.13202218096195065,0.0917785376706011
20250417,kanga,MC_withDodson,0.4881889763779528,29,follower,0.49206349206349204,0.984375,63.0,64.0,1.1663727219282773,44,5.533333333333333,5.823013959673801,0.41753224414222206,13.946261735154364,0.0489328904174269,0.11464066170501806,0.46651375632562453,0.0965289470263042,0.1446022356044148,2.157076307924877,0.15782450660847733,0.13202218096195065,0.0917785376706011
20250417,kanga,MC_withDodson,0.4881889763779528,29,follower,0.49206349206349204,0.984375,63.0,64.0,1.1663727219282773,45,3.533333333333333,3.98533653485644,0.37232433114199237,10.703937942042693,0.03349022298198689,0.11562983112840318,0.31371107860110914,0.03799870418565942,0.17994444303947493,3.118240124908553,0.15782450660847733,0.13202218096195065,0.0917785376706011
20250417,kanga,MC_withDodson,0.4881889763779528,29,follower,0.49206349206349204,0.984375,63.0,64.0,1.1663727219282773,46,2.1,4.132159474151165,0.8513326507395452,4.853754252889977,0.034724029194547604,0.10778075681095664,0.3628110338123323,0.06821249909574374,0.3964525103379779,2.753586788236277,0.15782450660847733,0.13202218096195065,0.0917785376706011
20250417,kanga,MC_withDodson,0.4881889763779528,29,follower,0.49206349206349204,0.984375,63.0,64.0,1.1663727219282773,47,2.1666666666666665,5.1923518958189785,0.40208447303971645,12.913584691707548,0.04363320920856285,0.10307235741276313,0.4190290854901553,0.07644299372115763,0.16360888427361592,2.374617561964731,0.15782450660847733,0.13202218096195065,0.0917785376706011
20250417,kanga,MC_withDodson,0.4881889763779528,29,follower,0.49206349206349204,0.984375,63.0,64.0,1.1663727219282773,48,1.3666666666666667,4.984653848230088,0.8279815736828395,6.020247317894386,0.04188784746411838,0.09552800589545692,0.4631822130439184,0.04781647725015781,0.3514867322060273,2.178758997016229,0.15782450660847733,0.13202218096195065,0.0917785376706011
20250417,kanga,MC_withDodson,0.4881889763779528,29,follower,0.49206349206349204,0.984375,63.0,64.0,1.1663727219282773,49,4.833333333333333,4.4090790079418545,1.0779751611182464,4.090148982067509,0.03705108410035172,0.09672235519878204,0.40843737631642535,0.05708579389706418,0.4844657961685848,2.409206322328232,0.15782450660847733,0.13202218096195065,0.0917785376706011
20250417,kanga,MC_withDodson,0.4881889763779528,29,follower,0.49206349206349204,0.984375,63.0,64.0,1.1663727219282773,50,4.233333333333333,4.129870752920323,1.1411428408654074,3.619065558688829,0.03470479624302792,0.11996277033894567,0.3740046517880546,0.07768219354474556,0.47360183234897896,2.72770944991294,0.15782450660847733,0.13202218096195065,0.0917785376706011
20250417,kanga,MC_withDodson,0.4881889763779528,29,follower,0.49206349206349204,0.984375,63.0,64.0,1.1663727219282773,51,3.2333333333333334,4.403722193857656,0.6025096222345692,7.30896575149334,0.03700606885594669,0.10843746780960686,0.37433051136604656,0.06185274389090821,0.2869121947698893,2.688776503089071,0.15782450660847733,0.13202218096195065,0.0917785376706011
20250417,kanga,MC_withDodson,0.4881889763779528,29,follower,0.49206349206349204,0.984375,63.0,64.0,1.1663727219282773,52,2.8666666666666667,2.5790980427758936,0.505708754252524,5.099967167046567,0.02167309279643608,0.11795765392391225,0.2029673675710487,0.01770897464052743,0.5381752558241868,4.930737757542172,0.15782450660847733,0.13202218096195065,0.0917785376706011
20250417,kanga,MC_withDodson,0.4881889763779528,29,follower,0.49206349206349204,0.984375,63.0,64.0,1.1663727219282773,53,3.7666666666666666,3.2196614812337674,0.9236837773122835,3.4856750332914515,0.027055978833897206,0.10768222803254733,0.3037114903953161,0.015446667305139565,0.770274464022288,3.3014553553044985,0.15782450660847733,0.13202218096195065,0.0917785376706011
20250417,kanga,MC_withDodson,0.4881889763779528,29,follower,0.49206349206349204,0.984375,63.0,64.0,1.1663727219282773,54,4.733333333333333,2.5548644188076217,0.6948076839053966,3.6770814111426637,0.02146944889754304,0.1255045389527863,0.22108973657032802,0.02133654913634363,0.8578768201214629,4.342931282997127,0.15782450660847733,0.13202218096195065,0.0917785376706011
20250417,kanga,MC_withDodson,0.4881889763779528,29,follower,0.49206349206349204,0.984375,63.0,64.0,1.1663727219282773,55,3.1,2.6243039151526237,0.15323318267297706,17.12621162971788,0.022052974076912805,0.12372857034961585,0.20886626352802865,0.014024558349796674,0.2576984078543893,4.835735089723646,0.15782450660847733,0.13202218096195065,0.0917785376706011
20250417,kanga,MC_withDodson,0.4881889763779528,29,follower,0.49206349206349204,0.984375,63.0,64.0,1.1663727219282773,56,3.3,2.8702053088875865,0.44484543951419375,6.452140572739324,0.024119372343593164,0.11313251685802703,0.23777610891453219,0.026513115508581212,0.631389745904058,4.159419169002809,0.15782450660847733,0.13202218096195065,0.0917785376706011
20250417,kanga,MC_withDodson,0.4881889763779528,29,follower,0.49206349206349204,0.984375,63.0,64.0,1.1663727219282773,57,3.1666666666666665,2.657492895181959,0.2300578897791135,11.551409507118011,0.022331873068755958,0.1292847376637319,0.20559025620909308,0.016558424755588316,0.3086037986004047,4.897389014257981,0.15782450660847733,0.13202218096195065,0.0917785376706011
20250417,kanga,MC_withDodson,0.4881889763779528,29,follower,0.49206349206349204,0.984375,63.0,64.0,1.1663727219282773,58,2.4,2.3561369317381455,0.6500668065737242,3.624453529871065,0.019799470014606264,0.11643092592777671,0.21808637627880062,0.0037470670695993287,0.9004577781090167,4.610870241906483,0.15782450660847733,0.13202218096195065,0.0917785376706011
20250417,kanga,MC_withDodson,0.4881889763779528,29,follower,0.49206349206349204,0.984375,63.0,64.0,1.1663727219282773,59,3.533333333333333,3.2742339824063817,0.5255662667507747,6.229916548200067,0.027514571280725895,0.09985009143975603,0.2762673963623793,0.013991725305212237,0.5059425819925105,3.497332138170183,0.15782450660847733,0.13202218096195065,0.0917785376706011
20250417,kanga,MC_withDodson,0.4881889763779528,29,follower,0.49206349206349204,0.984375,63.0,64.0,1.1663727219282773,60,4.166666666666667,3.7813512862049135,0.7498624721146357,5.042726402271318,0.03177606122861272,0.09546412932173297,0.348188286237974,0.025303485305068367,0.4624454480123178,2.9312653174049643,0.15782450660847733,0.13202218096195065,0.0917785376706011
20250417,kanga,MC_withDodson,0.4881889763779528,29,follower,0.49206349206349204,0.984375,63.0,64.0,1.1663727219282773,61,4.5,2.849020078007646,0.5568800269413431,5.11603925473114,0.023941345193341564,0.12203061170212684,0.2812953134865931,0.018948470075891503,0.8927492357392957,3.6094147248803927,0.15782450660847733,0.13202218096195065,0.0917785376706011
20250417,kanga,MC_withDodson,0.4881889763779528,29,follower,0.49206349206349204,0.984375,63.0,64.0,1.1663727219282773,62,6.866666666666666,3.2412011762236297,0.46840945936403483,6.919589498948735,0.02723698467414815,0.1005246866732318,0.27479278845753313,0.023963296830722042,0.3710878554995344,3.7441989613965623,0.15782450660847733,0.13202218096195065,0.0917785376706011
20250422,kanga,MC_withDodson,0.688,34,follower,0.7543859649122807,0.8382352941176471,57.0,68.0,3.017543859649123,0,3.433333333333333,4.992265066729788,0.5765985309145711,8.658130049015755,0.041951807283443596,0.09912815412126112,0.4162009478358814,0.06564577088406535,0.11573104210041463,2.416892748129178,0.12306193113320742,0.07998065931476597,0.05650277322397088
20250422,kanga,MC_withDodson,0.688,34,follower,0.7543859649122807,0.8382352941176471,57.0,68.0,3.017543859649123,1,2.566666666666667,5.254186974042159,1.0648299746359189,4.934296647536282,0.04415283171463999,0.09575095060082524,0.4749778659253311,0.0610861500909914,0.28598033861862454,2.1488245520513196,0.12306193113320742,0.07998065931476597,0.05650277322397088
20250422,kanga,MC_withDodson,0.688,34,follower,0.7543859649122807,0.8382352941176471,57.0,68.0,3.017543859649123,2,2.3666666666666667,7.678870992024878,0.3590077598423454,21.389150461251802,0.06452832766407461,0.10393063957776023,0.6062400922670328,0.10714116009029692,0.017835542200392355,1.6491426599204941,0.12306193113320742,0.07998065931476597,0.05650277322397088
20250422,kanga,MC_withDodson,0.688,34,follower,0.7543859649122807,0.8382352941176471,57.0,68.0,3.017543859649123,3,2.466666666666667,6.980628407301097,0.45748036319785457,15.258859109286101,0.058660742918496614,0.11358679376260271,0.5337304495933436,0.07179904152359647,0.22207356134453662,1.8492103317075794,0.12306193113320742,0.07998065931476597,0.05650277322397088
20250422,kanga,MC_withDodson,0.688,34,follower,0.7543859649122807,0.8382352941176471,57.0,68.0,3.017543859649123,4,2.2666666666666666,6.149162212786786,0.6194422381299296,9.926933996866039,0.05167363204022509,0.11180989349909518,0.5216295374448026,0.12874241459765443,0.08204996871192619,2.0512322811679913,0.12306193113320742,0.07998065931476597,0.05650277322397088
20250422,kanga,MC_withDodson,0.688,34,follower,0.7543859649122807,0.8382352941176471,57.0,68.0,3.017543859649123,5,2.966666666666667,4.689872892475755,0.5928162247435567,7.911174992729868,0.039410696575426514,0.11624293736773268,0.37657869378922815,0.027064763144761066,0.02358569506118606,2.665214080134531,0.12306193113320742,0.07998065931476597,0.05650277322397088
20250422,kanga,MC_withDodson,0.688,34,follower,0.7543859649122807,0.8382352941176471,57.0,68.0,3.017543859649123,6,2.2333333333333334,4.385138487091695,0.4195447529384608,10.452135216513867,0.03684990325287139,0.10331423123973911,0.3741005981177977,0.028344292054037892,0.19208708595975169,2.809388508879401,0.12306193113320742,0.07998065931476597,0.05650277322397088
20250422,kanga,MC_withDodson,0.688,34,follower,0.7543859649122807,0.8382352941176471,57.0,68.0,3.017543859649123,7,4.1,4.962258042506583,0.6380545075963415,7.777169479140964,0.04169964741602171,0.1051792535279279,0.3828429180417591,0.028853098621446412,0.14156551173498977,2.6914056378456497,0.12306193113320742,0.07998065931476597,0.05650277322397088
20250422,kanga,MC_withDodson,0.688,34,follower,0.7543859649122807,0.8382352941176471,57.0,68.0,3.017543859649123,8,1.9333333333333333,5.307780857606567,0.2540274361722421,20.89451807877812,0.0446032004840888,0.11109204229793085,0.39261818743979726,0.043399254638896635,0.2636909508507409,2.583208543706247,0.12306193113320742,0.07998065931476597,0.05650277322397088
20250422,kanga,MC_withDodson,0.688,34,follower,0.7543859649122807,0.8382352941176471,57.0,68.0,3.017543859649123,9,4.5,4.6243211466925604,0.6497772817451589,7.116778743437521,0.03885984156884505,0.10255447497809077,0.39966701192530596,0.04963669659639555,0.08660266967542121,2.7217634824758017,0.12306193113320742,0.07998065931476597,0.05650277322397088
20250422,kanga,MC_withDodson,0.688,34,follower,0.7543859649122807,0.8382352941176471,57.0,68.0,3.017543859649123,10,3.3333333333333335,4.1885475456912244,0.3807170019079347,11.001734949320971,0.03519787853522038,0.10918368128527575,0.35087024725508204,0.02208381332830222,0.23430472171578987,2.8227492936882026,0.12306193113320742,0.07998065931476597,0.05650277322397088
20250422,kanga,MC_withDodson,0.688,34,follower,0.7543859649122807,0.8382352941176471,57.0,68.0,3.017543859649123,11,4.2,4.463291530379614,0.16037444063313236,27.83044176340856,0.037506651515795075,0.11341003384075689,0.3530930288263116,0.04002265960499211,0.11476508409576751,2.7508314413378163,0.12306193113320742,0.07998065931476597,0.05650277322397088
20250422,kanga,MC_withDodson,0.688,34,follower,0.7543859649122807,0.8382352941176471,57.0,68.0,3.017543859649123,12,4.566666666666666,4.671945011177692,0.3594841173670149,12.996248750561278,0.03926004211073691,0.09724383523805465,0.3642416503879233,0.02177494123815595,0.06872969007564099,2.7162918703969243,0.12306193113320742,0.07998065931476597,0.05650277322397088
20250422,kanga,MC_withDodson,0.688,34,follower,0.7543859649122807,0.8382352941176471,57.0,68.0,3.017543859649123,13,3.7,3.652821521349359,0.42203290401112953,8.655300301544806,0.03069597917100302,0.10829797849439857,0.3025061199225851,0.02964536546550877,0.38970550678927895,3.2196638487203284,0.12306193113320742,0.07998065931476597,0.05650277322397088
20250422,kanga,MC_withDodson,0.688,34,follower,0.7543859649122807,0.8382352941176471,57.0,68.0,3.017543859649123,14,4.566666666666666,4.56863286487901,0.8601632013833299,5.311355865412113,0.03839187281410933,0.09803333089038056,0.4144883599225819,0.05222849521054808,0.17165459715824205,2.7077537999967016,0.12306193113320742,0.07998065931476597,0.05650277322397088
20250422,kanga,MC_withDodson,0.688,34,follower,0.7543859649122807,0.8382352941176471,57.0,68.0,3.017543859649123,15,3.566666666666667,3.9480647148553567,0.5959424366611819,6.6249095079966525,0.03317701441054922,0.11174162532032533,0.3133776351039336,0.04784912105257407,0.3272399223611891,3.178920936938029,0.12306193113320742,0.07998065931476597,0.05650277322397088
20250422,kanga,MC_withDodson,0.688,34,follower,0.7543859649122807,0.8382352941176471,57.0,68.0,3.017543859649123,16,3.2666666666666666,2.922093204438565,0.640214875077685,4.564238224055622,0.02455540507931567,0.11974802493591245,0.22853877069599493,0.01896275328537769,0.9408412975057473,4.510299913907997,0.12306193113320742,0.07998065931476597,0.05650277322397088
20250422,kanga,MC_withDodson,0.688,34,follower,0.7543859649122807,0.8382352941176471,57.0,68.0,3.017543859649123,17,4.5,3.5854673298432527,0.4261587261874779,8.413455150665895,0.030129977561708005,0.11519592014772648,0.2891290141041105,0.01165317255995154,0.32077544183844353,3.2871311498505826,0.12306193113320742,0.07998065931476597,0.05650277322397088
20250422,kanga,MC_withDodson,0.688,34,follower,0.7543859649122807,0.8382352941176471,57.0,68.0,3.017543859649123,18,1.2333333333333334,2.7518980649439406,0.580951629587895,4.7368798447058875,0.023125193823058325,0.11382715243966748,0.24213630801895097,0.018312325486524787,0.8559238466243733,4.443617394848577,0.12306193113320742,0.07998065931476597,0.05650277322397088
20250422,kanga,MC_withDodson,0.688,34,follower,0.7543859649122807,0.8382352941176471,57.0,68.0,3.017543859649123,19,4.166666666666667,2.250080406996566,0.7794185929700349,2.8868703252541876,0.018908238714256856,0.10176371599530669,0.22265327026273768,0.022138577280688194,1.2351477911452164,5.07444604239761,0.12306193113320742,0.07998065931476597,0.05650277322397088
20250422,kanga,MC_withDodson,0.688,34,follower,0.7543859649122807,0.8382352941176471,57.0,68.0,3.017543859649123,20,2.8666666666666667,4.0975121241730355,0.5780372992069851,7.088663879985688,0.03443287499305072,0.09262519794762289,0.32688786196030745,0.023372338235646533,0.20462052398020167,2.929413445521017,0.12306193113320742,0.07998065931476597,0.05650277322397088
20250422,kanga,MC_withDodson,0.688,34,follower,0.7543859649122807,0.8382352941176471,57.0,68.0,3.017543859649123,21,4.433333333333334,3.8167482125999266,0.835650611058734,4.567397141927854,0.032073514391596024,0.12064320981723982,0.2846563972235391,0.06345792062316014,0.6856053027798886,3.409282036605159,0.12306193113320742,0.07998065931476597,0.05650277322397088
20250422,kanga,MC_withDodson,0.688,34,follower,0.7543859649122807,0.8382352941176471,57.0,68.0,3.017543859649123,22,4.333333333333333,4.97087682978721,0.7104429539968391,6.996869772332666,0.041772074199892525,0.10281167193695538,0.41003646632210977,0.03128956711271837,0.18435584931571208,2.4099791946643268,0.12306193113320742,0.07998065931476597,0.05650277322397088
20250422,kanga,MC_withDodson,0.688,34,follower,0.7543859649122807,0.8382352941176471,57.0,68.0,3.017543859649123,23,2.0,3.3916921643870737,0.5319409968062772,6.376068369895287,0.02850161482678213,0.10859741080905087,0.2917319539449544,0.023440276151409627,0.3762969364382668,3.507455515297505,0.12306193113320742,0.07998065931476597,0.05650277322397088
20250422,kanga,MC_withDodson,0.688,34,follower,0.7543859649122807,0.8382352941176471,57.0,68.0,3.017543859649123,24,2.5,6.3269848375607385,0.395441269179094,15.999809151672707,0.05316793981143478,0.11369781128550695,0.49498104046319447,0.04250713462373932,0.054980561540721874,2.089341444912269,0.12306193113320742,0.07998065931476597,0.05650277322397088
20250422,kanga,MC_withDodson,0.688,34,follower,0.7543859649122807,0.8382352941176471,57.0,68.0,3.017543859649123,25,1.9666666666666666,2.811036485000847,0.7274410326381213,3.8642808954650323,0.023622155336141572,0.1147925355066725,0.2719603012685255,0.028303377200518644,0.9407502090154741,3.7502588648928588,0.12306193113320742,0.07998065931476597,0.05650277322397088
20250422,kanga,MC_withDodson,0.688,34,follower,0.7543859649122807,0.8382352941176471,57.0,68.0,3.017543859649123,26,2.2666666666666666,3.1834569019489987,0.5290824174062069,6.0169395111553605,0.026751738671840324,0.09431977619907347,0.2773330964111734,0.03315279365240683,0.11695066099435572,3.670446351675542,0.12306193113320742,0.07998065931476597,0.05650277322397088
20250422,kanga,MC_withDodson,0.688,34,follower,0.7543859649122807,0.8382352941176471,57.0,68.0,3.017543859649123,27,5.4,2.9491592961966893,0.30037218144186834,9.818350294757394,0.024782851228543606,0.10939006943588063,0.2611626258746089,0.019726900318936907,0.3245517111927166,3.875399795595794,0.12306193113320742,0.07998065931476597,0.05650277322397088
20250422,kanga,MC_withDodson,0.688,34,follower,0.7543859649122807,0.8382352941176471,57.0,68.0,3.017543859649123,28,4.4,2.767962580507211,0.2029481358561062,13.638768194795075,0.023260189752161438,0.09415523466547404,0.2212248940628136,0.011322004092081148,0.2215192992437538,4.5527697421794455,0.12306193113320742,0.07998065931476597,0.05650277322397088
20250422,kanga,MC_withDodson,0.688,34,follower,0.7543859649122807,0.8382352941176471,57.0,68.0,3.017543859649123,29,3.966666666666667,4.3424695374195545,1.05886875042655,4.101046079290048,0.03649134065058449,0.10928891412230313,0.47139510853969463,0.04640758336005143,0.6128132869540858,2.1734030320234226,0.12306193113320742,0.07998065931476597,0.05650277322397088
20250422,kanga,MC_withDodson,0.688,34,follower,0.7543859649122807,0.8382352941176471,57.0,68.0,3.017543859649123,30,1.4666666666666666,3.43218327845615,0.7425344695392406,4.62225448009962,0.02884187628954748,0.12349791252762062,0.25509235740605984,0.018145481443494704,0.6439325367461826,3.8227210663737488,0.12306193113320742,0.07998065931476597,0.05650277322397088
20250422,kanga,MC_withDodson,0.688,34,follower,0.7543859649122807,0.8382352941176471,57.0,68.0,3.017543859649123,31,1.7666666666666666,4.597172024137708,0.8489851983455725,5.41490244246457,0.03863169768182948,0.12019534474195306,0.4065305463596968,0.02900591192355966,0.4895648939068305,2.388442453526483,0.12306193113320742,0.07998065931476597,0.05650277322397088
20250422,kanga,MC_withDodson,0.688,34,follower,0.7543859649122807,0.8382352941176471,57.0,68.0,3.017543859649123,32,2.566666666666667,3.7944928319881215,0.10135253575191433,37.43855843208591,0.0318864943864548,0.10881098421291623,0.29869840846301515,0.04030870431608098,0.08900134423307679,3.3290968707580966,0.12306193113320742,0.07998065931476597,0.05650277322397088
20250422,kanga,MC_withDodson,0.688,34,follower,0.7543859649122807,0.8382352941176471,57.0,68.0,3.017543859649123,33,4.1,6.090319791127207,1.0196025610896087,5.973229200815978,0.05117915790863199,0.08721330877068036,0.5318596727064474,0.04139679410704878,0.07739332314237697,2.0003651488385077,0.12306193113320742,0.07998065931476597,0.05650277322397088
20250422,kanga,MC_withDodson,0.688,34,follower,0.7543859649122807,0.8382352941176471,57.0,68.0,3.017543859649123,34,3.9,8.171450235533184,0.3387602671991777,24.121631214586017,0.06866764903809398,0.10477023014529149,0.670850633091775,0.05723696045207082,0.029024807245319976,1.5045873360500452,0.12306193113320742,0.07998065931476597,0.05650277322397088
20250422,kanga,MC_withDodson,0.688,34,follower,0.7543859649122807,0.8382352941176471,57.0,68.0,3.017543859649123,35,2.5,9.795476480915658,1.5587451880657686,6.284206396217183,0.08231492841105595,0.10343119151146579,0.9618198678250642,0.05708310735499644,0.2667900120783946,1.0147743572694718,0.12306193113320742,0.07998065931476597,0.05650277322397088
20250422,kanga,MC_withDodson,0.688,34,follower,0.7543859649122807,0.8382352941176471,57.0,68.0,3.017543859649123,36,4.466666666666667,13.239911398060165,0.908048595896783,14.58061986757935,0.11125975964756442,0.085053977925888,1.0988737845469934,0.14543246631373394,0.02505495936724278,0.9300630757139898,0.12306193113320742,0.07998065931476597,0.05650277322397088
20250422,kanga,MC_withDodson,0.688,34,follower,0.7543859649122807,0.8382352941176471,57.0,68.0,3.017543859649123,37,3.7666666666666666,12.057037072826363,0.8079040599727895,14.923847607886076,0.10131963926744843,0.10430659073346701,0.9448196636658899,0.14991257379837972,0.011767007632158284,1.0346927600364662,0.12306193113320742,0.07998065931476597,0.05650277322397088
20250422,kanga,MC_withDodson,0.688,34,follower,0.7543859649122807,0.8382352941176471,57.0,68.0,3.017543859649123,38,1.9,7.783820956188209,0.5925208952707913,13.136787273351569,0.06541026013603538,0.11009616227057639,0.6676668082863351,0.07208834542573599,0.18329738897188677,1.519092785354281,0.12306193113320742,0.07998065931476597,0.05650277322397088
20250422,kanga,MC_withDodson,0.688,34,follower,0.7543859649122807,0.8382352941176471,57.0,68.0,3.017543859649123,39,3.7,6.6364504405131575,0.6957033020258107,9.539196409142448,0.05576849109674922,0.09331755854521608,0.5569946412998851,0.05500925111383946,0.046782873598021565,1.8642007199114936,0.12306193113320742,0.07998065931476597,0.05650277322397088
20250422,kanga,MC_withDodson,0.688,34,follower,0.7543859649122807,0.8382352941176471,57.0,68.0,3.017543859649123,40,4.166666666666667,5.954648441770859,0.6153383223975879,9.677031683268686,0.05003906253588957,0.1004908572710159,0.5047286379035804,0.09008749356736266,0.08970930334754708,2.0323479373838875,0.12306193113320742,0.07998065931476597,0.05650277322397088
20250422,kanga,MC_withDodson,0.688,34,follower,0.7543859649122807,0.8382352941176471,57.0,68.0,3.017543859649123,41,2.4,7.833791038057754,0.5362764864383127,14.60774663100741,0.06583017679040129,0.10242601198088316,0.6385057856888089,0.11815784392172071,0.04475914740585299,1.563545590600355,0.12306193113320742,0.07998065931476597,0.05650277322397088
20250422,kanga,MC_withDodson,0.688,34,follower,0.7543859649122807,0.8382352941176471,57.0,68.0,3.017543859649123,42,3.933333333333333,5.926393314630478,0.24996285863704112,23.709095611023976,0.04980162449269309,0.10287576992131985,0.4855520497190008,0.07605657172778352,0.005356031706886985,2.1635145575300103,0.12306193113320742,0.07998065931476597,0.05650277322397088
20250422,kanga,MC_withDodson,0.688,34,follower,0.7543859649122807,0.8382352941176471,57.0,68.0,3.017543859649123,43,3.966666666666667,4.592825665782131,0.2763214160349605,16.621316334022556,0.038595173662034715,0.10976699745067241,0.35419133113757206,0.02762033839500051,0.09852351120697313,2.816494097455746,0.12306193113320742,0.07998065931476597,0.05650277322397088
20250422,kanga,MC_withDodson,0.688,34,follower,0.7543859649122807,0.8382352941176471,57.0,68.0,3.017543859649123,44,4.166666666666667,4.150798219855931,0.14602204699847626,28.42583229845589,0.0348806573097137,0.10895909197502311,0.31974150735737406,0.024077229503008477,0.1056469489563774,3.1281115904186967,0.12306193113320742,0.07998065931476597,0.05650277322397088
20250422,kanga,MC_withDodson,0.688,34,follower,0.7543859649122807,0.8382352941176471,57.0,68.0,3.017543859649123,45,3.6333333333333333,3.6842578748614554,0.653201715380057,5.640306490496305,0.030960150208919793,0.10490426129459353,0.33453191147397765,0.03249065915230299,0.3883292886380033,2.957874417714893,0.12306193113320742,0.07998065931476597,0.05650277322397088
20250422,kanga,MC_withDodson,0.688,34,follower,0.7543859649122807,0.8382352941176471,57.0,68.0,3.017543859649123,46,4.733333333333333,2.8636890005679185,0.3079098283352912,9.300414397456555,0.024064613450150575,0.1054522574427457,0.22146169305387645,0.02039705516567476,0.5446553324584612,4.364211694388928,0.12306193113320742,0.07998065931476597,0.05650277322397088
20250422,kanga,MC_withDodson,0.688,34,follower,0.7543859649122807,0.8382352941176471,57.0,68.0,3.017543859649123,47,3.7,2.313703965269565,0.21458510293192246,10.78222082361231,0.019442890464450125,0.12226029338591986,0.18512417184559601,0.013081625262957312,0.5034248473315066,5.310569320603188,0.12306193113320742,0.07998065931476597,0.05650277322397088
20250422,kanga,MC_withDodson,0.688,34,follower,0.7543859649122807,0.8382352941176471,57.0,68.0,3.017543859649123,48,5.466666666666667,2.6087793582774554,0.4735615586089819,5.508849506155788,0.021922515615776936,0.13105336444021062,0.18293528477004106,0.014199693820920704,0.8925861751465525,5.10982035609645,0.12306193113320742,0.07998065931476597,0.05650277322397088
20250422,kanga,MC_withDodson,0.688,34,follower,0.7543859649122807,0.8382352941176471,57.0,68.0,3.017543859649123,49,3.1,2.837888652633043,0.4601047784064138,6.1679182347598145,0.023847803803639017,0.11549554859708416,0.22620259294267173,0.01343856093132739,0.4639343483784034,4.550356676261886,0.12306193113320742,0.07998065931476597,0.05650277322397088
20250422,kanga,MC_withDodson,0.688,34,follower,0.7543859649122807,0.8382352941176471,57.0,68.0,3.017543859649123,50,1.6666666666666667,2.1266184873421907,0.4588873099507398,4.634293520931047,0.017870743591110846,0.13424234347256814,0.1937132051409952,0.014739913548979196,1.165362359471936,4.897700399644074,0.12306193113320742,0.07998065931476597,0.05650277322397088
20250422,kanga,MC_withDodson,0.688,34,follower,0.7543859649122807,0.8382352941176471,57.0,68.0,3.017543859649123,51,1.3666666666666667,2.339764093008142,0.27342413166069607,8.557269904441563,0.0196618831345222,0.11582445488241488,0.20061115400804372,0.01131125737729364,0.32114789133021465,5.087844348509162,0.12306193113320742,0.07998065931476597,0.05650277322397088
20250422,kanga,MC_withDodson,0.688,34,follower,0.7543859649122807,0.8382352941176471,57.0,68.0,3.017543859649123,52,2.3333333333333335,3.2310896930624495,0.22405291585074832,14.421100840369437,0.027152014227415543,0.10957756114467414,0.2674919749325196,0.01393074653614596,0.2536950495132397,3.7367444035415724,0.12306193113320742,0.07998065931476597,0.05650277322397088
20250422,kanga,MC_withDodson,0.688,34,follower,0.7543859649122807,0.8382352941176471,57.0,68.0,3.017543859649123,53,3.7333333333333334,3.3601502892018695,0.2999899276098706,11.200877029350336,0.02823655705211655,0.11396913227109541,0.2746952317417134,0.02608294993362411,0.27552529690103084,3.5411201585889303,0.12306193113320742,0.07998065931476597,0.05650277322397088
20250422,kanga,MC_withDodson,0.688,34,follower,0.7543859649122807,0.8382352941176471,57.0,68.0,3.017543859649123,54,6.766666666666667,2.8737587762764787,0.33062224714890787,8.69197037119579,0.024149233414088055,0.11070295417359875,0.24446918442922214,0.02383874715235398,0.46073352551149266,4.096341470625145,0.12306193113320742,0.07998065931476597,0.05650277322397088
20250422,kanga,MC_withDodson,0.688,34,follower,0.7543859649122807,0.8382352941176471,57.0,68.0,3.017543859649123,55,4.866666666666666,3.496772616307595,0.33534409921089137,10.427416568640867,0.029384643834517606,0.12423022989544841,0.31181343792273064,0.026460930462055988,0.34338322359277423,3.2395524671606,0.12306193113320742,0.07998065931476597,0.05650277322397088
20250422,kanga,MC_withDodson,0.688,34,follower,0.7543859649122807,0.8382352941176471,57.0,68.0,3.017543859649123,56,3.2,4.882486797202195,0.465502490457919,10.488637326943726,0.04102930081682517,0.10162815121912935,0.4382157585887628,0.06713020603815145,0.1864312802869585,2.434008888211485,0.12306193113320742,0.07998065931476597,0.05650277322397088
20250423,kanga,MC_withDodson,0.6211180124223602,28,leader,0.38461538461538464,0.9397590361445783,78.0,83.0,0.6384615384615384,0,4.933333333333334,4.758835017772843,1.3905145150015263,3.4223555140433897,0.03999021023338523,0.08529496853337863,0.49211765240724964,0.10039698575129702,0.5477035467368796,2.0885698874596264,0.1335173438344726,0.1037011521865294,0.08951025573947016
20250423,kanga,MC_withDodson,0.6211180124223602,28,leader,0.38461538461538464,0.9397590361445783,78.0,83.0,0.6384615384615384,1,3.6,4.777235702210092,0.8740343542515245,5.465729898341418,0.04014483783369825,0.09125279599000923,0.48846368096779913,0.15970120158984039,0.5910789196022775,2.0926337204931844,0.1335173438344726,0.1037011521865294,0.08951025573947016
20250423,kanga,MC_withDodson,0.6211180124223602,28,leader,0.38461538461538464,0.9397590361445783,78.0,83.0,0.6384615384615384,2,2.4,4.333193156843921,1.280597460415738,3.383727744889621,0.03641338787263799,0.08316004101306872,0.4475404968363505,0.0902730275666409,0.6096351703248729,2.323534590735848,0.1335173438344726,0.1037011521865294,0.08951025573947016
20250423,kanga,MC_withDodson,0.6211180124223602,28,leader,0.38461538461538464,0.9397590361445783,78.0,83.0,0.6384615384615384,3,3.066666666666667,3.150874012972121,0.8314179135409951,3.7897595922038785,0.026477932882118665,0.12859768339605962,0.3094750440836111,0.02011796403891624,0.8180442794961466,3.190363499594436,0.1335173438344726,0.1037011521865294,0.08951025573947016
20250423,kanga,MC_withDodson,0.6211180124223602,28,leader,0.38461538461538464,0.9397590361445783,78.0,83.0,0.6384615384615384,4,2.1666666666666665,5.109303703543896,0.7636361453307394,6.690756762608452,0.04293532523986467,0.10670653869442213,0.42796807323589203,0.13679584385846108,0.280471678883291,2.352433696880901,0.1335173438344726,0.1037011521865294,0.08951025573947016
20250423,kanga,MC_withDodson,0.6211180124223602,28,leader,0.38461538461538464,0.9397590361445783,78.0,83.0,0.6384615384615384,5,4.1,5.240679803524202,1.961143410059373,2.6722573049186353,0.04403932608003531,0.0961409903189665,0.5305744890628359,0.11272706538233997,0.5589045101092588,1.9629302514518485,0.1335173438344726,0.1037011521865294,0.08951025573947016
20250423,kanga,MC_withDodson,0.6211180124223602,28,leader,0.38461538461538464,0.9397590361445783,78.0,83.0,0.6384615384615384,6,3.9,5.1709003603173604,0.5131073672179637,10.077618624643145,0.04345294420434757,0.10814238268447281,0.4836976786820486,0.07894365072057433,0.33016351002942146,2.1047814897151764,0.1335173438344726,0.1037011521865294,0.08951025573947016
20250423,kanga,MC_withDodson,0.6211180124223602,28,leader,0.38461538461538464,0.9397590361445783,78.0,83.0,0.6384615384615384,7,3.3333333333333335,5.062401406636155,1.2321042369717223,4.108744418474345,0.04254118829106013,0.09237294203805083,0.4662133926871617,0.1550331193262387,0.46039852523763836,2.050165529432929,0.1335173438344726,0.1037011521865294,0.08951025573947016
20250423,kanga,MC_withDodson,0.6211180124223602,28,leader,0.38461538461538464,0.9397590361445783,78.0,83.0,0.6384615384615384,8,2.3,4.1729898655480895,0.74085223571028,5.632688496306288,0.035067141727294866,0.10667814812211962,0.39443938542489926,0.024731921606470728,0.6072890274347243,2.524796780919677,0.1335173438344726,0.1037011521865294,0.08951025573947016
20250423,kanga,MC_withDodson,0.6211180124223602,28,leader,0.38461538461538464,0.9397590361445783,78.0,83.0,0.6384615384615384,9,1.9,3.7505282279718473,0.3735358631826739,10.040610815828652,0.03151704393253653,0.11950000024560534,0.2881251243124338,0.03738942858022054,0.2261132565257563,3.403038557010099,0.1335173438344726,0.1037011521865294,0.08951025573947016
20250423,kanga,MC_withDodson,0.6211180124223602,28,leader,0.38461538461538464,0.9397590361445783,78.0,83.0,0.6384615384615384,10,2.4,5.302433944671236,1.532376386979907,3.4602686322526606,0.04455826844261543,0.09424458146135042,0.537335482567786,0.1323895790336777,0.5207168605193118,1.890251077832179,0.1335173438344726,0.1037011521865294,0.08951025573947016
20250423,kanga,MC_withDodson,0.6211180124223602,28,leader,0.38461538461538464,0.9397590361445783,78.0,83.0,0.6384615384615384,11,1.8,4.445248946972322,0.7604275026877444,5.845723532171721,0.03735503316783464,0.10288452950605671,0.4264680860913721,0.055314425347107614,0.615460137450168,2.2810974459966205,0.1335173438344726,0.1037011521865294,0.08951025573947016
20250423,kanga,MC_withDodson,0.6211180124223602,28,leader,0.38461538461538464,0.9397590361445783,78.0,83.0,0.6384615384615384,12,1.8333333333333333,6.403348038924701,1.6259683856980252,3.9381749948205518,0.05380964738592186,0.08663803543928171,0.620221790885897,0.16140513585892752,0.39617044333160567,1.5982641995741529,0.1335173438344726,0.1037011521865294,0.08951025573947016
20250423,kanga,MC_withDodson,0.6211180124223602,28,leader,0.38461538461538464,0.9397590361445783,78.0,83.0,0.6384615384615384,13,4.666666666666667,6.056920958552782,1.5245586332184278,3.9729012886610247,0.050898495450023375,0.09099866620371067,0.6191841305604119,0.11477551966819272,0.47148384415324285,1.5868641159432544,0.1335173438344726,0.1037011521865294,0.08951025573947016
20250423,kanga,MC_withDodson,0.6211180124223602,28,leader,0.38461538461538464,0.9397590361445783,78.0,83.0,0.6384615384615384,14,4.533333333333333,7.337195328791154,0.940297279973848,7.803059186766146,0.06165710360328701,0.09437473409967098,0.6494686370713967,0.1772656484095181,0.24309284970674486,1.4838294777241063,0.1335173438344726,0.1037011521865294,0.08951025573947016
20250423,kanga,MC_withDodson,0.6211180124223602,28,leader,0.38461538461538464,0.9397590361445783,78.0,83.0,0.6384615384615384,15,3.8333333333333335,6.697528957227679,1.7711396003032285,3.781479989539518,0.056281755943089734,0.08512248593094579,0.6919266905120657,0.2691678506317256,0.4168938865908314,1.469650726011628,0.1335173438344726,0.1037011521865294,0.08951025573947016
20250423,kanga,MC_withDodson,0.6211180124223602,28,leader,0.38461538461538464,0.9397590361445783,78.0,83.0,0.6384615384615384,16,4.1,4.611037498982225,1.3191301937707487,3.4955135745938177,0.038748214277161554,0.08179735044574926,0.46347469308970635,0.07445819367255373,0.633911745190382,2.0569737281268607,0.1335173438344726,0.1037011521865294,0.08951025573947016
20250423,kanga,MC_withDodson,0.6211180124223602,28,leader,0.38461538461538464,0.9397590361445783,78.0,83.0,0.6384615384615384,17,2.6,3.7156703374774773,0.9549179268548799,3.8910886820560786,0.031224120483004013,0.11011835919293973,0.34958580624924507,0.0419673060874444,0.7414822167330867,2.7946253110959463,0.1335173438344726,0.1037011521865294,0.08951025573947016
20250423,kanga,MC_withDodson,0.6211180124223602,28,leader,0.38461538461538464,0.9397590361445783,78.0,83.0,0.6384615384615384,18,2.2,3.795740003988202,0.5849932722357293,6.488519072162369,0.03189697482343027,0.0973001715695217,0.35687014686046886,0.06485384526933659,0.5712849148207876,2.7090254763619224,0.1335173438344726,0.1037011521865294,0.08951025573947016
20250423,kanga,MC_withDodson,0.6211180124223602,28,leader,0.38461538461538464,0.9397590361445783,78.0,83.0,0.6384615384615384,19,1.7333333333333334,3.0764942474246104,0.19289322642383053,15.949208297573131,0.025852892835500928,0.12417971421183878,0.2264545339514686,0.010495976945880366,0.23338593137840985,4.425850547753353,0.1335173438344726,0.1037011521865294,0.08951025573947016
20250423,kanga,MC_withDodson,0.6211180124223602,28,leader,0.38461538461538464,0.9397590361445783,78.0,83.0,0.6384615384615384,20,5.166666666666667,3.0980998099259125,0.8566473419102814,3.6165405043075283,0.026034452184251367,0.12356736108664354,0.2905506350683756,0.035945863933592746,0.9672683886371816,3.3864880876741266,0.1335173438344726,0.1037011521865294,0.08951025573947016
20250423,kanga,MC_withDodson,0.6211180124223602,28,leader,0.38461538461538464,0.9397590361445783,78.0,83.0,0.6384615384615384,21,2.3333333333333335,3.863861932815776,0.9899752092943671,3.9029885764208716,0.03246942800685526,0.11830584195778195,0.3437020397198683,0.0446357308067392,0.6815273926077015,2.824069039133248,0.1335173438344726,0.1037011521865294,0.08951025573947016
20250423,kanga,MC_withDodson,0.6211180124223602,28,leader,0.38461538461538464,0.9397590361445783,78.0,83.0,0.6384615384615384,22,4.033333333333333,3.3401425569055667,0.8947329346530162,3.7331168078672525,0.028068424847945937,0.10028087256112812,0.313662095082857,0.052379728413302004,0.7796594987696389,3.1147637889795616,0.1335173438344726,0.1037011521865294,0.08951025573947016
20250423,kanga,MC_withDodson,0.6211180124223602,28,leader,0.38461538461538464,0.9397590361445783,78.0,83.0,0.6384615384615384,23,4.9,3.7967368264768466,1.0488364183083663,3.6199513672498886,0.03190535148299871,0.09839213545082984,0.3699612305579894,0.06118649074671618,0.6445481554614919,2.6323675556538793,0.1335173438344726,0.1037011521865294,0.08951025573947016
20250423,kanga,MC_withDodson,0.6211180124223602,28,leader,0.38461538461538464,0.9397590361445783,78.0,83.0,0.6384615384615384,24,4.233333333333333,3.4671032621602413,0.47128738343842536,7.356664710319421,0.029135321530758332,0.14873339891378418,0.26539775630081264,0.032486335308237316,0.34954595679822825,3.854567695425497,0.1335173438344726,0.1037011521865294,0.08951025573947016
20250423,kanga,MC_withDodson,0.6211180124223602,28,leader,0.38461538461538464,0.9397590361445783,78.0,83.0,0.6384615384615384,25,4.233333333333333,3.4193786085532727,0.9310082177413801,3.672769523827258,0.028734274021456074,0.11460912918016909,0.29866714162150365,0.032409252379068665,0.4599814559283839,3.4451038554101117,0.1335173438344726,0.1037011521865294,0.08951025573947016
20250423,kanga,MC_withDodson,0.6211180124223602,28,leader,0.38461538461538464,0.9397590361445783,78.0,83.0,0.6384615384615384,26,2.8333333333333335,3.8086782628209317,0.7834775829963131,4.8612472717536,0.03200569968757085,0.10804142503128815,0.35991900409643734,0.04816331889493657,0.565220669416083,2.764212735578261,0.1335173438344726,0.1037011521865294,0.08951025573947016
20250423,kanga,MC_withDodson,0.6211180124223602,28,leader,0.38461538461538464,0.9397590361445783,78.0,83.0,0.6384615384615384,27,2.3,3.2000229307709565,0.8402058397234287,3.808617816586839,0.026890948998075263,0.10978877722630599,0.33764650387084955,0.070875104767603,0.7350635805891049,2.9874274984586853,0.1335173438344726,0.1037011521865294,0.08951025573947016
20250423,kanga,MC_withDodson,0.6211180124223602,28,leader,0.38461538461538464,0.9397590361445783,78.0,83.0,0.6384615384615384,28,4.066666666666666,4.129044319055185,0.8324335309125563,4.960209032580313,0.03469785142063181,0.11779408327096019,0.3834692383428082,0.08158178279420596,0.6648361264147225,2.532396917116534,0.1335173438344726,0.1037011521865294,0.08951025573947016
20250423,kanga,MC_withDodson,0.6211180124223602,28,leader,0.38461538461538464,0.9397590361445783,78.0,83.0,0.6384615384615384,29,4.066666666666666,4.51127314231142,1.054035394809008,4.280001567811549,0.03790985833875143,0.08970594218783853,0.4377758066174364,0.06287148052564165,0.6168069881560533,2.1907717100438475,0.1335173438344726,0.1037011521865294,0.08951025573947016
20250423,kanga,MC_withDodson,0.6211180124223602,28,leader,0.38461538461538464,0.9397590361445783,78.0,83.0,0.6384615384615384,30,2.7,4.68010592847964,1.6385601276743174,2.8562308147472906,0.03932862124772807,0.09363984037298236,0.459989214110128,0.07065811266812154,0.6258745490130067,2.2717728783158866,0.1335173438344726,0.1037011521865294,0.08951025573947016
20250423,kanga,MC_withDodson,0.6211180124223602,28,leader,0.38461538461538464,0.9397590361445783,78.0,83.0,0.6384615384615384,31,4.133333333333334,5.47482930764476,0.5207342489884912,10.513672412136195,0.04600696897180471,0.10781060618452748,0.5816180737870974,0.1155721461544812,0.21994042656538088,1.5312949225930357,0.1335173438344726,0.1037011521865294,0.08951025573947016
20250423,kanga,MC_withDodson,0.6211180124223602,28,leader,0.38461538461538464,0.9397590361445783,78.0,83.0,0.6384615384615384,32,3.3,4.344963627041923,0.4518738629840234,9.615434710804562,0.036512299386906914,0.12356945845881787,0.355848007608351,0.0345633898388892,0.2864804499340984,2.749584964708436,0.1335173438344726,0.1037011521865294,0.08951025573947016
20250423,kanga,MC_withDodson,0.6211180124223602,28,leader,0.38461538461538464,0.9397590361445783,78.0,83.0,0.6384615384615384,33,5.1,3.951218981111508,0.5304459823269845,7.448862113684265,0.03320352084967654,0.12245209455662294,0.3186243998870946,0.043626020603206125,0.4427045608872354,3.1022636780070885,0.1335173438344726,0.1037011521865294,0.08951025573947016
20250423,kanga,MC_withDodson,0.6211180124223602,28,leader,0.38461538461538464,0.9397590361445783,78.0,83.0,0.6384615384615384,34,1.3666666666666667,3.7186713322587273,0.9732621920829572,3.820832004477743,0.031249338926543926,0.12338014767716446,0.33167666467288676,0.04613361884221611,0.743530319983892,2.9505873618262077,0.1335173438344726,0.1037011521865294,0.08951025573947016
20250423,kanga,MC_withDodson,0.6211180124223602,28,leader,0.38461538461538464,0.9397590361445783,78.0,83.0,0.6384615384615384,35,4.733333333333333,2.8544208412854077,0.6543353109197853,4.362321265030018,0.023986729758700906,0.11486451020750746,0.2644331240739685,0.023697021105073227,0.6962100403238751,3.435091777974135,0.1335173438344726,0.1037011521865294,0.08951025573947016
20250423,kanga,MC_withDodson,0.6211180124223602,28,leader,0.38461538461538464,0.9397590361445783,78.0,83.0,0.6384615384615384,36,4.733333333333333,3.55902453450632,0.31017901133980724,11.474098518572355,0.029907769197532103,0.1171187328622202,0.29627434125252655,0.025747877824625374,0.2512883180764796,3.6018941958238537,0.1335173438344726,0.1037011521865294,0.08951025573947016
20250423,kanga,MC_withDodson,0.6211180124223602,28,leader,0.38461538461538464,0.9397590361445783,78.0,83.0,0.6384615384615384,37,2.033333333333333,3.918230708050412,0.4428811016849319,8.847139092509446,0.03292630847101186,0.13981058582473363,0.316211438167544,0.04359466844298724,0.4458367190022225,3.01980759584991,0.1335173438344726,0.1037011521865294,0.08951025573947016
20250423,kanga,MC_withDodson,0.6211180124223602,28,leader,0.38461538461538464,0.9397590361445783,78.0,83.0,0.6384615384615384,38,2.2666666666666666,2.5942200862351106,0.3813600118977331,6.802548786711245,0.021800168791891686,0.12900042818124963,0.20676748564278563,0.021902642763520472,0.6819635776380876,4.794307803200308,0.1335173438344726,0.1037011521865294,0.08951025573947016
20250423,kanga,MC_withDodson,0.6211180124223602,28,leader,0.38461538461538464,0.9397590361445783,78.0,83.0,0.6384615384615384,39,4.333333333333333,3.1829024067073703,0.5568991751022121,5.71540154665014,0.026747079047961097,0.10753529109460279,0.300799502869959,0.03265347833936989,0.753848112645103,3.0108400090935525,0.1335173438344726,0.1037011521865294,0.08951025573947016
20250423,kanga,MC_withDodson,0.6211180124223602,28,leader,0.38461538461538464,0.9397590361445783,78.0,83.0,0.6384615384615384,40,1.5333333333333334,3.7931692930534613,0.6949168575152233,5.458450535530958,0.03187537221053329,0.13048235068392183,0.31541697509912403,0.026307657899831194,0.4966794030201808,3.1256455457186427,0.1335173438344726,0.1037011521865294,0.08951025573947016
20250423,kanga,MC_withDodson,0.6211180124223602,28,leader,0.38461538461538464,0.9397590361445783,78.0,83.0,0.6384615384615384,41,3.8,3.2179322787827607,0.849912466780075,3.786192584012818,0.027041447720863535,0.12361736262846972,0.24045862203364166,0.009830264124107,0.739603989843227,4.122087551792661,0.1335173438344726,0.1037011521865294,0.08951025573947016
20250423,kanga,MC_withDodson,0.6211180124223602,28,leader,0.38461538461538464,0.9397590361445783,78.0,83.0,0.6384615384615384,42,4.033333333333333,3.2219464493219445,0.7640703118887351,4.216819315172042,0.027075180246402895,0.1278235721066322,0.3168132342355311,0.03003268446767938,0.7704935953054985,3.4060124776167786,0.1335173438344726,0.1037011521865294,0.08951025573947016
20250423,kanga,MC_withDodson,0.6211180124223602,28,leader,0.38461538461538464,0.9397590361445783,78.0,83.0,0.6384615384615384,43,5.433333333333334,4.0817570394240885,0.349296149003957,11.68566287107233,0.0343004793228915,0.11965291050456106,0.3728360881361393,0.03058732435945701,0.43550164421949344,2.8210713300211876,0.1335173438344726,0.1037011521865294,0.08951025573947016
20250423,kanga,MC_withDodson,0.6211180124223602,28,leader,0.38461538461538464,0.9397590361445783,78.0,83.0,0.6384615384615384,44,2.7333333333333334,3.555168029478756,0.6348647735622951,5.599882333257085,0.029875361592258454,0.09615587600407949,0.3430696464739594,0.026420073596588094,0.5677674720366404,3.0259033218509193,0.1335173438344726,0.1037011521865294,0.08951025573947016
20250423,kanga,MC_withDodson,0.6211180124223602,28,leader,0.38461538461538464,0.9397590361445783,78.0,83.0,0.6384615384615384,45,3.2,3.4892617821892173,1.3071611880819847,2.6693431644103955,0.029321527581421994,0.09761023868339948,0.34678479499710463,0.014929683654483815,0.8848892225199693,2.793462286048688,0.1335173438344726,0.1037011521865294,0.08951025573947016
20250423,kanga,MC_withDodson,0.6211180124223602,28,leader,0.38461538461538464,0.9397590361445783,78.0,83.0,0.6384615384615384,46,1.8666666666666667,3.859709508992232,0.7446296607780132,5.183394796494518,0.03243453368901035,0.08408252457387978,0.4197791458613861,0.028608740517992715,0.6690973180727131,2.3331954203069687,0.1335173438344726,0.1037011521865294,0.08951025573947016
20250423,kanga,MC_withDodson,0.6211180124223602,28,leader,0.38461538461538464,0.9397590361445783,78.0,83.0,0.6384615384615384,47,1.6,6.109418291445268,1.9177804689308462,3.1856713479052376,0.051339649507943425,0.07338323616160594,0.6222243557224633,0.10480908904821822,0.4429049376886725,1.6185236016751259,0.1335173438344726,0.1037011521865294,0.08951025573947016
20250423,kanga,MC_withDodson,0.6211180124223602,28,leader,0.38461538461538464,0.9397590361445783,78.0,83.0,0.6384615384615384,48,2.533333333333333,5.721404510120113,1.4873384997279622,3.8467400065059647,0.048079029496807674,0.102301243654623,0.6084371246727929,0.14371864993601197,0.5014601427145361,1.6394342505511716,0.1335173438344726,0.1037011521865294,0.08951025573947016
20250423,kanga,MC_withDodson,0.6211180124223602,28,leader,0.38461538461538464,0.9397590361445783,78.0,83.0,0.6384615384615384,49,4.766666666666667,5.157007446452294,0.7214923272431932,7.147695480223759,0.04333619702901087,0.08581761556502593,0.5193924283982829,0.17550699117395865,0.49062814983314856,1.9057111647634077,0.1335173438344726,0.1037011521865294,0.08951025573947016
20250423,kanga,MC_withDodson,0.6211180124223602,28,leader,0.38461538461538464,0.9397590361445783,78.0,83.0,0.6384615384615384,50,4.133333333333334,6.520171251769362,1.667581695210823,3.9099561181888927,0.0547913550568854,0.08095803327831372,0.6993306458308801,0.10113882819611077,0.42405450037376435,1.519138997493717,0.1335173438344726,0.1037011521865294,0.08951025573947016
20250423,kanga,MC_withDodson,0.6211180124223602,28,leader,0.38461538461538464,0.9397590361445783,78.0,83.0,0.6384615384615384,51,2.6,5.880395502160397,1.9462932933560286,3.0213306094379666,0.049415088253448716,0.08652810421083162,0.6019255166581284,0.0635636536391144,0.498266998175102,1.625472926479884,0.1335173438344726,0.1037011521865294,0.08951025573947016
20250423,kanga,MC_withDodson,0.6211180124223602,28,leader,0.38461538461538464,0.9397590361445783,78.0,83.0,0.6384615384615384,52,3.7666666666666666,5.1908945656522425,0.9467345375512772,5.482946232297025,0.04362096273657347,0.1161180626953515,0.45701483875281285,0.07295422023781667,0.3873717444663525,2.141219573067725,0.1335173438344726,0.1037011521865294,0.08951025573947016
20250423,kanga,MC_withDodson,0.6211180124223602,28,leader,0.38461538461538464,0.9397590361445783,78.0,83.0,0.6384615384615384,53,3.8,4.568601193624756,0.8109296964909949,5.6337820817189534,0.0383916066691156,0.12017480066617131,0.43590894005704367,0.04966493653845045,0.5473886942380446,2.3853101570933846,0.1335173438344726,0.1037011521865294,0.08951025573947016
20250423,kanga,MC_withDodson,0.6211180124223602,28,leader,0.38461538461538464,0.9397590361445783,78.0,83.0,0.6384615384615384,54,3.3666666666666667,2.613650171001848,0.6796520492122359,3.845570941824204,0.02196344681514158,0.1387121120535677,0.24703565081949844,0.016320202711008678,1.1301688483535735,4.1837256484597285,0.1335173438344726,0.1037011521865294,0.08951025573947016
20250423,kanga,MC_withDodson,0.6211180124223602,28,leader,0.38461538461538464,0.9397590361445783,78.0,83.0,0.6384615384615384,55,2.1666666666666665,3.522171325784554,1.0964979994554045,3.212200412161175,0.02959807836793743,0.126847744386519,0.3632294884903663,0.0348181024841526,0.8158662086515105,2.7139883093528017,0.1335173438344726,0.1037011521865294,0.08951025573947016
20250423,kanga,MC_withDodson,0.6211180124223602,28,leader,0.38461538461538464,0.9397590361445783,78.0,83.0,0.6384615384615384,56,4.6,2.77136795948448,0.15024862311600412,18.44521368654912,0.02328880638222252,0.12668589316855047,0.2323532906072225,0.017765061572522927,0.24745532231733483,4.260705385685366,0.1335173438344726,0.1037011521865294,0.08951025573947016
20250423,kanga,MC_withDodson,0.6211180124223602,28,leader,0.38461538461538464,0.9397590361445783,78.0,83.0,0.6384615384615384,57,2.3666666666666667,2.595731063388307,0.7814663445394796,3.321615935895459,0.021812866078893333,0.12466832064517465,0.22336507029607458,0.01679957285479732,1.0030341567030854,4.2792444773585325,0.1335173438344726,0.1037011521865294,0.08951025573947016
20250423,kanga,MC_withDodson,0.6211180124223602,28,leader,0.38461538461538464,0.9397590361445783,78.0,83.0,0.6384615384615384,58,3.2666666666666666,2.4582209371075745,0.21689200206625808,11.33384778456061,0.020657318799223313,0.14314410718940382,0.16844967008075018,0.007459006144262488,0.3612890214021831,5.450131073891749,0.1335173438344726,0.1037011521865294,0.08951025573947016
20250423,kanga,MC_withDodson,0.6211180124223602,28,leader,0.38461538461538464,0.9397590361445783,78.0,83.0,0.6384615384615384,59,2.533333333333333,3.3406396541081813,0.4814295793693009,6.938999590520803,0.02807260213536287,0.1292409344153023,0.2805283671159457,0.05518616897070189,0.436310979977159,3.6659399310058016,0.1335173438344726,0.1037011521865294,0.08951025573947016
20250423,kanga,MC_withDodson,0.6211180124223602,28,leader,0.38461538461538464,0.9397590361445783,78.0,83.0,0.6384615384615384,60,2.8,3.5059248470674196,0.7364943265070674,4.760287650408366,0.029461553336701005,0.11330437895933174,0.3113088473887698,0.048947004619912526,0.5810687335628746,3.3229720244999186,0.1335173438344726,0.1037011521865294,0.08951025573947016
20250423,kanga,MC_withDodson,0.6211180124223602,28,leader,0.38461538461538464,0.9397590361445783,78.0,83.0,0.6384615384615384,61,1.8,3.4702734425595576,0.7773605179385703,4.464175067396194,0.029161961702181157,0.11082655314752084,0.29975823350634784,0.06700515392459425,0.5695340200798138,3.1510865793225933,0.1335173438344726,0.1037011521865294,0.08951025573947016
20250423,kanga,MC_withDodson,0.6211180124223602,28,leader,0.38461538461538464,0.9397590361445783,78.0,83.0,0.6384615384615384,62,4.033333333333333,3.4011193365989705,0.6736553756888755,5.04875261051841,0.028580834761335886,0.12050753645332872,0.3025860663015768,0.03739140100931815,0.7257588418583187,3.2287154082639904,0.1335173438344726,0.1037011521865294,0.08951025573947016
20250423,kanga,MC_withDodson,0.6211180124223602,28,leader,0.38461538461538464,0.9397590361445783,78.0,83.0,0.6384615384615384,63,2.8666666666666667,4.921710465550163,0.7501610553084717,6.56087173643841,0.04135891147521145,0.11434550305234203,0.4288560916467136,0.08313524580408695,0.36601295201036527,2.333181246181656,0.1335173438344726,0.1037011521865294,0.08951025573947016
20250423,kanga,MC_withDodson,0.6211180124223602,28,leader,0.38461538461538464,0.9397590361445783,78.0,83.0,0.6384615384615384,64,3.1333333333333333,3.6819056578214697,0.6482251903030971,5.679979292535491,0.030940383679172016,0.11035671605970472,0.3335314907407536,0.07393528131837963,0.5069721375523142,3.103099269923089,0.1335173438344726,0.1037011521865294,0.08951025573947016
20250423,kanga,MC_withDodson,0.6211180124223602,28,leader,0.38461538461538464,0.9397590361445783,78.0,83.0,0.6384615384615384,65,2.2,3.0877874051233487,0.6830652024890781,4.520487054341962,0.025947793320364274,0.12249444709382895,0.29735944361057415,0.02065104728174195,0.8714960961170445,3.59635468882807,0.1335173438344726,0.1037011521865294,0.08951025573947016
20250423,kanga,MC_withDodson,0.6211180124223602,28,leader,0.38461538461538464,0.9397590361445783,78.0,83.0,0.6384615384615384,66,4.566666666666666,4.034549717177639,0.29892630790921293,13.496803762093013,0.03390377913594655,0.10562515052217226,0.4017548607945957,0.06689061424330574,0.43626980302516827,2.271166494625324,0.1335173438344726,0.1037011521865294,0.08951025573947016
20250423,kanga,MC_withDodson,0.6211180124223602,28,leader,0.38461538461538464,0.9397590361445783,78.0,83.0,0.6384615384615384,67,4.866666666666666,5.074593751547881,1.2151033115843002,4.17626526334738,0.042643644970990595,0.09335440560362557,0.5140718713276231,0.09848610151359341,0.5259694828465231,1.9713144376882072,0.1335173438344726,0.1037011521865294,0.08951025573947016
20250423,kanga,MC_withDodson,0.6211180124223602,28,leader,0.38461538461538464,0.9397590361445783,78.0,83.0,0.6384615384615384,68,4.833333333333333,3.5983449242572396,0.8419778889526601,4.273681021164625,0.03023819264081714,0.10640106234701953,0.34558953100689016,0.04067669047465403,0.7551203772641821,2.7568908467551725,0.1335173438344726,0.1037011521865294,0.08951025573947016
20250423,kanga,MC_withDodson,0.6211180124223602,28,leader,0.38461538461538464,0.9397590361445783,78.0,83.0,0.6384615384615384,69,1.0333333333333334,4.5692634401118335,0.3948972742100693,11.570764698875006,0.03839717176564566,0.11242813120150753,0.39819179848440084,0.041336144125884815,0.33150684833608357,2.6780409950339124,0.1335173438344726,0.1037011521865294,0.08951025573947016
20250423,kanga,MC_withDodson,0.6211180124223602,28,leader,0.38461538461538464,0.9397590361445783,78.0,83.0,0.6384615384615384,70,1.5,5.279487088451725,1.9030910732165736,2.7741641809755437,0.04436543771808172,0.09684090283667993,0.5195605844713427,0.10823016745981474,0.49269475373636706,2.0963551627529267,0.1335173438344726,0.1037011521865294,0.08951025573947016
20250423,kanga,MC_withDodson,0.6211180124223602,28,leader,0.38461538461538464,0.9397590361445783,78.0,83.0,0.6384615384615384,71,4.166666666666667,4.7907555280058745,1.072900396620887,4.465237913131935,0.040258449815175415,0.10072553934900028,0.428617061877627,0.06523356155071404,0.43439722469316067,2.19863230892781,0.1335173438344726,0.1037011521865294,0.08951025573947016
20250423,kanga,MC_withDodson,0.6211180124223602,28,leader,0.38461538461538464,0.9397590361445783,78.0,83.0,0.6384615384615384,72,3.8,3.4914686923164355,1.0737014227707853,3.251805966044433,0.029340073044675927,0.12557867477137563,0.301460748000028,0.023774868313288715,0.7779943784628077,3.6122934223947754,0.1335173438344726,0.1037011521865294,0.08951025573947016
20250423,kanga,MC_withDodson,0.6211180124223602,28,leader,0.38461538461538464,0.9397590361445783,78.0,83.0,0.6384615384615384,73,2.5,3.2618447962323454,0.514058306322764,6.345281763007477,0.027410460472540716,0.12679695658194948,0.29856780755094303,0.03839305121649074,0.45124308557912074,3.466074075570534,0.1335173438344726,0.1037011521865294,0.08951025573947016
20250423,kanga,MC_withDodson,0.6211180124223602,28,leader,0.38461538461538464,0.9397590361445783,78.0,83.0,0.6384615384615384,74,1.7,5.608062591694044,0.48323594365753914,11.605226526088838,0.047126576400790286,0.10691608241644948,0.47475068768635004,0.05953958887425921,0.20558983074843226,2.1533440829476844,0.1335173438344726,0.1037011521865294,0.08951025573947016
20250424_MC,kanga,MC_withDodson,0.75,24,leader,0.5740740740740741,0.9310344827586207,54.0,58.0,1.6648148148148147,0,1.9333333333333333,5.275058596140396,0.757906374542013,6.9600398853064185,0.04432822349697812,0.11542699027933168,0.40200125393882863,0.03651695483816736,0.09139704432766346,2.4564692032137905,0.16580771430914365,0.14920377172885993,0.08628278075253738
20250424_MC,kanga,MC_withDodson,0.75,24,leader,0.5740740740740741,0.9310344827586207,54.0,58.0,1.6648148148148147,1,2.1666666666666665,2.8512172891608687,0.371945572093825,7.665684183603175,0.02395980915261234,0.1233263129271343,0.22046461235280426,0.010235271527597555,0.2773875141313949,4.7216101910673105,0.16580771430914365,0.14920377172885993,0.08628278075253738
20250424_MC,kanga,MC_withDodson,0.75,24,leader,0.5740740740740741,0.9310344827586207,54.0,58.0,1.6648148148148147,2,1.9666666666666666,2.9688341244400265,0.4978598014604851,5.963193083134794,0.02494818591966409,0.11544412547115818,0.2660996306400595,0.04262528209527118,0.41741427612335086,3.9884780042299264,0.16580771430914365,0.14920377172885993,0.08628278075253738
20250424_MC,kanga,MC_withDodson,0.75,24,leader,0.5740740740740741,0.9310344827586207,54.0,58.0,1.6648148148148147,3,3.4,2.798542220772666,0.5216431885379756,5.364859126438937,0.02351716151909803,0.12457078353326605,0.2293126364864336,0.028143606075344982,0.7123564167077657,4.222521298020466,0.16580771430914365,0.14920377172885993,0.08628278075253738
20250424_MC,kanga,MC_withDodson,0.75,24,leader,0.5740740740740741,0.9310344827586207,54.0,58.0,1.6648148148148147,4,2.6,4.4250999181625446,0.8060177866381749,5.4900772557628335,0.03718571359800458,0.11549932446947098,0.30039975449018635,0.03469998129050664,0.5637091293564134,3.399650856261061,0.16580771430914365,0.14920377172885993,0.08628278075253738
20250424_MC,kanga,MC_withDodson,0.75,24,leader,0.5740740740740741,0.9310344827586207,54.0,58.0,1.6648148148148147,5,3.2666666666666666,3.4940589883866204,0.31944869864169684,10.93777812601347,0.02936184023854303,0.1422286301109043,0.2304719596359389,0.017356923454247147,0.29891669710439794,4.488860900068387,0.16580771430914365,0.14920377172885993,0.08628278075253738
20250424_MC,kanga,MC_withDodson,0.75,24,leader,0.5740740740740741,0.9310344827586207,54.0,58.0,1.6648148148148147,6,1.5333333333333334,5.833046144354263,0.5014115739833708,11.633249902898562,0.04901719449037196,0.10987207700689089,0.46171277161497154,0.07698859663268827,0.227796519318062,2.1030283014746285,0.16580771430914365,0.14920377172885993,0.08628278075253738
20250424_MC,kanga,MC_withDodson,0.75,24,leader,0.5740740740740741,0.9310344827586207,54.0,58.0,1.6648148148148147,7,4.033333333333333,4.516502021640332,0.47901042997052445,9.42881770219127,0.03795379850117926,0.1147036968967751,0.3504075450818869,0.035014677003836155,0.15091801619991616,2.9175762193429877,0.16580771430914365,0.14920377172885993,0.08628278075253738
20250424_MC,kanga,MC_withDodson,0.75,24,leader,0.5740740740740741,0.9310344827586207,54.0,58.0,1.6648148148148147,8,4.366666666666666,4.768500209799628,0.31958855414484205,14.920747780092512,0.04007143033445065,0.1209664720844766,0.38216545011301045,0.03527100946321765,0.12913956788929248,2.715927046920597,0.16580771430914365,0.14920377172885993,0.08628278075253738
20250424_MC,kanga,MC_withDodson,0.75,24,leader,0.5740740740740741,0.9310344827586207,54.0,58.0,1.6648148148148147,9,1.5666666666666667,6.335703466674673,0.6794688673648633,9.324494132079943,0.053241205602308175,0.10512949751044673,0.5142296312125124,0.02729209518636399,0.07200923701571198,2.0505409911495627,0.16580771430914365,0.14920377172885993,0.08628278075253738
20250424_MC,kanga,MC_withDodson,0.75,24,leader,0.5740740740740741,0.9310344827586207,54.0,58.0,1.6648148148148147,10,4.433333333333334,6.099309621990364,0.48184850788742917,12.658147783276528,0.051254702705801375,0.10630911527885632,0.49855004914553425,0.09688784000268721,0.058387331491177384,2.0590006495454043,0.16580771430914365,0.14920377172885993,0.08628278075253738
20250424_MC,kanga,MC_withDodson,0.75,24,leader,0.5740740740740741,0.9310344827586207,54.0,58.0,1.6648148148148147,11,2.033333333333333,6.190617982516341,0.7713850362247184,8.025328068086742,0.052021999853078496,0.10389618690680398,0.5058697004359416,0.1138271241744798,0.07408620010009635,2.06320109287958,0.16580771430914365,0.14920377172885993,0.08628278075253738
20250424_MC,kanga,MC_withDodson,0.75,24,leader,0.5740740740740741,0.9310344827586207,54.0,58.0,1.6648148148148147,12,3.7,5.399252532170278,0.7048867058596561,7.659745158032924,0.045371870018237635,0.10034771387442584,0.4822210358941175,0.12871464319171205,0.15961298290483672,2.162142474145034,0.16580771430914365,0.14920377172885993,0.08628278075253738
20250424_MC,kanga,MC_withDodson,0.75,24,leader,0.5740740740740741,0.9310344827586207,54.0,58.0,1.6648148148148147,13,1.2,5.338688229488649,0.19571116087025273,27.278404592510427,0.04486292629822394,0.11344461318609336,0.41570195689385553,0.045897136125658815,0.08658603049670115,2.4622150604353967,0.16580771430914365,0.14920377172885993,0.08628278075253738
20250424_MC,kanga,MC_withDodson,0.75,24,leader,0.5740740740740741,0.9310344827586207,54.0,58.0,1.6648148148148147,14,4.3,3.847206348523938,0.2425643323481639,15.86056083052583,0.03232946511364654,0.10974928120082013,0.2892160395326693,0.0198216568155557,0.18267992102262118,3.456499392115166,0.16580771430914365,0.14920377172885993,0.08628278075253738
20250424_MC,kanga,MC_withDodson,0.75,24,leader,0.5740740740740741,0.9310344827586207,54.0,58.0,1.6648148148148147,15,4.333333333333333,3.1727848977173454,0.5530996972821719,5.736370700088637,0.026662057964011304,0.11102660766995172,0.26063238101139047,0.03734402531517715,0.5590960958306118,3.9353711048456907,0.16580771430914365,0.14920377172885993,0.08628278075253738
20250424_MC,kanga,MC_withDodson,0.75,24,leader,0.5740740740740741,0.9310344827586207,54.0,58.0,1.6648148148148147,16,3.8,3.251106497117123,0.5717578247237954,5.68616004282524,0.027320222664849774,0.1036271204445612,0.2564809916241637,0.04659125668169604,0.7791617908602919,3.894124103908439,0.16580771430914365,0.14920377172885993,0.08628278075253738
20250424_MC,kanga,MC_withDodson,0.75,24,leader,0.5740740740740741,0.9310344827586207,54.0,58.0,1.6648148148148147,17,2.2333333333333334,3.8350481279209427,0.5471300650925861,7.009390221083849,0.03222729519261296,0.116571897858822,0.28922865843074125,0.04054685536586334,0.5666001631774017,3.4856179217754315,0.16580771430914365,0.14920377172885993,0.08628278075253738
20250424_MC,kanga,MC_withDodson,0.75,24,leader,0.5740740740740741,0.9310344827586207,54.0,58.0,1.6648148148148147,18,4.133333333333334,4.168550517995117,1.0254813310273792,4.064969679963702,0.03502983628567325,0.11196111535217046,0.3145344570324617,0.017559289770072293,0.5879875552277588,3.4381715031692544,0.16580771430914365,0.14920377172885993,0.08628278075253738
20250424_MC,kanga,MC_withDodson,0.75,24,leader,0.5740740740740741,0.9310344827586207,54.0,58.0,1.6648148148148147,19,3.6333333333333333,4.37478697725684,0.6681015947436804,6.548086416311045,0.036762915775267566,0.1110153311572785,0.3848493334135935,0.06287227242119897,0.3592481842033793,2.636338378418163,0.16580771430914365,0.14920377172885993,0.08628278075253738
20250424_MC,kanga,MC_withDodson,0.75,24,leader,0.5740740740740741,0.9310344827586207,54.0,58.0,1.6648148148148147,20,2.3,2.898633102522728,0.5465390425484554,5.303615802096588,0.02435826136573721,0.11467283080302561,0.24190793767159177,0.013530094076384077,0.49821902223957276,4.8361970662788565,0.16580771430914365,0.14920377172885993,0.08628278075253738
20250424_MC,kanga,MC_withDodson,0.75,24,leader,0.5740740740740741,0.9310344827586207,54.0,58.0,1.6648148148148147,21,3.8666666666666667,6.424847745059325,0.9502816673839054,6.760993046142542,0.05399031718537248,0.10370480871136678,0.48339944477222246,0.05537186018623852,0.20631767089624248,2.153090293594199,0.16580771430914365,0.14920377172885993,0.08628278075253738
20250424_MC,kanga,MC_withDodson,0.75,24,leader,0.5740740740740741,0.9310344827586207,54.0,58.0,1.6648148148148147,22,5.1,5.88675508950944,0.5292454912095406,11.122919679591067,0.049468530163944875,0.10921547801268036,0.4449910013405419,0.091054054884807,0.26784590843194594,2.2459044688828347,0.16580771430914365,0.14920377172885993,0.08628278075253738
20250424_MC,kanga,MC_withDodson,0.75,24,leader,0.5740740740740741,0.9310344827586207,54.0,58.0,1.6648148148148147,23,2.4,5.247526159710637,0.1749841857678549,29.988573748443404,0.044096858484963336,0.10789501621197453,0.38521363096589156,0.006135776845316838,0.14196187301666857,2.5101380166357505,0.16580771430914365,0.14920377172885993,0.08628278075253738
20250424_MC,kanga,MC_withDodson,0.75,24,leader,0.5740740740740741,0.9310344827586207,54.0,58.0,1.6648148148148147,24,3.7,1.808118939466801,0.23855630706714306,7.579422073120436,0.015194276802242024,0.11223734096988981,0.15014957469595572,0.004891741563201658,1.046467769685516,6.2104418879470025,0.16580771430914365,0.14920377172885993,0.08628278075253738
20250424_MC,kanga,MC_withDodson,0.75,24,leader,0.5740740740740741,0.9310344827586207,54.0,58.0,1.6648148148148147,25,4.766666666666667,4.097814069491971,0.52663296304883,7.781157574657963,0.03443541234867203,0.10713990770757059,0.31803269015012864,0.026513699947523003,0.3438351813539978,3.151401942426516,0.16580771430914365,0.14920377172885993,0.08628278075253738
20250424_MC,kanga,MC_withDodson,0.75,24,leader,0.5740740740740741,0.9310344827586207,54.0,58.0,1.6648148148148147,26,3.7333333333333334,2.178575858284236,0.08328238364247437,26.15890375612584,0.018307360153649043,0.10768003314570122,0.1753255775507564,0.00825889774602155,0.0944276806639446,5.571663604869067,0.16580771430914365,0.14920377172885993,0.08628278075253738
20250424_MC,kanga,MC_withDodson,0.75,24,leader,0.5740740740740741,0.9310344827586207,54.0,58.0,1.6648148148148147,27,3.6333333333333333,2.794332808501889,0.7118710055524331,3.9253358919055894,0.02348178830673856,0.10888796675396734,0.31440230343718334,0.042332028452892155,0.5422441441900123,3.544108266085323,0.16580771430914365,0.14920377172885993,0.08628278075253738
20250424_MC,kanga,MC_withDodson,0.75,24,leader,0.5740740740740741,0.9310344827586207,54.0,58.0,1.6648148148148147,28,4.4,3.5597210573341846,0.9481952438752528,3.754206826418665,0.029913622330539368,0.10886050855128339,0.33000061860665936,0.07337905164507082,0.6044742267597168,2.9680078736332662,0.16580771430914365,0.14920377172885993,0.08628278075253738
20250424_MC,kanga,MC_withDodson,0.75,24,leader,0.5740740740740741,0.9310344827586207,54.0,58.0,1.6648148148148147,29,4.1,2.747724113897674,0.20472731658555096,13.421384892472135,0.02309011860418213,0.1142140997886662,0.23634500222588167,0.015687705707203434,0.26310824072277916,4.477583343156133,0.16580771430914365,0.14920377172885993,0.08628278075253738
20250424_MC,kanga,MC_withDodson,0.75,24,leader,0.5740740740740741,0.9310344827586207,54.0,58.0,1.6648148148148147,30,3.433333333333333,5.050684195463841,0.48258327162901743,10.465933015901388,0.04244272433162892,0.11175193888165558,0.3568438376751389,0.042384435619273575,0.41721361239892474,2.7604800124664894,0.16580771430914365,0.14920377172885993,0.08628278075253738
20250424_MC,kanga,MC_withDodson,0.75,24,leader,0.5740740740740741,0.9310344827586207,54.0,58.0,1.6648148148148147,31,3.7666666666666666,4.088011099701798,0.6240193470204284,6.551096723557145,0.03435303445127561,0.11612486337647354,0.29241299563884326,0.0445578554793602,0.5873665445252572,3.341048760841619,0.16580771430914365,0.14920377172885993,0.08628278075253738
20250424_MC,kanga,MC_withDodson,0.75,24,leader,0.5740740740740741,0.9310344827586207,54.0,58.0,1.6648148148148147,32,3.6666666666666665,4.1797504168557404,0.43992856302660255,9.50097531312826,0.035123953082821346,0.11460115291364124,0.31247369726969426,0.020399782390376705,0.481952333487083,3.170086140069097,0.16580771430914365,0.14920377172885993,0.08628278075253738
20250424_MC,kanga,MC_withDodson,0.75,24,leader,0.5740740740740741,0.9310344827586207,54.0,58.0,1.6648148148148147,33,2.033333333333333,4.003296287555684,0.5448842077050163,7.347058752935901,0.03364114527357718,0.11057403314426069,0.2809335689108584,0.02508902231093673,0.5284009515069005,3.5569894350893954,0.16580771430914365,0.14920377172885993,0.08628278075253738
20250424_MC,kanga,MC_withDodson,0.75,24,leader,0.5740740740740741,0.9310344827586207,54.0,58.0,1.6648148148148147,34,2.5,6.166022017568688,0.7566993230243254,8.14857609879277,0.05181531107200578,0.10426501318838635,0.4732974579458432,0.1074998288799334,0.1357690156371294,2.1161420963004867,0.16580771430914365,0.14920377172885993,0.08628278075253738
20250424_MC,kanga,MC_withDodson,0.75,24,leader,0.5740740740740741,0.9310344827586207,54.0,58.0,1.6648148148148147,35,4.7,7.263670396526179,0.7848292244047709,9.255096740357857,0.06103924702963176,0.10563035169474945,0.6489203287768516,0.07968257353547972,0.18660108376909332,1.6624577786830506,0.16580771430914365,0.14920377172885993,0.08628278075253738
20250424_MC,kanga,MC_withDodson,0.75,24,leader,0.5740740740740741,0.9310344827586207,54.0,58.0,1.6648148148148147,36,3.1666666666666665,6.427833078252363,0.555577996338344,11.569632203968437,0.054015404018927425,0.1072629680928703,0.47234474363010226,0.06636668678921054,0.13009978645281328,2.0933661838168516,0.16580771430914365,0.14920377172885993,0.08628278075253738
20250424_MC,kanga,MC_withDodson,0.75,24,leader,0.5740740740740741,0.9310344827586207,54.0,58.0,1.6648148148148147,37,5.266666666666667,6.27123658902638,0.7622911249546299,8.226826187173085,0.05269946713467546,0.11058760442207988,0.5146877695771978,0.12102579953125113,0.2745629121754192,1.9260688989288233,0.16580771430914365,0.14920377172885993,0.08628278075253738
20250424_MC,kanga,MC_withDodson,0.75,24,leader,0.5740740740740741,0.9310344827586207,54.0,58.0,1.6648148148148147,38,3.966666666666667,6.382317658876228,0.5401720217931122,11.81534289334348,0.053632921503161575,0.10119219151942382,0.500924101161729,0.1358295668502156,0.10684526791444872,2.063734378756148,0.16580771430914365,0.14920377172885993,0.08628278075253738
20250424_MC,kanga,MC_withDodson,0.75,24,leader,0.5740740740740741,0.9310344827586207,54.0,58.0,1.6648148148148147,39,3.9,4.693009012269022,0.782821816532618,5.9949900643494365,0.039437050523269096,0.1010218578854829,0.45210875699843556,0.11744810075808147,0.30350570565710555,2.3770052532963866,0.16580771430914365,0.14920377172885993,0.08628278075253738
20250424_MC,kanga,MC_withDodson,0.75,24,leader,0.5740740740740741,0.9310344827586207,54.0,58.0,1.6648148148148147,40,3.8333333333333335,6.088779312585352,1.8041521719720253,3.3748701507423418,0.051166212710801275,0.10479630766303932,0.5024738276692721,0.2875219856115625,0.34312535017742507,2.0662498244333745,0.16580771430914365,0.14920377172885993,0.08628278075253738
20250424_MC,kanga,MC_withDodson,0.75,24,leader,0.5740740740740741,0.9310344827586207,54.0,58.0,1.6648148148148147,41,3.533333333333333,3.940486864368521,0.46279128632074845,8.514609027529255,0.033113334994693454,0.11083334526297228,0.3192875739082526,0.05256457920078783,0.5612425482303499,3.1171257182623466,0.16580771430914365,0.14920377172885993,0.08628278075253738
20250424_MC,kanga,MC_withDodson,0.75,24,leader,0.5740740740740741,0.9310344827586207,54.0,58.0,1.6648148148148147,42,4.433333333333334,4.019354904027935,0.9702794034165366,4.142471632269045,0.03377609163048685,0.1043682085905451,0.28900563013281577,0.05795702869557841,0.48100993632661376,3.4091199643048937,0.16580771430914365,0.14920377172885993,0.08628278075253738
20250424_MC,kanga,MC_withDodson,0.75,24,leader,0.5740740740740741,0.9310344827586207,54.0,58.0,1.6648148148148147,43,5.833333333333333,4.810013381268315,0.2591524605792565,18.56055454969246,0.04042028051485979,0.10715391639683404,0.38908402846736706,0.03756044743363563,0.10513520144097555,2.6365125152179885,0.16580771430914365,0.14920377172885993,0.08628278075253738
20250424_MC,kanga,MC_withDodson,0.75,24,leader,0.5740740740740741,0.9310344827586207,54.0,58.0,1.6648148148148147,44,4.233333333333333,3.422595947107957,0.2961747581546716,11.556001491931907,0.028761310479898796,0.10258931655618132,0.28864988746131887,0.021152174597029432,0.26228176271308046,3.5357741531255993,0.16580771430914365,0.14920377172885993,0.08628278075253738
20250424_MC,kanga,MC_withDodson,0.75,24,leader,0.5740740740740741,0.9310344827586207,54.0,58.0,1.6648148148148147,45,1.8,3.4072159251068723,0.2102217788450144,16.207720930850062,0.028632066597536743,0.11590005011060484,0.26959104987374427,0.013151695201647304,0.21079596760477842,3.887169917053575,0.16580771430914365,0.14920377172885993,0.08628278075253738
20250424_MC,kanga,MC_withDodson,0.75,24,leader,0.5740740740740741,0.9310344827586207,54.0,58.0,1.6648148148148147,46,4.366666666666666,2.6460299262193625,0.34797743260870795,7.604027382990545,0.022235545598482037,0.12101653567440687,0.2155466127668793,0.016857924082664344,0.4770005867114184,4.426658065199815,0.16580771430914365,0.14920377172885993,0.08628278075253738
20250424_MC,kanga,MC_withDodson,0.75,24,leader,0.5740740740740741,0.9310344827586207,54.0,58.0,1.6648148148148147,47,2.7333333333333334,2.472554773983604,0.15073396159382538,16.403435216850884,0.020777771209946252,0.12456442614095473,0.2095272365620824,0.008670649769736305,0.09063196711470306,4.9233138515969515,0.16580771430914365,0.14920377172885993,0.08628278075253738
20250424_MC,kanga,MC_withDodson,0.75,24,leader,0.5740740740740741,0.9310344827586207,54.0,58.0,1.6648148148148147,48,4.166666666666667,3.3236470642861895,0.36627782604680653,9.074114860181194,0.027929807262909157,0.10958443851404326,0.2688926981420183,0.029684321563298664,0.2883890199864977,3.765307070244935,0.16580771430914365,0.14920377172885993,0.08628278075253738
20250424_MC,kanga,MC_withDodson,0.75,24,leader,0.5740740740740741,0.9310344827586207,54.0,58.0,1.6648148148148147,49,3.6,3.6886429324527996,0.29900253339977234,12.336493910307478,0.03099699943237647,0.11755198440688905,0.2657287581053075,0.016168114074719575,0.401968343858191,3.8466550220001574,0.16580771430914365,0.14920377172885993,0.08628278075253738
20250424_MC,kanga,MC_withDodson,0.75,24,leader,0.5740740740740741,0.9310344827586207,54.0,58.0,1.6648148148148147,50,3.2333333333333334,3.076245161017298,0.5793315948726722,5.309990320299047,0.025850799672414267,0.11059915020283614,0.25151473190737705,0.01891146039966176,0.7421328560009276,4.013549845012041,0.16580771430914365,0.14920377172885993,0.08628278075253738
20250424_MC,kanga,MC_withDodson,0.75,24,leader,0.5740740740740741,0.9310344827586207,54.0,58.0,1.6648148148148147,51,3.033333333333333,3.3619742908169474,0.35470896633447396,9.478120402647964,0.02825188479678107,0.12718430384492063,0.27235335840978275,0.014709250584880092,0.3556290103869764,3.619642860951912,0.16580771430914365,0.14920377172885993,0.08628278075253738
20250424_MC,kanga,MC_withDodson,0.75,24,leader,0.5740740740740741,0.9310344827586207,54.0,58.0,1.6648148148148147,52,2.4,3.545629270424652,0.39901843866065595,8.885878262483057,0.029795203953148334,0.11144153794602277,0.2701520587402056,0.012656501108679552,0.24002334577470696,3.8112114959017855,0.16580771430914365,0.14920377172885993,0.08628278075253738
20250424_MC,kanga,MC_withDodson,0.75,24,leader,0.5740740740740741,0.9310344827586207,54.0,58.0,1.6648148148148147,53,2.8,4.429581314839402,0.14602024821047285,30.335390941498922,0.03722337239360842,0.11011276478001845,0.35442208962470595,0.01877135165101326,0.020910374204387846,2.8741774046064403,0.16580771430914365,0.14920377172885993,0.08628278075253738
20250428_MC,kanga,MC_withDodson,0.5769230769230769,19,leader,0.3103448275862069,1.2608695652173914,58.0,46.0,0.5098522167487685,0,3.3666666666666667,3.783050828616675,0.8839441966702649,4.279739425709308,0.03179034309761912,0.12623841175639394,0.3079406394794685,0.04136984426851522,0.49990889411377604,3.237504230866661,0.18777398732716089,0.14676511392937433,0.08834968937299356
20250428_MC,kanga,MC_withDodson,0.5769230769230769,19,leader,0.3103448275862069,1.2608695652173914,58.0,46.0,0.5098522167487685,1,3.3666666666666667,4.163379275524937,0.6977931725797433,5.966494713803106,0.034986380466596106,0.11118501230406976,0.2845050362589731,0.019509476786188574,0.5768282225057068,3.5091537376141355,0.18777398732716089,0.14676511392937433,0.08834968937299356
20250428_MC,kanga,MC_withDodson,0.5769230769230769,19,leader,0.3103448275862069,1.2608695652173914,58.0,46.0,0.5098522167487685,2,2.066666666666667,3.8470138076921585,0.5218096680365004,7.372446398258496,0.03232784712346352,0.11529159016198329,0.3008415385309202,0.0288802055775366,0.2907092914584901,3.5368750349268994,0.18777398732716089,0.14676511392937433,0.08834968937299356
20250428_MC,kanga,MC_withDodson,0.5769230769230769,19,leader,0.3103448275862069,1.2608695652173914,58.0,46.0,0.5098522167487685,3,3.3333333333333335,4.555707303785032,0.7185881620486425,6.3398028862555185,0.03828325465365573,0.12306690648704433,0.336490857317684,0.03639794726679797,0.5232148992632154,2.93358910391891,0.18777398732716089,0.14676511392937433,0.08834968937299356
20250428_MC,kanga,MC_withDodson,0.5769230769230769,19,leader,0.3103448275862069,1.2608695652173914,58.0,46.0,0.5098522167487685,4,1.7,4.07834233913499,0.7327292118635692,5.565961166967038,0.0342717843624789,0.12356809681090353,0.2980793294413042,0.05032206776976002,0.517098524737006,3.284244477599804,0.18777398732716089,0.14676511392937433,0.08834968937299356
20250428_MC,kanga,MC_withDodson,0.5769230769230769,19,leader,0.3103448275862069,1.2608695652173914,58.0,46.0,0.5098522167487685,5,1.4,3.7964335338007564,0.6405588133642629,5.926752477046726,0.031902802805048376,0.12969432737364583,0.29263226451112856,0.030685692222604408,0.5094151511845478,3.555707398557077,0.18777398732716089,0.14676511392937433,0.08834968937299356
20250428_MC,kanga,MC_withDodson,0.5769230769230769,19,leader,0.3103448275862069,1.2608695652173914,58.0,46.0,0.5098522167487685,6,2.7666666666666666,3.135675209763252,0.37886875404339077,8.27641545072923,0.02635021184675002,0.12158545540175843,0.2279250184683259,0.024330467569126008,0.5013560770787188,4.375580581242265,0.18777398732716089,0.14676511392937433,0.08834968937299356
20250428_MC,kanga,MC_withDodson,0.5769230769230769,19,leader,0.3103448275862069,1.2608695652173914,58.0,46.0,0.5098522167487685,7,2.3333333333333335,2.910167508373058,0.7201936499611701,4.040812507205475,0.02445518914599208,0.1211516167189286,0.21685584359096413,0.02475692074732229,0.7674921050586712,4.604811408582356,0.18777398732716089,0.14676511392937433,0.08834968937299356
20250428_MC,kanga,MC_withDodson,0.5769230769230769,19,leader,0.3103448275862069,1.2608695652173914,58.0,46.0,0.5098522167487685,8,4.333333333333333,2.987333228132123,0.9079801211076736,3.2900865984684566,0.02510364057253885,0.11670143618730341,0.2150739604566404,0.02380281309739356,0.9308236431178587,4.687440875281351,0.18777398732716089,0.14676511392937433,0.08834968937299356
20250428_MC,kanga,MC_withDodson,0.5769230769230769,19,leader,0.3103448275862069,1.2608695652173914,58.0,46.0,0.5098522167487685,9,3.1333333333333333,3.0395760338554902,0.4090834180762632,7.430210806757361,0.02554265574668479,0.11581634162786435,0.2348296581415945,0.016026327463753216,0.5104623525361942,4.089763037027035,0.18777398732716089,0.14676511392937433,0.08834968937299356
20250428_MC,kanga,MC_withDodson,0.5769230769230769,19,leader,0.3103448275862069,1.2608695652173914,58.0,46.0,0.5098522167487685,10,1.7,2.5518855119865003,0.3790905231251721,6.731599331339369,0.021444416067113448,0.1347038469020233,0.1945143584922688,0.011751112092905388,0.6411822564629528,5.135199367074476,0.18777398732716089,0.14676511392937433,0.08834968937299356
20250428_MC,kanga,MC_withDodson,0.5769230769230769,19,leader,0.3103448275862069,1.2608695652173914,58.0,46.0,0.5098522167487685,11,3.933333333333333,1.659168116851643,0.44868355737476284,3.697858077437465,0.013942589217240698,0.13058161768824764,0.16278761847794535,0.005776559826533806,0.9918816033522488,6.0933015097531165,0.18777398732716089,0.14676511392937433,0.08834968937299356
20250428_MC,kanga,MC_withDodson,0.5769230769230769,19,leader,0.3103448275862069,1.2608695652173914,58.0,46.0,0.5098522167487685,12,2.566666666666667,3.2602491067204724,0.17511098987537027,18.618186722837052,0.02739705131697876,0.12440873787438939,0.2327146793866118,0.022488010707638003,0.22770091478168952,4.028960586465755,0.18777398732716089,0.14676511392937433,0.08834968937299356
20250428_MC,kanga,MC_withDodson,0.5769230769230769,19,leader,0.3103448275862069,1.2608695652173914,58.0,46.0,0.5098522167487685,13,2.2,4.126699940595155,0.46926857421391116,8.79389792403623,0.03467815076130382,0.11895201081002256,0.3199133016083142,0.07433160562795396,0.3211862464332503,3.2301047597639005,0.18777398732716089,0.14676511392937433,0.08834968937299356
20250428_MC,kanga,MC_withDodson,0.5769230769230769,19,leader,0.3103448275862069,1.2608695652173914,58.0,46.0,0.5098522167487685,14,2.533333333333333,5.393129117549199,0.750901816823856,7.182202781664464,0.04532041275251428,0.11122212558745338,0.39984493168678026,0.08683114188770669,0.2740467781868796,2.5717096304721525,0.18777398732716089,0.14676511392937433,0.08834968937299356
20250428_MC,kanga,MC_withDodson,0.5769230769230769,19,leader,0.3103448275862069,1.2608695652173914,58.0,46.0,0.5098522167487685,15,3.533333333333333,5.47332116711409,1.0023089038699238,5.460712905952993,0.04599429552196714,0.11058808394182827,0.38348558081430834,0.07979186115225884,0.4470221786664861,2.5981989839556316,0.18777398732716089,0.14676511392937433,0.08834968937299356
20250428_MC,kanga,MC_withDodson,0.5769230769230769,19,leader,0.3103448275862069,1.2608695652173914,58.0,46.0,0.5098522167487685,16,3.566666666666667,3.9139507799650857,0.7370606919239208,5.310215051285197,0.032890342688782236,0.11132595857073152,0.2928936213932449,0.047028830787597405,0.6095182924615269,3.415286694373605,0.18777398732716089,0.14676511392937433,0.08834968937299356
20250428_MC,kanga,MC_withDodson,0.5769230769230769,19,leader,0.3103448275862069,1.2608695652173914,58.0,46.0,0.5098522167487685,17,2.2,3.1828242285574264,0.3872365473774468,8.219328082829609,0.02674642208871787,0.12512156673026673,0.2551267393715938,0.033377228755588045,0.5242827640249323,3.8647724393008542,0.18777398732716089,0.14676511392937433,0.08834968937299356
20250428_MC,kanga,MC_withDodson,0.5769230769230769,19,leader,0.3103448275862069,1.2608695652173914,58.0,46.0,0.5098522167487685,18,3.6333333333333333,4.786157111086083,0.31126610637263774,15.376415912615458,0.04021980765618557,0.11620255720008602,0.3621954675352979,0.02781783619974321,0.22636062808990895,2.748763600215958,0.18777398732716089,0.14676511392937433,0.08834968937299356
20250428_MC,kanga,MC_withDodson,0.5769230769230769,19,leader,0.3103448275862069,1.2608695652173914,58.0,46.0,0.5098522167487685,19,1.7333333333333334,5.1087018989882855,0.3578013795720831,14.278038572959389,0.04293026805872509,0.11485716134896351,0.3998255729901397,0.0495186634281307,0.13646145024292214,2.5392626008232377,0.18777398732716089,0.14676511392937433,0.08834968937299356
20250428_MC,kanga,MC_withDodson,0.5769230769230769,19,leader,0.3103448275862069,1.2608695652173914,58.0,46.0,0.5098522167487685,20,1.9,5.404266428621137,0.9516046156431234,5.679109096133134,0.045414003601858294,0.10703907936490153,0.43211651554663816,0.0938554515544487,0.3972657244353763,2.5806699038042122,0.18777398732716089,0.14676511392937433,0.08834968937299356
20250428_MC,kanga,MC_withDodson,0.5769230769230769,19,leader,0.3103448275862069,1.2608695652173914,58.0,46.0,0.5098522167487685,21,3.933333333333333,5.743405618809954,0.24113693725529262,23.818025078129725,0.04826391276310885,0.10950231165395063,0.4621625748877181,0.03523300072655766,0.06413946806021323,2.267945826041382,0.18777398732716089,0.14676511392937433,0.08834968937299356
20250428_MC,kanga,MC_withDodson,0.5769230769230769,19,leader,0.3103448275862069,1.2608695652173914,58.0,46.0,0.5098522167487685,22,4.233333333333333,3.1083728735993703,0.43384965608125803,7.164631410972437,0.026120780450414875,0.11293053942732972,0.2322531899781327,0.023765005390547284,0.8011968780373687,4.270338615478999,0.18777398732716089,0.14676511392937433,0.08834968937299356
20250428_MC,kanga,MC_withDodson,0.5769230769230769,19,leader,0.3103448275862069,1.2608695652173914,58.0,46.0,0.5098522167487685,23,3.533333333333333,3.972968019912656,0.4381863225725306,9.066846259800892,0.03338628588161895,0.10779107247731698,0.28115650957592137,0.03909164269126944,0.34908974070360227,3.4949150421621744,0.18777398732716089,0.14676511392937433,0.08834968937299356
20250428_MC,kanga,MC_withDodson,0.5769230769230769,19,leader,0.3103448275862069,1.2608695652173914,58.0,46.0,0.5098522167487685,24,2.6333333333333333,2.9961180451278873,0.4699273353155253,6.37570496535638,0.025177462564099893,0.11169127855467724,0.23594519494607374,0.01798877796184554,0.799267117670125,4.485507076365757,0.18777398732716089,0.14676511392937433,0.08834968937299356
20250428_MC,kanga,MC_withDodson,0.5769230769230769,19,leader,0.3103448275862069,1.2608695652173914,58.0,46.0,0.5098522167487685,25,3.433333333333333,4.622019306362546,0.5353544430099786,8.633568594996035,0.038840498372794505,0.11242165402426446,0.35202689413133226,0.04578503406421097,0.43638308882201526,2.8265136624180367,0.18777398732716089,0.14676511392937433,0.08834968937299356
20250428_MC,kanga,MC_withDodson,0.5769230769230769,19,leader,0.3103448275862069,1.2608695652173914,58.0,46.0,0.5098522167487685,26,4.933333333333334,2.7459647124663897,0.48849823047956437,5.621237787843457,0.023075333718204957,0.12437058905411237,0.2596086846153661,0.030106937622398727,0.7453407522822191,4.019202331627384,0.18777398732716089,0.14676511392937433,0.08834968937299356
20250428_MC,kanga,MC_withDodson,0.5769230769230769,19,leader,0.3103448275862069,1.2608695652173914,58.0,46.0,0.5098522167487685,27,4.2,5.206575397933508,1.051230337897989,4.952839744279481,0.04375273443641604,0.11020141767580813,0.4748843536113952,0.13084485974421173,0.244674342590004,2.191828878885194,0.18777398732716089,0.14676511392937433,0.08834968937299356
20250428_MC,kanga,MC_withDodson,0.5769230769230769,19,leader,0.3103448275862069,1.2608695652173914,58.0,46.0,0.5098522167487685,28,2.533333333333333,5.578285661500677,0.9558689620999755,5.835826753120619,0.04687635009664434,0.11031466084141628,0.43630129493723074,0.0823982238331538,0.2308054839268336,2.3980614241632123,0.18777398732716089,0.14676511392937433,0.08834968937299356
20250428_MC,kanga,MC_withDodson,0.5769230769230769,19,leader,0.3103448275862069,1.2608695652173914,58.0,46.0,0.5098522167487685,29,1.4666666666666666,3.7106942685303124,0.31125441239974694,11.92174028930595,0.03118230477756565,0.11950686130773867,0.26522357237394206,0.01047157761757592,0.2600543869518877,3.599563790964828,0.18777398732716089,0.14676511392937433,0.08834968937299356
20250428_MC,kanga,MC_withDodson,0.5769230769230769,19,leader,0.3103448275862069,1.2608695652173914,58.0,46.0,0.5098522167487685,30,3.933333333333333,4.114433654350355,0.5359832934777633,7.676421456447977,0.03457507272563324,0.1098414005914732,0.3576258647731283,0.051453503202037676,0.304563908935776,3.0065637735601403,0.18777398732716089,0.14676511392937433,0.08834968937299356
20250428_MC,kanga,MC_withDodson,0.5769230769230769,19,leader,0.3103448275862069,1.2608695652173914,58.0,46.0,0.5098522167487685,31,2.7666666666666666,5.69026584122879,0.6285386332896592,9.05316799931128,0.047817360010325966,0.10849263088503261,0.4298407390698509,0.09388218372001612,0.19928019271092576,2.3758926257353967,0.18777398732716089,0.14676511392937433,0.08834968937299356
20250428_MC,kanga,MC_withDodson,0.5769230769230769,19,leader,0.3103448275862069,1.2608695652173914,58.0,46.0,0.5098522167487685,32,1.2666666666666666,3.749065017416232,0.8036516511103037,4.665037410470847,0.031504748045514556,0.12297174988223372,0.2981206797670713,0.055431740258157766,0.643653032371535,3.3736274727718163,0.18777398732716089,0.14676511392937433,0.08834968937299356
20250428_MC,kanga,MC_withDodson,0.5769230769230769,19,leader,0.3103448275862069,1.2608695652173914,58.0,46.0,0.5098522167487685,33,4.9,2.977976423405734,0.37268493977090833,7.99060038550609,0.025025011961392722,0.12749661382390384,0.21078832420235208,0.0199554655998792,0.4006011773144248,4.724127513603953,0.18777398732716089,0.14676511392937433,0.08834968937299356
20250428_MC,kanga,MC_withDodson,0.5769230769230769,19,leader,0.3103448275862069,1.2608695652173914,58.0,46.0,0.5098522167487685,34,2.433333333333333,5.251411885348895,1.3306247774236197,3.9465760554352336,0.04412951164158735,0.11693723700317504,0.38379143755198936,0.08001287229779368,0.43771117874565063,2.8033882604795983,0.18777398732716089,0.14676511392937433,0.08834968937299356
20250428_MC,kanga,MC_withDodson,0.5769230769230769,19,leader,0.3103448275862069,1.2608695652173914,58.0,46.0,0.5098522167487685,35,3.3333333333333335,2.9663365895406844,0.8948553003808813,3.314878492956469,0.02492719823143432,0.11251501816109684,0.2155048813425736,0.010843000225954125,0.8136960532543829,4.837831771280619,0.18777398732716089,0.14676511392937433,0.08834968937299356
20250428_MC,kanga,MC_withDodson,0.5769230769230769,19,leader,0.3103448275862069,1.2608695652173914,58.0,46.0,0.5098522167487685,36,4.633333333333334,4.504172659456896,0.6171323877344888,7.298551735376986,0.03785019041560417,0.1269094770296902,0.41117598329534305,0.028861075881543657,0.18604649038096815,2.636332948984694,0.18777398732716089,0.14676511392937433,0.08834968937299356
20250428_MC,kanga,MC_withDodson,0.5769230769230769,19,leader,0.3103448275862069,1.2608695652173914,58.0,46.0,0.5098522167487685,37,4.733333333333333,2.6982648899356816,0.39812250017271134,6.7774739904555386,0.022674494873409088,0.10824339584780897,0.2455326155672262,0.030154774892254106,0.5867142101028497,3.9391864280765736,0.18777398732716089,0.14676511392937433,0.08834968937299356
20250428_MC,kanga,MC_withDodson,0.5769230769230769,19,leader,0.3103448275862069,1.2608695652173914,58.0,46.0,0.5098522167487685,38,3.8,2.670036164350102,0.33496566384069254,7.971074210221002,0.022437278692017663,0.11845456056810098,0.2121618548416328,0.019867169096826464,0.45959272228085424,4.840685030596427,0.18777398732716089,0.14676511392937433,0.08834968937299356
20250428_MC,kanga,MC_withDodson,0.5769230769230769,19,leader,0.3103448275862069,1.2608695652173914,58.0,46.0,0.5098522167487685,39,4.366666666666666,3.829771722395074,0.6257538020829533,6.120253220430898,0.03218295565037877,0.1199341970499391,0.27966194183524956,0.010485415485705111,0.5566827616419995,3.613332834964605,0.18777398732716089,0.14676511392937433,0.08834968937299356
20250428_MC,kanga,MC_withDodson,0.5769230769230769,19,leader,0.3103448275862069,1.2608695652173914,58.0,46.0,0.5098522167487685,40,1.7,2.7623604417433176,0.6397716778020746,4.317728554714024,0.023213112955826197,0.11573407754828595,0.20599739404087106,0.012202110642292848,0.7828877386918559,5.346447484596349,0.18777398732716089,0.14676511392937433,0.08834968937299356
20250428_MC,kanga,MC_withDodson,0.5769230769230769,19,leader,0.3103448275862069,1.2608695652173914,58.0,46.0,0.5098522167487685,41,4.166666666666667,3.980716212845246,0.9029913164382146,4.408365994644223,0.03345139674659871,0.10803395569130171,0.3018981437721076,0.02211893363486269,0.5526158461731828,3.680822426492513,0.18777398732716089,0.14676511392937433,0.08834968937299356
20250428_MC,kanga,MC_withDodson,0.5769230769230769,19,leader,0.3103448275862069,1.2608695652173914,58.0,46.0,0.5098522167487685,42,3.1333333333333333,4.116631946266559,0.6634997824827399,6.2044209432331625,0.03459354576694588,0.10606459395602995,0.3113080195825997,0.03624766140252354,0.34155971126772766,3.3261191836211474,0.18777398732716089,0.14676511392937433,0.08834968937299356
20250428_MC,kanga,MC_withDodson,0.5769230769230769,19,leader,0.3103448275862069,1.2608695652173914,58.0,46.0,0.5098522167487685,43,2.3,3.621120608682779,0.40397518070316296,8.963720499808485,0.030429584946914112,0.12930274821788615,0.2851563806160237,0.019425936244004082,0.3477696231540252,3.554691294819985,0.18777398732716089,0.14676511392937433,0.08834968937299356
20250428_MC,kanga,MC_withDodson,0.5769230769230769,19,leader,0.3103448275862069,1.2608695652173914,58.0,46.0,0.5098522167487685,44,2.566666666666667,3.3489238403053956,0.5960166014892373,5.6188432200338125,0.028142217145423493,0.11470434939498513,0.24928091199747696,0.024658030447837393,0.9114055334202097,4.007693766739851,0.18777398732716089,0.14676511392937433,0.08834968937299356
20250428_MC,kanga,MC_withDodson,0.5769230769230769,19,leader,0.3103448275862069,1.2608695652173914,58.0,46.0,0.5098522167487685,45,2.8,3.386491977514683,0.160914512048983,21.045286310061467,0.02845791577743431,0.10763852618102067,0.2687809745836181,0.006674394760508267,0.1477294072432186,3.7829385907972446,0.18777398732716089,0.14676511392937433,0.08834968937299356
20250428_MC,kanga,MC_withDodson,0.5769230769230769,19,leader,0.3103448275862069,1.2608695652173914,58.0,46.0,0.5098522167487685,46,3.2333333333333334,4.251475206714561,0.4467196969306614,9.517098162283325,0.03572668240936606,0.10988469256604223,0.33062274312705425,0.016087350818905492,0.16469281566472352,3.134992754087176,0.18777398732716089,0.14676511392937433,0.08834968937299356
20250428_MC,kanga,MC_withDodson,0.5769230769230769,19,leader,0.3103448275862069,1.2608695652173914,58.0,46.0,0.5098522167487685,47,2.2666666666666666,3.261528988925321,0.20232156402184304,16.120520838664532,0.027407806629624547,0.13439092376450973,0.23967579989163654,0.015409509229187353,0.24467032536457,4.128834714901835,0.18777398732716089,0.14676511392937433,0.08834968937299356
20250428_MC,kanga,MC_withDodson,0.5769230769230769,19,leader,0.3103448275862069,1.2608695652173914,58.0,46.0,0.5098522167487685,48,3.7666666666666666,3.2228790686188264,0.6047699862903099,5.32909889987784,0.027083017383351483,0.12729683099559186,0.2933612480684343,0.04254534986820301,0.7138024680968628,3.5155765807730073,0.18777398732716089,0.14676511392937433,0.08834968937299356
20250428_MC,kanga,MC_withDodson,0.5769230769230769,19,leader,0.3103448275862069,1.2608695652173914,58.0,46.0,0.5098522167487685,49,2.2,2.4911664558183513,0.4156991807140802,5.992714374704979,0.020934171897633205,0.12704340564560235,0.23766694362922725,0.009896006253549272,0.9801918537254787,4.165210647501541,0.18777398732716089,0.14676511392937433,0.08834968937299356
20250428_MC,kanga,MC_withDodson,0.5769230769230769,19,leader,0.3103448275862069,1.2608695652173914,58.0,46.0,0.5098522167487685,50,2.8333333333333335,3.0819624610132195,0.6435284180529587,4.789162956218651,0.025898844210195122,0.11144014657378781,0.26110403446058555,0.032779007537865126,0.5645112172306003,3.993446114953977,0.18777398732716089,0.14676511392937433,0.08834968937299356
20250429_MC,kanga,MC_withDodson,0.7536231884057971,24,follower,0.5151515151515151,0.9166666666666666,33.0,36.0,0.9272727272727272,0,4.466666666666667,3.0479329714133327,1.1832731700349604,2.5758489659013226,0.025612882112717082,0.1619759615161408,0.25599977198475715,0.028070496807019882,0.9201295934971099,4.0243348299206865,0.1684776461631613,0.1636274632373092,0.10749729089741096
20250429_MC,kanga,MC_withDodson,0.7536231884057971,24,follower,0.5151515151515151,0.9166666666666666,33.0,36.0,0.9272727272727272,1,2.8666666666666667,3.1955910292377383,0.6632758292992288,4.817891574028829,0.02685370612804822,0.17230868033685326,0.17699946172167014,0.009921703101941263,0.7753268142553464,6.408521491661966,0.1684776461631613,0.1636274632373092,0.10749729089741096
20250429_MC,kanga,MC_withDodson,0.7536231884057971,24,follower,0.5151515151515151,0.9166666666666666,33.0,36.0,0.9272727272727272,2,2.066666666666667,3.5263814014488117,0.4117459982824718,8.564458224630014,0.02963345715503203,0.17117994364609831,0.20348757411005605,0.018774047840874365,0.4189958091274666,4.948283063299731,0.1684776461631613,0.1636274632373092,0.10749729089741096
20250429_MC,kanga,MC_withDodson,0.7536231884057971,24,follower,0.5151515151515151,0.9166666666666666,33.0,36.0,0.9272727272727272,3,1.5333333333333334,4.090039623702255,0.8751731659639229,4.673406112946176,0.03437008087144752,0.16701298034272444,0.23212117224443166,0.024656275456147313,0.6156130470386337,4.64309518967864,0.1684776461631613,0.1636274632373092,0.10749729089741096
20250429_MC,kanga,MC_withDodson,0.7536231884057971,24,follower,0.5151515151515151,0.9166666666666666,33.0,36.0,0.9272727272727272,4,2.8,3.73637745422535,0.21782634966445846,17.153009541687208,0.031398129867439915,0.181850438835454,0.22568814256321393,0.012547540465776967,0.5684693300360966,4.473952552933229,0.1684776461631613,0.1636274632373092,0.10749729089741096
20250429_MC,kanga,MC_withDodson,0.7536231884057971,24,follower,0.5151515151515151,0.9166666666666666,33.0,36.0,0.9272727272727272,5,1.9333333333333333,4.355106207961608,0.8242908995214142,5.283457830833989,0.036597531159341244,0.166991318084385,0.23209517205157185,0.018966129078513767,0.5638139243161022,4.354221772364724,0.1684776461631613,0.1636274632373092,0.10749729089741096
20250429_MC,kanga,MC_withDodson,0.7536231884057971,24,follower,0.5151515151515151,0.9166666666666666,33.0,36.0,0.9272727272727272,6,3.566666666666667,4.652905502244043,0.2648650727653684,17.567078413414798,0.0391000462373449,0.17871228071978007,0.2278268116407668,0.011578768343226492,0.6169120604459847,4.657103591842874,0.1684776461631613,0.1636274632373092,0.10749729089741096
20250429_MC,kanga,MC_withDodson,0.7536231884057971,24,follower,0.5151515151515151,0.9166666666666666,33.0,36.0,0.9272727272727272,7,3.8,4.678986011787446,0.8660826405228874,5.402470610613511,0.03931921018308778,0.17002079759682923,0.26237174115061684,0.05470643497634164,0.6370671014889543,4.129231787825495,0.1684776461631613,0.1636274632373092,0.10749729089741096
20250429_MC,kanga,MC_withDodson,0.7536231884057971,24,follower,0.5151515151515151,0.9166666666666666,33.0,36.0,0.9272727272727272,8,3.7333333333333334,3.586889830713088,1.0238268345592305,3.503414551795066,0.03014193135053015,0.1733118272592034,0.22768115651450832,0.01771053681274274,0.8020443497921842,5.048990854811413,0.1684776461631613,0.1636274632373092,0.10749729089741096
20250429_MC,kanga,MC_withDodson,0.7536231884057971,24,follower,0.5151515151515151,0.9166666666666666,33.0,36.0,0.9272727272727272,9,4.466666666666667,2.672943290329464,1.2327147075713392,2.168338930258749,0.022461708322096336,0.1622193754634256,0.1894221060045217,0.006787583212727731,1.0312324551743148,6.042726882931283,0.1684776461631613,0.1636274632373092,0.10749729089741096
20250429_MC,kanga,MC_withDodson,0.7536231884057971,24,follower,0.5151515151515151,0.9166666666666666,33.0,36.0,0.9272727272727272,10,3.433333333333333,2.7049763403806004,0.4626733832627383,5.8464057761553265,0.0227308936166437,0.1610853937655183,0.14936395321312373,0.00945929571995831,0.8891882893438451,7.423169317969614,0.1684776461631613,0.1636274632373092,0.10749729089741096
20250429_MC,kanga,MC_withDodson,0.7536231884057971,24,follower,0.5151515151515151,0.9166666666666666,33.0,36.0,0.9272727272727272,11,3.7666666666666666,3.4130972778477013,1.3544458315177705,2.5199215785713913,0.028681489729812618,0.16077480658835622,0.28736786328823966,0.03370292294210424,0.7533317354405626,3.8809214107744867,0.1684776461631613,0.1636274632373092,0.10749729089741096
20250429_MC,kanga,MC_withDodson,0.7536231884057971,24,follower,0.5151515151515151,0.9166666666666666,33.0,36.0,0.9272727272727272,12,1.5,3.399277653653719,0.8533355672527072,3.9835180720260017,0.028565358434064863,0.17540156357725065,0.2212674653763412,0.019386454211648852,0.5899722449283796,4.942162929623367,0.1684776461631613,0.1636274632373092,0.10749729089741096
20250429_MC,kanga,MC_withDodson,0.7536231884057971,24,follower,0.5151515151515151,0.9166666666666666,33.0,36.0,0.9272727272727272,13,3.533333333333333,2.3260273332116737,0.2712402554980964,8.575524045795621,0.019546448178249357,0.167286850518558,0.14244941772089995,0.0032634620628366577,0.6418143736213959,7.264947743550784,0.1684776461631613,0.1636274632373092,0.10749729089741096
20250429_MC,kanga,MC_withDodson,0.7536231884057971,24,follower,0.5151515151515151,0.9166666666666666,33.0,36.0,0.9272727272727272,14,1.6666666666666667,3.2452568082742563,1.1836010397579955,2.7418502512787555,0.027271065615750052,0.155354438117883,0.32916649904600687,0.02831998035014851,0.7985481511204449,3.3150540690825507,0.1684776461631613,0.1636274632373092,0.10749729089741096
20250429_MC,kanga,MC_withDodson,0.7536231884057971,24,follower,0.5151515151515151,0.9166666666666666,33.0,36.0,0.9272727272727272,15,4.633333333333334,2.337851211607703,0.6324678881710156,3.6963951140165423,0.019645808500905068,0.16943783773228355,0.19672414221745943,0.00927652708343108,1.1468918514784394,5.301645729926165,0.1684776461631613,0.1636274632373092,0.10749729089741096
20250429_MC,kanga,MC_withDodson,0.7536231884057971,24,follower,0.5151515151515151,0.9166666666666666,33.0,36.0,0.9272727272727272,16,3.7666666666666666,2.939671644511177,0.719205154276548,4.087389567540304,0.024703123063119135,0.16611359060187966,0.20903259763244061,0.019040088790335575,0.6084663000226357,5.499648784795089,0.1684776461631613,0.1636274632373092,0.10749729089741096
20250429_MC,kanga,MC_withDodson,0.7536231884057971,24,follower,0.5151515151515151,0.9166666666666666,33.0,36.0,0.9272727272727272,17,3.5,2.0426797107638426,0.9037600324971813,2.2602014221847253,0.01716537572070456,0.1456887530661825,0.30349838153631375,0.019837683472243375,1.119852255329258,3.5022106346754893,0.1684776461631613,0.1636274632373092,0.10749729089741096
20250429_MC,kanga,MC_withDodson,0.7536231884057971,24,follower,0.5151515151515151,0.9166666666666666,33.0,36.0,0.9272727272727272,18,2.8666666666666667,2.5471991943761174,0.6327990115827274,4.025289464351692,0.02140503524685813,0.1636840556081946,0.2209552590772186,0.019699587138660213,0.8157699651359162,4.4111264189795,0.1684776461631613,0.1636274632373092,0.10749729089741096
20250429_MC,kanga,MC_withDodson,0.7536231884057971,24,follower,0.5151515151515151,0.9166666666666666,33.0,36.0,0.9272727272727272,19,4.333333333333333,3.579745796985132,0.7816131007509518,4.579946003394536,0.03008189745365657,0.16576963521840185,0.20108761557950378,0.020112188345866103,0.7018428873530197,5.68178076631853,0.1684776461631613,0.1636274632373092,0.10749729089741096
20250429_MC,kanga,MC_withDodson,0.7536231884057971,24,follower,0.5151515151515151,0.9166666666666666,33.0,36.0,0.9272727272727272,20,3.2333333333333334,5.010050486507219,0.8624376559359451,5.809174091627702,0.04210126459249764,0.1671239315248548,0.26489112640086504,0.04669952545699362,0.5251873823924089,3.805199687605317,0.1684776461631613,0.1636274632373092,0.10749729089741096
20250429_MC,kanga,MC_withDodson,0.7536231884057971,24,follower,0.5151515151515151,0.9166666666666666,33.0,36.0,0.9272727272727272,21,3.1333333333333333,5.635663863793063,0.9427595890392554,5.977837753457632,0.04735851986380725,0.17719912179444644,0.3806347052470752,0.06266477818884765,0.4290697741235947,2.6989995884809317,0.1684776461631613,0.1636274632373092,0.10749729089741096
20250429_MC,kanga,MC_withDodson,0.7536231884057971,24,follower,0.5151515151515151,0.9166666666666666,33.0,36.0,0.9272727272727272,22,4.366666666666666,5.228710619644595,1.0236812791702472,5.107752506603195,0.04393874470289576,0.16931162029630759,0.3198115419753298,0.02804580558943726,0.35508588669011226,3.3407818407398184,0.1684776461631613,0.1636274632373092,0.10749729089741096
20250429_MC,kanga,MC_withDodson,0.7536231884057971,24,follower,0.5151515151515151,0.9166666666666666,33.0,36.0,0.9272727272727272,23,3.6,4.329037565081121,0.2801462397665316,15.452777694567153,0.0363784669334548,0.16852148035758993,0.28361551673683605,0.0409806976989737,0.14175775334212315,3.828541076628027,0.1684776461631613,0.1636274632373092,0.10749729089741096
20250429_MC,kanga,MC_withDodson,0.7536231884057971,24,follower,0.5151515151515151,0.9166666666666666,33.0,36.0,0.9272727272727272,24,4.0,4.925635571808923,0.6473847664173671,7.608513247952114,0.04139189556141952,0.17589919692106512,0.27997133232571286,0.047451506603819076,0.4321234724985349,3.6332732516712953,0.1684776461631613,0.1636274632373092,0.10749729089741096
20250429_MC,kanga,MC_withDodson,0.7536231884057971,24,follower,0.5151515151515151,0.9166666666666666,33.0,36.0,0.9272727272727272,25,4.5,5.014069527669292,0.8264931966808773,6.066679735302537,0.04213503804764111,0.16246355097062368,0.27286166828508507,0.01457772388161091,0.40933663881045373,3.872030901423644,0.1684776461631613,0.1636274632373092,0.10749729089741096
20250429_MC,kanga,MC_withDodson,0.7536231884057971,24,follower,0.5151515151515151,0.9166666666666666,33.0,36.0,0.9272727272727272,26,1.3,3.0524137068477737,0.4499059326451451,6.7845598054278335,0.025650535351661962,0.18068541454042983,0.20955999675125447,0.0039023834695772956,0.6506028754305578,5.4292185663446135,0.1684776461631613,0.1636274632373092,0.10749729089741096
20250429_MC,kanga,MC_withDodson,0.7536231884057971,24,follower,0.5151515151515151,0.9166666666666666,33.0,36.0,0.9272727272727272,27,4.333333333333333,3.1031921671552865,0.6367974605219138,4.873122710966744,0.026077245102145263,0.16301738718165287,0.186397085909799,0.017760098650257527,0.6762957126177569,5.812446059352219,0.1684776461631613,0.1636274632373092,0.10749729089741096
20250429_MC,kanga,MC_withDodson,0.7536231884057971,24,follower,0.5151515151515151,0.9166666666666666,33.0,36.0,0.9272727272727272,28,2.566666666666667,1.431250161674103,0.3152895748551165,4.539478231501306,0.012027312282975655,0.1639105385629636,0.1661890896271864,0.005381282846460581,1.2697836590635827,5.4375582356423005,0.1684776461631613,0.1636274632373092,0.10749729089741096
20250429_MC,kanga,MC_withDodson,0.7536231884057971,24,follower,0.5151515151515151,0.9166666666666666,33.0,36.0,0.9272727272727272,29,1.5666666666666667,1.961068378796115,0.6590739754259145,2.9754905396299565,0.016479566208370714,0.16721893015394804,0.16505210220082916,0.008803036056322698,1.2983372106295845,7.141730379945294,0.1684776461631613,0.1636274632373092,0.10749729089741096
20250429_MC,kanga,MC_withDodson,0.7536231884057971,24,follower,0.5151515151515151,0.9166666666666666,33.0,36.0,0.9272727272727272,30,2.066666666666667,1.9659173055578747,0.7947359862967138,2.473673445591152,0.01652031349208298,0.1696007546621522,0.17968190498480388,0.008265819138495363,1.514996851441962,6.1893383504757615,0.1684776461631613,0.1636274632373092,0.10749729089741096
20250429_MC,kanga,MC_withDodson,0.7536231884057971,24,follower,0.5151515151515151,0.9166666666666666,33.0,36.0,0.9272727272727272,31,3.7,2.3664245832700708,0.8298965672945201,2.8514692993425235,0.01988592086781572,0.17340409280609037,0.1969405712496522,0.020756745229815066,1.146738534757773,5.765599552710454,0.1684776461631613,0.1636274632373092,0.10749729089741096
20250429_MC,kanga,MC_withDodson,0.7536231884057971,24,follower,0.5151515151515151,0.9166666666666666,33.0,36.0,0.9272727272727272,32,3.8666666666666667,3.191549075896734,0.6801930851211495,4.692122201342705,0.026819740133586,0.17378291845593333,0.27137123291676674,0.045389622595505275,0.7604319943512015,4.085325850003921,0.1684776461631613,0.1636274632373092,0.10749729089741096
20250430_MC,kanga,MC_withDodson,0.6902654867256637,23,follower,0.5254237288135594,1.0925925925925926,59.0,54.0,1.1349152542372882,0,3.8,4.065942798207136,0.34839225588672784,11.670588910934601,0.03416758653955576,0.09334330647492685,0.3421166508273488,0.03501480276147882,0.17738166885866927,2.934793585166451,0.12270150315946031,0.08223132130736421,0.06631748626690846
20250430_MC,kanga,MC_withDodson,0.6902654867256637,23,follower,0.5254237288135594,1.0925925925925926,59.0,54.0,1.1349152542372882,1,2.9,4.584248904043403,0.2827117229432815,16.21527701899758,0.03852310003397818,0.09873100128693153,0.3640325067499405,0.02828613013518164,0.053171845823025546,2.7695124328359975,0.12270150315946031,0.08223132130736421,0.06631748626690846
20250430_MC,kanga,MC_withDodson,0.6902654867256637,23,follower,0.5254237288135594,1.0925925925925926,59.0,54.0,1.1349152542372882,2,1.8333333333333333,5.460789891509805,0.6045170639062316,9.033309756756251,0.04588899068495634,0.09217103205813242,0.4706090322905157,0.08480375972905033,0.1316407137662084,2.1761390787829535,0.12270150315946031,0.08223132130736421,0.06631748626690846
20250430_MC,kanga,MC_withDodson,0.6902654867256637,23,follower,0.5254237288135594,1.0925925925925926,59.0,54.0,1.1349152542372882,3,3.3666666666666667,5.634978121718995,0.054150145866224096,104.06210420263682,0.047352757325369706,0.10168290767884552,0.4466017463229214,0.03741185955615773,0.01536984846097766,2.271227997482601,0.12270150315946031,0.08223132130736421,0.06631748626690846
20250430_MC,kanga,MC_withDodson,0.6902654867256637,23,follower,0.5254237288135594,1.0925925925925926,59.0,54.0,1.1349152542372882,4,2.066666666666667,2.366279557977403,0.1870204474647374,12.652517893390046,0.019884702167877334,0.11395869693765458,0.1824093963752335,0.013277400751812288,0.16183623020902446,5.08176281837308,0.12270150315946031,0.08223132130736421,0.06631748626690846
20250430_MC,kanga,MC_withDodson,0.6902654867256637,23,follower,0.5254237288135594,1.0925925925925926,59.0,54.0,1.1349152542372882,5,3.566666666666667,3.020571522691215,0.38342257631655535,7.877917757762439,0.025382953972195085,0.11429415204583813,0.2343589521975673,0.009965807747083288,0.4659967968565133,4.1808647649520605,0.12270150315946031,0.08223132130736421,0.06631748626690846
20250430_MC,kanga,MC_withDodson,0.6902654867256637,23,follower,0.5254237288135594,1.0925925925925926,59.0,54.0,1.1349152542372882,6,2.566666666666667,3.874391139533576,0.5710461889295554,6.784724624108337,0.03255790873557627,0.1130359627065081,0.3478458996103509,0.042727564707496904,0.47953084350014946,2.9649264424348725,0.12270150315946031,0.08223132130736421,0.06631748626690846
20250430_MC,kanga,MC_withDodson,0.6902654867256637,23,follower,0.5254237288135594,1.0925925925925926,59.0,54.0,1.1349152542372882,7,1.4333333333333333,4.100131914438802,0.36828143601801955,11.133148493094797,0.03445489003730086,0.09764403289560462,0.3715668108982991,0.04338935878843672,0.2457550696484917,2.738993169470105,0.12270150315946031,0.08223132130736421,0.06631748626690846
20250430_MC,kanga,MC_withDodson,0.6902654867256637,23,follower,0.5254237288135594,1.0925925925925926,59.0,54.0,1.1349152542372882,8,4.266666666666667,4.352532390864899,0.8938221256234038,4.869573336897639,0.036575902444242844,0.10563298670754102,0.3722455287422933,0.0869162671556107,0.4440163666933361,2.6931405977126976,0.12270150315946031,0.08223132130736421,0.06631748626690846
20250430_MC,kanga,MC_withDodson,0.6902654867256637,23,follower,0.5254237288135594,1.0925925925925926,59.0,54.0,1.1349152542372882,9,2.3,4.259378887579141,0.7369334943996025,5.779868766922257,0.03579309989562303,0.11994699090033982,0.3737140705703817,0.04737033388696332,0.44931516742157523,2.7595568539991455,0.12270150315946031,0.08223132130736421,0.06631748626690846
20250430_MC,kanga,MC_withDodson,0.6902654867256637,23,follower,0.5254237288135594,1.0925925925925926,59.0,54.0,1.1349152542372882,10,1.9333333333333333,3.694166861413057,0.2065739075139617,17.8830274639762,0.031043419003471066,0.11431370722278184,0.3041609263471088,0.012577278382600605,0.09148445981420024,3.244530291705675,0.12270150315946031,0.08223132130736421,0.06631748626690846
20250430_MC,kanga,MC_withDodson,0.6902654867256637,23,follower,0.5254237288135594,1.0925925925925926,59.0,54.0,1.1349152542372882,11,1.7,3.896813986305532,0.30334312886760706,12.84622467254329,0.03274633601937422,0.10873349092074516,0.32488894963127374,0.020656246469301927,0.14995872403431484,3.019125895736317,0.12270150315946031,0.08223132130736421,0.06631748626690846
20250430_MC,kanga,MC_withDodson,0.6902654867256637,23,follower,0.5254237288135594,1.0925925925925926,59.0,54.0,1.1349152542372882,12,4.366666666666666,3.3787743222679496,0.41151713724421257,8.21053126704377,0.028393061531663443,0.1128599710949885,0.2731708966014038,0.03500119212087506,0.18889540837022015,3.5336901567973813,0.12270150315946031,0.08223132130736421,0.06631748626690846
20250430_MC,kanga,MC_withDodson,0.6902654867256637,23,follower,0.5254237288135594,1.0925925925925926,59.0,54.0,1.1349152542372882,13,3.3666666666666667,3.302040039435206,0.3299244819573273,10.008472302041213,0.027748235625505935,0.1111950220031933,0.2778158314275235,0.030986919297301886,0.324025487729038,3.6117944442413,0.12270150315946031,0.08223132130736421,0.06631748626690846
20250430_MC,kanga,MC_withDodson,0.6902654867256637,23,follower,0.5254237288135594,1.0925925925925926,59.0,54.0,1.1349152542372882,14,2.5,3.100404394566661,0.468980097525668,6.6109508930642225,0.026053818441736647,0.10297675883047408,0.26824858861078693,0.03329410879192872,0.39140478185659755,3.7063002698644687,0.12270150315946031,0.08223132130736421,0.06631748626690846
20250430_MC,kanga,MC_withDodson,0.6902654867256637,23,follower,0.5254237288135594,1.0925925925925926,59.0,54.0,1.1349152542372882,15,2.933333333333333,3.3682942105753164,0.7256248987310604,4.641922040527599,0.02830499336617913,0.10230834694483011,0.300910652166771,0.06079987193126424,0.45272925586772156,3.290068518496559,0.12270150315946031,0.08223132130736421,0.06631748626690846
20250430_MC,kanga,MC_withDodson,0.6902654867256637,23,follower,0.5254237288135594,1.0925925925925926,59.0,54.0,1.1349152542372882,16,2.533333333333333,4.295998915556206,0.8333690704166193,5.154977630029565,0.03610083122316139,0.09662412643236927,0.35109572488022184,0.03364037907256905,0.1641050505504999,2.888391038265655,0.12270150315946031,0.08223132130736421,0.06631748626690846
20250430_MC,kanga,MC_withDodson,0.6902654867256637,23,follower,0.5254237288135594,1.0925925925925926,59.0,54.0,1.1349152542372882,17,5.133333333333334,3.038641664805569,0.22344274481325674,13.59919592531468,0.02553480390592915,0.1255081774767233,0.2342885754507721,0.017257722725530042,0.15207137085261596,4.170240549241839,0.12270150315946031,0.08223132130736421,0.06631748626690846
20250430_MC,kanga,MC_withDodson,0.6902654867256637,23,follower,0.5254237288135594,1.0925925925925926,59.0,54.0,1.1349152542372882,18,3.8666666666666667,3.618907700404806,0.2004833702018866,18.050912136805003,0.03041098907903198,0.11225474048221003,0.2994758399762383,0.03606113458365866,0.1516221009447444,3.4065264926714773,0.12270150315946031,0.08223132130736421,0.06631748626690846
20250430_MC,kanga,MC_withDodson,0.6902654867256637,23,follower,0.5254237288135594,1.0925925925925926,59.0,54.0,1.1349152542372882,19,1.3333333333333333,2.0789707395086316,0.347430626749957,5.983844196340382,0.01747034234881203,0.10576003156748552,0.1967425281999765,0.009131462282541188,0.6867304275162055,5.482731832515485,0.12270150315946031,0.08223132130736421,0.06631748626690846
20250430_MC,kanga,MC_withDodson,0.6902654867256637,23,follower,0.5254237288135594,1.0925925925925926,59.0,54.0,1.1349152542372882,20,4.066666666666666,2.384140987582293,0.6716005906322757,3.5499387892702017,0.020034798214977254,0.11786457418979898,0.23138910741066057,0.02220833094485742,0.9030527802733691,4.131575068209975,0.12270150315946031,0.08223132130736421,0.06631748626690846
20250430_MC,kanga,MC_withDodson,0.6902654867256637,23,follower,0.5254237288135594,1.0925925925925926,59.0,54.0,1.1349152542372882,21,2.6666666666666665,3.1476264481647833,0.40940808724487154,7.6882371067627515,0.0264506424215528,0.10818873919431608,0.2782837885136157,0.031055809321571946,0.4446717763899007,3.4936399266745,0.12270150315946031,0.08223132130736421,0.06631748626690846
20250430_MC,kanga,MC_withDodson,0.6902654867256637,23,follower,0.5254237288135594,1.0925925925925926,59.0,54.0,1.1349152542372882,22,3.466666666666667,3.8040651589396224,0.7144180296001962,5.32470486651696,0.03196693410873632,0.11587007193692005,0.3202938456272125,0.04304853419007531,0.47427782743784125,3.080481119156897,0.12270150315946031,0.08223132130736421,0.06631748626690846
20250430_MC,kanga,MC_withDodson,0.6902654867256637,23,follower,0.5254237288135594,1.0925925925925926,59.0,54.0,1.1349152542372882,23,1.6,4.090138669056669,0.8097587298182465,5.051058443018844,0.03437091318535016,0.1250150555943463,0.3897542792823325,0.02259234946922749,0.6510167577211482,2.779120739142319,0.12270150315946031,0.08223132130736421,0.06631748626690846
20250430_MC,kanga,MC_withDodson,0.6902654867256637,23,follower,0.5254237288135594,1.0925925925925926,59.0,54.0,1.1349152542372882,24,3.1,3.493318548658351,0.523958570966243,6.667165578026998,0.02935561805595253,0.13455745052508913,0.30462147761215325,0.0293605877899438,0.7321681913414001,3.3761257465883974,0.12270150315946031,0.08223132130736421,0.06631748626690846
20250430_MC,kanga,MC_withDodson,0.6902654867256637,23,follower,0.5254237288135594,1.0925925925925926,59.0,54.0,1.1349152542372882,25,4.0,3.6012716313409205,0.33192572177829405,10.84963109230308,0.03026278681799093,0.10177264269357195,0.3051397815991545,0.012840070890884963,0.33044959647912664,3.178814397126414,0.12270150315946031,0.08223132130736421,0.06631748626690846
20250430_MC,kanga,MC_withDodson,0.6902654867256637,23,follower,0.5254237288135594,1.0925925925925926,59.0,54.0,1.1349152542372882,26,4.3,4.12285020038982,0.7294877274517023,5.651706046916032,0.0346458000032758,0.10340101364788801,0.39628398541795157,0.06829610708950702,0.3678165038772208,2.7427839912542735,0.12270150315946031,0.08223132130736421,0.06631748626690846
20250430_MC,kanga,MC_withDodson,0.6902654867256637,23,follower,0.5254237288135594,1.0925925925925926,59.0,54.0,1.1349152542372882,27,4.933333333333334,4.594078071345911,0.24690036401915877,18.607012142717714,0.03860569807853707,0.11160438417957068,0.36562696481836965,0.02243343341718029,0.06240913506687583,2.908631857128802,0.12270150315946031,0.08223132130736421,0.06631748626690846
20250430_MC,kanga,MC_withDodson,0.6902654867256637,23,follower,0.5254237288135594,1.0925925925925926,59.0,54.0,1.1349152542372882,28,4.466666666666667,3.5377005116437794,0.17904379216887487,19.758856025050036,0.029728575728098987,0.11015466360704476,0.2740822037911175,0.01797209417348034,0.05884183599338301,3.6467205377158405,0.12270150315946031,0.08223132130736421,0.06631748626690846
20250430_MC,kanga,MC_withDodson,0.6902654867256637,23,follower,0.5254237288135594,1.0925925925925926,59.0,54.0,1.1349152542372882,29,4.333333333333333,5.187398059687916,0.5361692086890518,9.674927197649495,0.043591580333511896,0.10531773941898662,0.44922311272367826,0.07638301517056129,0.20591913287965127,2.2734817100451608,0.12270150315946031,0.08223132130736421,0.06631748626690846
20250430_MC,kanga,MC_withDodson,0.6902654867256637,23,follower,0.5254237288135594,1.0925925925925926,59.0,54.0,1.1349152542372882,30,1.7666666666666666,3.5638028013227965,0.2818144833730741,12.645917834552643,0.029947922700191566,0.12215455579560112,0.3081915868267457,0.04978623574818749,0.18279880727079567,3.2121886176344145,0.12270150315946031,0.08223132130736421,0.06631748626690846
20250430_MC,kanga,MC_withDodson,0.6902654867256637,23,follower,0.5254237288135594,1.0925925925925926,59.0,54.0,1.1349152542372882,31,4.133333333333334,3.4422923093291646,0.6520197727150568,5.2794293261923855,0.02892682612881651,0.1165487616748115,0.3344677509066827,0.04502128612187102,0.5773756209926,3.0018083571565515,0.12270150315946031,0.08223132130736421,0.06631748626690846
20250430_MC,kanga,MC_withDodson,0.6902654867256637,23,follower,0.5254237288135594,1.0925925925925926,59.0,54.0,1.1349152542372882,32,1.2333333333333334,2.7760277320094358,0.3836077091506436,7.236631761535541,0.023327964134533075,0.13379387435685877,0.2431629554248176,0.01714561743283537,0.43477241491263824,4.24731509580664,0.12270150315946031,0.08223132130736421,0.06631748626690846
20250430_MC,kanga,MC_withDodson,0.6902654867256637,23,follower,0.5254237288135594,1.0925925925925926,59.0,54.0,1.1349152542372882,33,1.9,5.3591096765498545,0.6839702894189296,7.835296005478123,0.0450345350970576,0.10016505190484372,0.45186483459131543,0.10150105117147375,0.15558991465318095,2.296715008912228,0.12270150315946031,0.08223132130736421,0.06631748626690846
20250430_MC,kanga,MC_withDodson,0.6902654867256637,23,follower,0.5254237288135594,1.0925925925925926,59.0,54.0,1.1349152542372882,34,1.2,4.183015537519024,0.8323293659785107,5.025673379433572,0.03515139107158844,0.120389173727277,0.3711353519154487,0.0652307427632531,0.4165136797581667,2.7535344822060766,0.12270150315946031,0.08223132130736421,0.06631748626690846
20250430_MC,kanga,MC_withDodson,0.6902654867256637,23,follower,0.5254237288135594,1.0925925925925926,59.0,54.0,1.1349152542372882,35,5.3,3.248203885602736,0.7379377748453766,4.401731414662092,0.027295830971451565,0.09734889511877358,0.2821388867110132,0.032855971194983104,0.6190282354667389,3.203590098752303,0.12270150315946031,0.08223132130736421,0.06631748626690846
20250430_MC,kanga,MC_withDodson,0.6902654867256637,23,follower,0.5254237288135594,1.0925925925925926,59.0,54.0,1.1349152542372882,36,1.3666666666666667,3.3773012373899607,0.7710826506053636,4.379947123357658,0.028380682667142526,0.10576595225168488,0.3274687176543915,0.031237333630449848,0.6892023442859196,3.195829594933007,0.12270150315946031,0.08223132130736421,0.06631748626690846
20250430_MC,kanga,MC_withDodson,0.6902654867256637,23,follower,0.5254237288135594,1.0925925925925926,59.0,54.0,1.1349152542372882,37,5.0,2.8421703224317443,0.5158981681842026,5.50916924639465,0.023883784222115498,0.13701737485948048,0.23700196234181295,0.020827265277374808,0.6319200634435477,4.109343101464147,0.12270150315946031,0.08223132130736421,0.06631748626690846
20250430_MC,kanga,MC_withDodson,0.6902654867256637,23,follower,0.5254237288135594,1.0925925925925926,59.0,54.0,1.1349152542372882,38,3.0,2.8610713556568785,0.35851769399548084,7.980279365773625,0.024042616434091415,0.12736068055371214,0.21508005416264853,0.024514181899200398,0.5615406428960411,4.76006679395405,0.12270150315946031,0.08223132130736421,0.06631748626690846
20250430_MC,kanga,MC_withDodson,0.6902654867256637,23,follower,0.5254237288135594,1.0925925925925926,59.0,54.0,1.1349152542372882,39,2.3333333333333335,2.264952948904325,0.45041564929819733,5.02858404771992,0.019033218058019538,0.11268574612440398,0.19398375602002538,0.010119406948639604,0.6788057996872565,5.208607556503843,0.12270150315946031,0.08223132130736421,0.06631748626690846
20250430_MC,kanga,MC_withDodson,0.6902654867256637,23,follower,0.5254237288135594,1.0925925925925926,59.0,54.0,1.1349152542372882,40,1.2333333333333334,1.720538636120954,0.6007213742475875,2.864120888450081,0.01445830786656264,0.154154637622425,0.15227961907044893,0.008636838208870908,1.589684589731577,7.136917408972216,0.12270150315946031,0.08223132130736421,0.06631748626690846
20250430_MC,kanga,MC_withDodson,0.6902654867256637,23,follower,0.5254237288135594,1.0925925925925926,59.0,54.0,1.1349152542372882,41,3.8666666666666667,3.2949417282270033,0.2716973093748074,12.12725196215182,0.027688585951487422,0.11871575774463443,0.24819355389445646,0.030302515224625702,0.17873568525488473,4.031277852482095,0.12270150315946031,0.08223132130736421,0.06631748626690846
20250430_MC,kanga,MC_withDodson,0.6902654867256637,23,follower,0.5254237288135594,1.0925925925925926,59.0,54.0,1.1349152542372882,42,4.6,2.8193911351929843,0.626042652724259,4.503512856391253,0.023692362480613315,0.13303343845481874,0.2745862398316648,0.0574970237612608,0.5195432750673473,3.4372567074886584,0.12270150315946031,0.08223132130736421,0.06631748626690846
20250430_MC,kanga,MC_withDodson,0.6902654867256637,23,follower,0.5254237288135594,1.0925925925925926,59.0,54.0,1.1349152542372882,43,4.0,3.424821135845813,0.24078316067247174,14.223673807922424,0.028780009544922797,0.12335438653314748,0.2741715729302899,0.008049767754551225,0.1518224730689995,3.811332865225429,0.12270150315946031,0.08223132130736421,0.06631748626690846
20250430_MC,kanga,MC_withDodson,0.6902654867256637,23,follower,0.5254237288135594,1.0925925925925926,59.0,54.0,1.1349152542372882,44,2.1333333333333333,3.5632596776393073,0.507586338932056,7.020007049709577,0.02994335863562443,0.10904128378549584,0.3000409203872281,0.03636297350776038,0.5414186080474425,3.3079437462716395,0.12270150315946031,0.08223132130736421,0.06631748626690846
20250430_MC,kanga,MC_withDodson,0.6902654867256637,23,follower,0.5254237288135594,1.0925925925925926,59.0,54.0,1.1349152542372882,45,3.066666666666667,3.959018650592854,0.44512350805116985,8.89420257295811,0.03326906429069625,0.11382372477209017,0.33808745772099175,0.04077001304437898,0.3164813447554128,3.0325670788285963,0.12270150315946031,0.08223132130736421,0.06631748626690846
20250430_MC,kanga,MC_withDodson,0.6902654867256637,23,follower,0.5254237288135594,1.0925925925925926,59.0,54.0,1.1349152542372882,46,1.6666666666666667,4.741214385640527,1.0454565889251692,4.535065765394386,0.039842137694458206,0.09355773402537995,0.41805050731347493,0.09048380477782542,0.2687422765902646,2.391290721447735,0.12270150315946031,0.08223132130736421,0.06631748626690846
20250430_MC,kanga,MC_withDodson,0.6902654867256637,23,follower,0.5254237288135594,1.0925925925925926,59.0,54.0,1.1349152542372882,47,4.7,4.575703047146218,0.5702294883440795,8.02431852557091,0.038451286110472424,0.11014739219384694,0.37890173055818305,0.04830859663448495,0.17661853655386675,2.6000156369944327,0.12270150315946031,0.08223132130736421,0.06631748626690846
20250430_MC,kanga,MC_withDodson,0.6902654867256637,23,follower,0.5254237288135594,1.0925925925925926,59.0,54.0,1.1349152542372882,48,4.9,3.0792084448942396,0.3346415059019837,9.201513830732456,0.025875701217598652,0.10560144408209203,0.2292986330387778,0.02210827578027624,0.2817397188007686,4.263505539872329,0.12270150315946031,0.08223132130736421,0.06631748626690846
20250430_MC,kanga,MC_withDodson,0.6902654867256637,23,follower,0.5254237288135594,1.0925925925925926,59.0,54.0,1.1349152542372882,49,3.6666666666666665,4.004180845359266,1.0531933632971835,3.8019427247657194,0.033648578532430806,0.09922622821210374,0.3694590001087684,0.04108023845105415,0.6718160252283261,2.5195630260396937,0.12270150315946031,0.08223132130736421,0.06631748626690846
20250430_MC,kanga,MC_withDodson,0.6902654867256637,23,follower,0.5254237288135594,1.0925925925925926,59.0,54.0,1.1349152542372882,50,4.3,3.139088300886775,0.08396379825014796,37.38621127565823,0.026378893284762818,0.11354934610430166,0.2344613926967836,0.015436986760493706,0.06880110943976339,4.271354790126627,0.12270150315946031,0.08223132130736421,0.06631748626690846
20250430_MC,kanga,MC_withDodson,0.6902654867256637,23,follower,0.5254237288135594,1.0925925925925926,59.0,54.0,1.1349152542372882,51,4.266666666666667,2.912944686886357,0.6742925457227382,4.320001318958861,0.024478526780557622,0.12526487010242632,0.25476699324328,0.03135308491473662,0.6643409119137609,4.0748673793723444,0.12270150315946031,0.08223132130736421,0.06631748626690846
20250430_MC,kanga,MC_withDodson,0.6902654867256637,23,follower,0.5254237288135594,1.0925925925925926,59.0,54.0,1.1349152542372882,52,3.3666666666666667,3.667189654650776,0.5813446056950609,6.308116767104514,0.03081671978698131,0.0936750976764187,0.3292499735238955,0.06282647098053933,0.2964702370397746,3.0460508633552608,0.12270150315946031,0.08223132130736421,0.06631748626690846
20250430_MC,kanga,MC_withDodson,0.6902654867256637,23,follower,0.5254237288135594,1.0925925925925926,59.0,54.0,1.1349152542372882,53,5.866666666666666,4.293019795310045,0.6860222920201133,6.257842996134269,0.03607579659924407,0.11117413167349866,0.35700275788386004,0.11145301754977244,0.39975098031028333,2.795127093170138,0.12270150315946031,0.08223132130736421,0.06631748626690846
20250430_MC,kanga,MC_withDodson,0.6902654867256637,23,follower,0.5254237288135594,1.0925925925925926,59.0,54.0,1.1349152542372882,54,4.666666666666667,4.192751491826667,0.4555158206706355,9.204403670664757,0.03523320581366947,0.09360809724086218,0.36340269729140245,0.0582335399693832,0.2289047557754774,2.7951958617614454,0.12270150315946031,0.08223132130736421,0.06631748626690846
20250430_MC,kanga,MC_withDodson,0.6902654867256637,23,follower,0.5254237288135594,1.0925925925925926,59.0,54.0,1.1349152542372882,55,4.633333333333334,3.872293192945738,0.18369116549533987,21.0804541552325,0.032540278932317125,0.10618003833246369,0.31338917173171427,0.024309244852333052,0.012594227093217326,3.225447356631128,0.12270150315946031,0.08223132130736421,0.06631748626690846
20250430_MC,kanga,MC_withDodson,0.6902654867256637,23,follower,0.5254237288135594,1.0925925925925926,59.0,54.0,1.1349152542372882,56,5.8,4.1183030243700225,0.4358318779993828,9.449292794447347,0.03460758844008422,0.10851866175232094,0.3239014417783958,0.06962177251467744,0.2558304417702635,3.0547850703133737,0.12270150315946031,0.08223132130736421,0.06631748626690846
20250430_MC,kanga,MC_withDodson,0.6902654867256637,23,follower,0.5254237288135594,1.0925925925925926,59.0,54.0,1.1349152542372882,57,2.7333333333333334,3.4047825482881477,0.45879766112328746,7.4210983115130125,0.028611618052841577,0.10453982751637592,0.24967164305889358,0.01599554147524112,0.31619209829007394,4.036462184944135,0.12270150315946031,0.08223132130736421,0.06631748626690846
20250430_MC,kanga,MC_withDodson,0.6902654867256637,23,follower,0.5254237288135594,1.0925925925925926,59.0,54.0,1.1349152542372882,58,6.333333333333333,3.354680643728572,0.4033686659504378,8.316661473503656,0.028190593644777915,0.10991719427899832,0.29465302115580677,0.02186611621827822,0.49507322425419986,3.3561421872706196,0.12270150315946031,0.08223132130736421,0.06631748626690846
